"../../../Engine/Plugins/Interchange/Runtime/Content/Pipelines/DefaultTexturePipeline.uasset" 0
"../../../Engine/Plugins/Interchange/Runtime/Content/Pipelines/DefaultTexturePipeline.uexp" 1
"../../../Engine/Plugins/Interchange/Runtime/Content/Pipelines/DefaultSceneLevelPipeline.uasset" 2
"../../../Engine/Plugins/Interchange/Runtime/Content/Pipelines/DefaultSceneLevelPipeline.uexp" 3
"../../../Engine/Plugins/Interchange/Runtime/Content/Pipelines/DefaultSceneAssetsPipeline.uasset" 4
"../../../Engine/Plugins/Interchange/Runtime/Content/Pipelines/DefaultSceneAssetsPipeline.uexp" 5
"../../../Engine/Plugins/Interchange/Runtime/Content/Pipelines/DefaultMaterialXPipeline.uasset" 6
"../../../Engine/Plugins/Interchange/Runtime/Content/Pipelines/DefaultMaterialXPipeline.uexp" 7
"../../../Engine/Plugins/Interchange/Runtime/Content/Pipelines/DefaultMaterialPipeline.uasset" 8
"../../../Engine/Plugins/Interchange/Runtime/Content/Pipelines/DefaultMaterialPipeline.uexp" 9
"../../../Engine/Plugins/Interchange/Runtime/Content/Pipelines/DefaultGLTFSceneAssetsPipeline.uasset" 10
"../../../Engine/Plugins/Interchange/Runtime/Content/Pipelines/DefaultGLTFSceneAssetsPipeline.uexp" 11
"../../../Engine/Plugins/Interchange/Runtime/Content/Pipelines/DefaultGLTFPipeline.uasset" 12
"../../../Engine/Plugins/Interchange/Runtime/Content/Pipelines/DefaultGLTFPipeline.uexp" 13
"../../../Engine/Plugins/Interchange/Runtime/Content/Pipelines/DefaultGLTFAssetsPipeline.uasset" 14
"../../../Engine/Plugins/Interchange/Runtime/Content/Pipelines/DefaultGLTFAssetsPipeline.uexp" 15
"../../../Engine/Plugins/Interchange/Runtime/Content/Pipelines/DefaultAssetsPipeline.uasset" 16
"../../../Engine/Plugins/Interchange/Runtime/Content/Pipelines/DefaultAssetsPipeline.uexp" 17
"../../../Engine/Plugins/Animation/ControlRig/Content/Controls/DefaultGizmoLibraryNormalized.uasset" 18
"../../../Engine/Plugins/Animation/ControlRig/Content/Controls/DefaultGizmoLibraryNormalized.uexp" 19
"../../../Engine/Content/EngineSounds/Master.uasset" 20
"../../../Engine/Content/EngineSounds/Master.uexp" 21
"../../../Engine/Content/EngineMaterials/DefaultPhysicalMaterial.uasset" 22
"../../../Engine/Content/EngineMaterials/DefaultPhysicalMaterial.uexp" 23
"../../../Engine/Content/EngineMaterials/DefaultDestructiblePhysicalMaterial.uasset" 24
"../../../Engine/Content/EngineMaterials/DefaultDestructiblePhysicalMaterial.uexp" 25
"../../../Engine/Content/EngineFonts/Faces/RobotoLight.uexp" 26
"../../../Engine/Content/EngineFonts/Faces/RobotoLight.uasset" 27
"../../../Engine/Content/EngineFonts/Faces/RobotoLight.ufont" 28
"../../../Engine/Content/EngineFonts/Faces/RobotoBold.uexp" 29
"../../../Engine/Content/EngineFonts/Faces/RobotoBold.uasset" 30
"../../../Engine/Content/EngineFonts/Faces/RobotoBold.ufont" 31
"../../../Engine/Content/EngineFonts/Faces/RobotoRegular.uexp" 32
"../../../Engine/Content/EngineFonts/Faces/RobotoRegular.uasset" 33
"../../../Engine/Content/EngineFonts/Faces/RobotoRegular.ufont" 34
"../../../Engine/Content/EngineFonts/Faces/DroidSansFallback.uexp" 35
"../../../Engine/Content/EngineFonts/Faces/DroidSansFallback.uasset" 36
"../../../Engine/Content/EngineFonts/Faces/DroidSansFallback.ufont" 37
"../../../Engine/Content/EngineFonts/Faces/RobotoItalic.uexp" 38
"../../../Engine/Content/EngineFonts/Faces/RobotoItalic.uasset" 39
"../../../Engine/Content/EngineFonts/Faces/RobotoItalic.ufont" 40
"../../../Engine/Content/EngineFonts/Faces/RobotoBoldItalic.uexp" 41
"../../../Engine/Content/EngineFonts/Faces/RobotoBoldItalic.uasset" 42
"../../../Engine/Content/EngineFonts/Faces/RobotoBoldItalic.ufont" 43
"../../../Engine/Content/EngineFonts/Roboto.uasset" 44
"../../../Engine/Content/EngineFonts/Roboto.uexp" 45
"../../../Engine/Content/MobileResources/HUD/VirtualJoystick_Background.uasset" 46
"../../../Engine/Content/MobileResources/HUD/VirtualJoystick_Background.uexp" 47
"../../../Engine/Content/MobileResources/HUD/VirtualJoystick_Thumb.uasset" 48
"../../../Engine/Content/MobileResources/HUD/VirtualJoystick_Thumb.uexp" 49
"Z:/CreationLayer/ZombieRepo/Content/FirstPerson/Input/MobileControls.uasset" 50
"Z:/CreationLayer/ZombieRepo/Content/FirstPerson/Input/MobileControls.uexp" 51
"../../../Engine/Content/EditorResources/S_Actor.ubulk" 52
"../../../Engine/Content/EditorResources/S_Actor.uasset" 53
"../../../Engine/Content/EditorResources/S_Actor.uexp" 54
"../../../Engine/Plugins/Runtime/AudioWidgets/Content/Resources/ScrubHandleDown_Clamped.uasset" 55
"../../../Engine/Plugins/Runtime/AudioWidgets/Content/Resources/ScrubHandleDown_Clamped.uexp" 56
"../../../Engine/Content/EngineResources/GradientTexture0.uasset" 57
"../../../Engine/Content/EngineResources/GradientTexture0.uexp" 58
"../../../Engine/Content/EngineResources/DefaultTexture.ubulk" 59
"../../../Engine/Content/EngineResources/DefaultTexture.uasset" 60
"../../../Engine/Content/EngineResources/DefaultTexture.uexp" 61
"../../../Engine/Content/EngineResources/Black.uasset" 62
"../../../Engine/Content/EngineResources/Black.uexp" 63
"../../../Engine/Content/EngineMaterials/PreintegratedSkinBRDF.uasset" 64
"../../../Engine/Content/EngineMaterials/PreintegratedSkinBRDF.uexp" 65
"../../../Engine/Content/EngineMaterials/MiniFont.uasset" 66
"../../../Engine/Content/EngineMaterials/MiniFont.uexp" 67
"../../../Engine/Content/EngineMaterials/FastBlueNoise_vec2_128x128x64.uasset" 68
"../../../Engine/Content/EngineMaterials/FastBlueNoise_vec2_128x128x64.uexp" 69
"../../../Engine/Content/EngineMaterials/FastBlueNoise_scalar_128x128x64.uasset" 70
"../../../Engine/Content/EngineMaterials/FastBlueNoise_scalar_128x128x64.uexp" 71
"../../../Engine/Content/EngineMaterials/DefaultWhiteGrid.ubulk" 72
"../../../Engine/Content/EngineMaterials/DefaultWhiteGrid.uasset" 73
"../../../Engine/Content/EngineMaterials/DefaultWhiteGrid.uexp" 74
"../../../Engine/Content/EngineMaterials/DefaultBokeh.uasset" 75
"../../../Engine/Content/EngineMaterials/DefaultBokeh.uexp" 76
"../../../Engine/Content/EngineMaterials/DefaultBloomKernel.uasset" 77
"../../../Engine/Content/EngineMaterials/DefaultBloomKernel.uexp" 78
"../../../Engine/Content/EngineDamageTypes/DmgTypeBP_Environmental.uasset" 79
"../../../Engine/Content/EngineDamageTypes/DmgTypeBP_Environmental.uexp" 80
"../../../Engine/Content/EditorResources/S_TriggerSphere.uasset" 81
"../../../Engine/Content/EditorResources/S_TriggerSphere.uexp" 82
"../../../Engine/Content/EditorResources/S_TriggerCapsule.uasset" 83
"../../../Engine/Content/EditorResources/S_TriggerCapsule.uexp" 84
"../../../Engine/Content/EditorResources/S_TriggerBox.uasset" 85
"../../../Engine/Content/EditorResources/S_TriggerBox.uexp" 86
"../../../Engine/Content/EditorResources/S_Trigger.ubulk" 87
"../../../Engine/Content/EditorResources/S_Trigger.uasset" 88
"../../../Engine/Content/EditorResources/S_Trigger.uexp" 89
"../../../Engine/Content/EditorResources/S_Terrain.ubulk" 90
"../../../Engine/Content/EditorResources/S_Terrain.uasset" 91
"../../../Engine/Content/EditorResources/S_Terrain.uexp" 92
"../../../Engine/Content/EditorResources/S_Solver.ubulk" 93
"../../../Engine/Content/EditorResources/S_Solver.uasset" 94
"../../../Engine/Content/EditorResources/S_Solver.uexp" 95
"../../../Engine/Content/EditorResources/S_BoxReflectionCapture.uasset" 96
"../../../Engine/Content/EditorResources/S_BoxReflectionCapture.uexp" 97
"../../../Engine/Content/EditorResources/EmptyActor.uasset" 98
"../../../Engine/Content/EditorResources/EmptyActor.uexp" 99
"../../../Engine/Content/EditorResources/BSPVertex.uasset" 100
"../../../Engine/Content/EditorResources/BSPVertex.uexp" 101
"../../../Engine/Content/EditorLandscapeResources/DefaultAlphaTexture.uasset" 102
"../../../Engine/Content/EditorLandscapeResources/DefaultAlphaTexture.uexp" 103
"../../../Engine/Content/EngineResources/FilmGrains/Marcie_Grain_v3_128_M2_000.uasset" 104
"../../../Engine/Content/EngineResources/FilmGrains/Marcie_Grain_v3_128_M2_000.uexp" 105
"../../../Engine/Content/EngineMaterials/LTC/Sheen_LTC.uasset" 106
"../../../Engine/Content/EngineMaterials/LTC/Sheen_LTC.uexp" 107
"../../../Engine/Content/EngineMaterials/LTC/GGX_LTCMat.uasset" 108
"../../../Engine/Content/EngineMaterials/LTC/GGX_LTCMat.uexp" 109
"../../../Engine/Content/EngineMaterials/LTC/GGX_LTCAmp.uasset" 110
"../../../Engine/Content/EngineMaterials/LTC/GGX_LTCAmp.uexp" 111
"../../../Engine/Content/EngineMaterials/EnergyConservation/Sheen_Energy.uasset" 112
"../../../Engine/Content/EngineMaterials/EnergyConservation/Sheen_Energy.uexp" 113
"../../../Engine/Content/EngineMaterials/EnergyConservation/SheenLegacy_Energy.uasset" 114
"../../../Engine/Content/EngineMaterials/EnergyConservation/SheenLegacy_Energy.uexp" 115
"../../../Engine/Content/EngineMaterials/EnergyConservation/GGX_TransmissionEnergyArray.uasset" 116
"../../../Engine/Content/EngineMaterials/EnergyConservation/GGX_TransmissionEnergyArray.uexp" 117
"../../../Engine/Content/EngineMaterials/EnergyConservation/GGX_ReflectionEnergy.uasset" 118
"../../../Engine/Content/EngineMaterials/EnergyConservation/GGX_ReflectionEnergy.uexp" 119
"../../../Engine/Content/EngineMaterials/EnergyConservation/Diffuse_Energy.uasset" 120
"../../../Engine/Content/EngineMaterials/EnergyConservation/Diffuse_Energy.uexp" 121
"../../../Engine/Content/EditorResources/SequenceRecorder/RecordingIndicator.uasset" 122
"../../../Engine/Content/EditorResources/SequenceRecorder/RecordingIndicator.uexp" 123
"../../../Engine/Content/EditorResources/SequenceRecorder/Countdown.uasset" 124
"../../../Engine/Content/EditorResources/SequenceRecorder/Countdown.uexp" 125
"../../../Engine/Content/EditorMaterials/ParticleSystems/PSysThumbnail_OOD.ubulk" 126
"../../../Engine/Content/EditorMaterials/ParticleSystems/PSysThumbnail_OOD.uasset" 127
"../../../Engine/Content/EditorMaterials/ParticleSystems/PSysThumbnail_OOD.uexp" 128
"../../../Engine/Content/EditorMaterials/ParticleSystems/PSysThumbnail_NoImage.ubulk" 129
"../../../Engine/Content/EditorMaterials/ParticleSystems/PSysThumbnail_NoImage.uasset" 130
"../../../Engine/Content/EditorMaterials/ParticleSystems/PSysThumbnail_NoImage.uexp" 131
"../../../Engine/Content/EngineMaterials/T_Default_Material_Grid_M.ubulk" 132
"../../../Engine/Content/EngineMaterials/T_Default_Material_Grid_M.uasset" 133
"../../../Engine/Content/EngineMaterials/T_Default_Material_Grid_M.uexp" 134
"../../../Engine/Content/EngineMaterials/T_Default_Material_Grid_N.ubulk" 135
"../../../Engine/Content/EngineMaterials/T_Default_Material_Grid_N.uasset" 136
"../../../Engine/Content/EngineMaterials/T_Default_Material_Grid_N.uexp" 137
"../../../Engine/Content/Functions/Engine_MaterialFunctions01/Opacity/CameraDepthFade.uasset" 138
"../../../Engine/Content/Functions/Engine_MaterialFunctions01/Opacity/CameraDepthFade.uexp" 139
"../../../Engine/Content/EngineMaterials/DefaultMaterial.uasset" 140
"../../../Engine/Content/EngineMaterials/DefaultMaterial.uexp" 141
"../../../Engine/Content/BasicShapes/Cone.ubulk" 142
"../../../Engine/Content/BasicShapes/Cone.uasset" 143
"../../../Engine/Content/BasicShapes/Cone.uexp" 144
"Z:/CreationLayer/ZombieRepo/Content/Sounds/SoundSource/SoundControl/SFX_SFX.uasset" 145
"Z:/CreationLayer/ZombieRepo/Content/Sounds/SoundSource/SoundControl/SFX_SFX.uexp" 146
"Z:/CreationLayer/ZombieRepo/Content/ObjectAssets/Sounds/SpeedWoosh.ubulk" 147
"Z:/CreationLayer/ZombieRepo/Content/ObjectAssets/Sounds/SpeedWoosh.uasset" 148
"Z:/CreationLayer/ZombieRepo/Content/ObjectAssets/Sounds/SpeedWoosh.uexp" 149
"Z:/CreationLayer/ZombieRepo/Content/FirstPerson/Input/Actions/IA_Slam.uasset" 150
"Z:/CreationLayer/ZombieRepo/Content/FirstPerson/Input/Actions/IA_Slam.uexp" 151
"Z:/CreationLayer/ZombieRepo/Content/FirstPerson/Input/Actions/IA_Look.uasset" 152
"Z:/CreationLayer/ZombieRepo/Content/FirstPerson/Input/Actions/IA_Look.uexp" 153
"Z:/CreationLayer/ZombieRepo/Content/ObjectAssets/Materials/M_Hud_Damage.uasset" 154
"Z:/CreationLayer/ZombieRepo/Content/ObjectAssets/Materials/M_Hud_Damage.uexp" 155
"Z:/CreationLayer/ZombieRepo/Content/ObjectAssets/Materials/M_Hud_Damage_Inst.uasset" 156
"Z:/CreationLayer/ZombieRepo/Content/ObjectAssets/Materials/M_Hud_Damage_Inst.uexp" 157
"Z:/CreationLayer/ZombieRepo/Content/LevelPrototyping/GameSave.uasset" 158
"Z:/CreationLayer/ZombieRepo/Content/LevelPrototyping/GameSave.uexp" 159
"Z:/CreationLayer/ZombieRepo/Content/Sounds/SoundSource/SoundControl/SFX_Ambioun.uasset" 160
"Z:/CreationLayer/ZombieRepo/Content/Sounds/SoundSource/SoundControl/SFX_Ambioun.uexp" 161
"Z:/CreationLayer/ZombieRepo/Content/Sounds/SoundSource/SoundControl/SFX_Music.uasset" 162
"Z:/CreationLayer/ZombieRepo/Content/Sounds/SoundSource/SoundControl/SFX_Music.uexp" 163
"Z:/CreationLayer/ZombieRepo/Content/Sounds/SoundSource/SoundControl/MainSoundMix.uasset" 164
"Z:/CreationLayer/ZombieRepo/Content/Sounds/SoundSource/SoundControl/MainSoundMix.uexp" 165
"Z:/CreationLayer/ZombieRepo/Content/WBP/HUD/WBP_PauseOptions.uasset" 166
"Z:/CreationLayer/ZombieRepo/Content/WBP/HUD/WBP_PauseOptions.uexp" 167
"Z:/CreationLayer/ZombieRepo/Content/WBP/HUD/WBP_Pause.uasset" 168
"Z:/CreationLayer/ZombieRepo/Content/WBP/HUD/WBP_Pause.uexp" 169
"Z:/CreationLayer/ZombieRepo/Content/ObjectAssets/Images/DamageDirection.uasset" 170
"Z:/CreationLayer/ZombieRepo/Content/ObjectAssets/Images/DamageDirection.uexp" 171
"../../../Engine/Content/Functions/Engine_MaterialFunctions02/Utility/BlendAngleCorrectedNormals.uasset" 172
"../../../Engine/Content/Functions/Engine_MaterialFunctions02/Utility/BlendAngleCorrectedNormals.uexp" 173
"../../../Engine/Content/Functions/MaterialLayerFunctions/MatLayerBlend_NormalBlend.uasset" 174
"../../../Engine/Content/Functions/MaterialLayerFunctions/MatLayerBlend_NormalBlend.uexp" 175
"Z:/CreationLayer/ZombieRepo/Content/ObjectAssets/FPWeapon/Materials/MaterialLayers/T_ML_Rubber_Blue_01_N.ubulk" 176
"Z:/CreationLayer/ZombieRepo/Content/ObjectAssets/FPWeapon/Materials/MaterialLayers/T_ML_Rubber_Blue_01_N.uasset" 177
"Z:/CreationLayer/ZombieRepo/Content/ObjectAssets/FPWeapon/Materials/MaterialLayers/T_ML_Rubber_Blue_01_N.uexp" 178
"Z:/CreationLayer/ZombieRepo/Content/ObjectAssets/FPWeapon/Materials/MaterialLayers/T_ML_Aluminum01_N.ubulk" 179
"Z:/CreationLayer/ZombieRepo/Content/ObjectAssets/FPWeapon/Materials/MaterialLayers/T_ML_Aluminum01_N.uasset" 180
"Z:/CreationLayer/ZombieRepo/Content/ObjectAssets/FPWeapon/Materials/MaterialLayers/T_ML_Aluminum01_N.uexp" 181
"Z:/CreationLayer/ZombieRepo/Content/ObjectAssets/FPWeapon/Materials/MaterialLayers/T_ML_Aluminum01.ubulk" 182
"Z:/CreationLayer/ZombieRepo/Content/ObjectAssets/FPWeapon/Materials/MaterialLayers/T_ML_Aluminum01.uasset" 183
"Z:/CreationLayer/ZombieRepo/Content/ObjectAssets/FPWeapon/Materials/MaterialLayers/T_ML_Aluminum01.uexp" 184
"Z:/CreationLayer/ZombieRepo/Content/ObjectAssets/FPWeapon/Materials/MaterialLayers/ML_SoftMetal_UE4.uasset" 185
"Z:/CreationLayer/ZombieRepo/Content/ObjectAssets/FPWeapon/Materials/MaterialLayers/ML_SoftMetal_UE4.uexp" 186
"../../../Engine/Content/Functions/MaterialLayerFunctions/MatLayerBlend_Simple.uasset" 187
"../../../Engine/Content/Functions/MaterialLayerFunctions/MatLayerBlend_Simple.uexp" 188
"Z:/CreationLayer/ZombieRepo/Content/ObjectAssets/FPWeapon/Textures/T_FPGun_M.ubulk" 189
"Z:/CreationLayer/ZombieRepo/Content/ObjectAssets/FPWeapon/Textures/T_FPGun_M.uasset" 190
"Z:/CreationLayer/ZombieRepo/Content/ObjectAssets/FPWeapon/Textures/T_FPGun_M.uexp" 191
"Z:/CreationLayer/ZombieRepo/Content/ObjectAssets/FPWeapon/Textures/T_FPGun_N.ubulk" 192
"Z:/CreationLayer/ZombieRepo/Content/ObjectAssets/FPWeapon/Textures/T_FPGun_N.uasset" 193
"Z:/CreationLayer/ZombieRepo/Content/ObjectAssets/FPWeapon/Textures/T_FPGun_N.uexp" 194
"Z:/CreationLayer/ZombieRepo/Content/ObjectAssets/FPWeapon/Materials/MaterialLayers/ML_Plastic_Shiny_Beige.uasset" 195
"Z:/CreationLayer/ZombieRepo/Content/ObjectAssets/FPWeapon/Materials/MaterialLayers/ML_Plastic_Shiny_Beige.uexp" 196
"Z:/CreationLayer/ZombieRepo/Content/ObjectAssets/FPWeapon/Materials/MaterialLayers/T_ML_Rubber_Blue_01_D.ubulk" 197
"Z:/CreationLayer/ZombieRepo/Content/ObjectAssets/FPWeapon/Materials/MaterialLayers/T_ML_Rubber_Blue_01_D.uasset" 198
"Z:/CreationLayer/ZombieRepo/Content/ObjectAssets/FPWeapon/Materials/MaterialLayers/T_ML_Rubber_Blue_01_D.uexp" 199
"Z:/CreationLayer/ZombieRepo/Content/ObjectAssets/FPWeapon/Materials/MaterialLayers/ML_Screen.uasset" 200
"Z:/CreationLayer/ZombieRepo/Content/ObjectAssets/FPWeapon/Materials/MaterialLayers/ML_Screen.uexp" 201
"Z:/CreationLayer/ZombieRepo/Content/ObjectAssets/FPWeapon/Materials/MaterialLayers/ML_GlossyBlack_Latex_UE4.uasset" 202
"Z:/CreationLayer/ZombieRepo/Content/ObjectAssets/FPWeapon/Materials/MaterialLayers/ML_GlossyBlack_Latex_UE4.uexp" 203
"Z:/CreationLayer/ZombieRepo/Content/ObjectAssets/FPWeapon/Materials/M_FPGun.uasset" 204
"Z:/CreationLayer/ZombieRepo/Content/ObjectAssets/FPWeapon/Materials/M_FPGun.uexp" 205
"Z:/CreationLayer/ZombieRepo/Content/ObjectAssets/FPWeapon/Mesh/SK_FPGun_Physics.uasset" 206
"Z:/CreationLayer/ZombieRepo/Content/ObjectAssets/FPWeapon/Mesh/SK_FPGun_Physics.uexp" 207
"Z:/CreationLayer/ZombieRepo/Content/ObjectAssets/FPWeapon/Mesh/SK_FPGun_Skeleton.uasset" 208
"Z:/CreationLayer/ZombieRepo/Content/ObjectAssets/FPWeapon/Mesh/SK_FPGun_Skeleton.uexp" 209
"Z:/CreationLayer/ZombieRepo/Content/ObjectAssets/FPWeapon/Mesh/SK_FPGun.uasset" 210
"Z:/CreationLayer/ZombieRepo/Content/ObjectAssets/FPWeapon/Mesh/SK_FPGun.uexp" 211
"Z:/CreationLayer/ZombieRepo/Content/FirstPerson/Input/Actions/IA_Shoot.uasset" 212
"Z:/CreationLayer/ZombieRepo/Content/FirstPerson/Input/Actions/IA_Shoot.uexp" 213
"Z:/CreationLayer/ZombieRepo/Content/FirstPerson/Input/IMC_Weapons.uasset" 214
"Z:/CreationLayer/ZombieRepo/Content/FirstPerson/Input/IMC_Weapons.uexp" 215
"Z:/CreationLayer/ZombieRepo/Content/ObjectAssets/Sounds/PistolReload.ubulk" 216
"Z:/CreationLayer/ZombieRepo/Content/ObjectAssets/Sounds/PistolReload.uasset" 217
"Z:/CreationLayer/ZombieRepo/Content/ObjectAssets/Sounds/PistolReload.uexp" 218
"../../../Engine/Content/Animation/DefaultAnimCurveCompressionSettings.uasset" 219
"../../../Engine/Content/Animation/DefaultAnimCurveCompressionSettings.uexp" 220
"../../../Engine/Content/Animation/DefaultVariableFrameStrippingSettings.uasset" 221
"../../../Engine/Content/Animation/DefaultVariableFrameStrippingSettings.uexp" 222
"Z:/CreationLayer/ZombieRepo/Content/FirstPerson/FirstPersonArms/Character/Mesh/SK_Mannequin_Arms_Skeleton.uasset" 223
"Z:/CreationLayer/ZombieRepo/Content/FirstPerson/FirstPersonArms/Character/Mesh/SK_Mannequin_Arms_Skeleton.uexp" 224
"../../../Engine/Content/Animation/DefaultAnimBoneCompressionSettings.uasset" 225
"../../../Engine/Content/Animation/DefaultAnimBoneCompressionSettings.uexp" 226
"Z:/CreationLayer/ZombieRepo/Content/FirstPerson/FirstPersonArms/Animations/FP_Rifle_Fire.uasset" 227
"Z:/CreationLayer/ZombieRepo/Content/FirstPerson/FirstPersonArms/Animations/FP_Rifle_Fire.uexp" 228
"Z:/CreationLayer/ZombieRepo/Content/FirstPerson/FirstPersonArms/Animations/FP_Rifle_Shoot_Montage.uasset" 229
"Z:/CreationLayer/ZombieRepo/Content/FirstPerson/FirstPersonArms/Animations/FP_Rifle_Shoot_Montage.uexp" 230
"Z:/CreationLayer/ZombieRepo/Content/FirstPerson/FirstPersonArms/Animations/FP_Rifle_Run.uasset" 231
"Z:/CreationLayer/ZombieRepo/Content/FirstPerson/FirstPersonArms/Animations/FP_Rifle_Run.uexp" 232
"../../../Engine/Content/Animation/DefaultRecorderBoneCompression.uasset" 233
"../../../Engine/Content/Animation/DefaultRecorderBoneCompression.uexp" 234
"Z:/CreationLayer/ZombieRepo/Content/FirstPerson/FirstPersonArms/Animations/FP_Land.uasset" 235
"Z:/CreationLayer/ZombieRepo/Content/FirstPerson/FirstPersonArms/Animations/FP_Land.uexp" 236
"Z:/CreationLayer/ZombieRepo/Content/FirstPerson/FirstPersonArms/Animations/FP_Rifle_Idle.uasset" 237
"Z:/CreationLayer/ZombieRepo/Content/FirstPerson/FirstPersonArms/Animations/FP_Rifle_Idle.uexp" 238
"Z:/CreationLayer/ZombieRepo/Content/ObjectAssets/Sounds/ShotgunFire.ubulk" 239
"Z:/CreationLayer/ZombieRepo/Content/ObjectAssets/Sounds/ShotgunFire.uasset" 240
"Z:/CreationLayer/ZombieRepo/Content/ObjectAssets/Sounds/ShotgunFire.uexp" 241
"Z:/CreationLayer/ZombieRepo/Content/FirstPerson/FirstPersonArms/Animations/FP_Rifle_Land.uasset" 242
"Z:/CreationLayer/ZombieRepo/Content/FirstPerson/FirstPersonArms/Animations/FP_Rifle_Land.uexp" 243
"Z:/CreationLayer/ZombieRepo/Content/FirstPerson/FirstPersonArms/Animations/FP_Rifle_Jump.uasset" 244
"Z:/CreationLayer/ZombieRepo/Content/FirstPerson/FirstPersonArms/Animations/FP_Rifle_Jump.uexp" 245
"Z:/CreationLayer/ZombieRepo/Content/FirstPerson/FirstPersonArms/Animations/FP_Jump.uasset" 246
"Z:/CreationLayer/ZombieRepo/Content/FirstPerson/FirstPersonArms/Animations/FP_Jump.uexp" 247
"Z:/CreationLayer/ZombieRepo/Content/ObjectAssets/Sounds/PistolFire.ubulk" 248
"Z:/CreationLayer/ZombieRepo/Content/ObjectAssets/Sounds/PistolFire.uasset" 249
"Z:/CreationLayer/ZombieRepo/Content/ObjectAssets/Sounds/PistolFire.uexp" 250
"Z:/CreationLayer/ZombieRepo/Content/FirstPerson/FirstPersonArms/Animations/FP_Rifle_Falling.uasset" 251
"Z:/CreationLayer/ZombieRepo/Content/FirstPerson/FirstPersonArms/Animations/FP_Rifle_Falling.uexp" 252
"Z:/CreationLayer/ZombieRepo/Content/FirstPerson/FirstPersonArms/Animations/FP_Run_Fwd.uasset" 253
"Z:/CreationLayer/ZombieRepo/Content/FirstPerson/FirstPersonArms/Animations/FP_Run_Fwd.uexp" 254
"Z:/CreationLayer/ZombieRepo/Content/ObjectAssets/FPWeapon/Audio/FirstPersonTemplateWeaponFire02.ubulk" 255
"Z:/CreationLayer/ZombieRepo/Content/ObjectAssets/FPWeapon/Audio/FirstPersonTemplateWeaponFire02.uasset" 256
"Z:/CreationLayer/ZombieRepo/Content/ObjectAssets/FPWeapon/Audio/FirstPersonTemplateWeaponFire02.uexp" 257
"Z:/CreationLayer/ZombieRepo/Content/FirstPerson/FirstPersonArms/Animations/FP_Idle.uasset" 258
"Z:/CreationLayer/ZombieRepo/Content/FirstPerson/FirstPersonArms/Animations/FP_Idle.uexp" 259
"Z:/CreationLayer/ZombieRepo/Content/FirstPerson/FirstPersonArms/Animations/FP_Falling.uasset" 260
"Z:/CreationLayer/ZombieRepo/Content/FirstPerson/FirstPersonArms/Animations/FP_Falling.uexp" 261
"Z:/CreationLayer/ZombieRepo/Content/FirstPerson/Blueprints/E_Guns.uasset" 262
"Z:/CreationLayer/ZombieRepo/Content/FirstPerson/Blueprints/E_Guns.uexp" 263
"Z:/CreationLayer/ZombieRepo/Content/FirstPerson/FirstPersonArms/Animations/FirstPerson_AnimBP.uasset" 264
"Z:/CreationLayer/ZombieRepo/Content/FirstPerson/FirstPersonArms/Animations/FirstPerson_AnimBP.uexp" 265
"Z:/CreationLayer/ZombieRepo/Content/FirstPerson/Input/Actions/IA_Reload.uasset" 266
"Z:/CreationLayer/ZombieRepo/Content/FirstPerson/Input/Actions/IA_Reload.uexp" 267
"Z:/CreationLayer/ZombieRepo/Content/ObjectAssets/Sounds/RifleSGReload.ubulk" 268
"Z:/CreationLayer/ZombieRepo/Content/ObjectAssets/Sounds/RifleSGReload.uasset" 269
"Z:/CreationLayer/ZombieRepo/Content/ObjectAssets/Sounds/RifleSGReload.uexp" 270
"../../../Engine/Content/VREditor/Sounds/UI/Flashlight_Switch.ubulk" 271
"../../../Engine/Content/VREditor/Sounds/UI/Flashlight_Switch.uasset" 272
"../../../Engine/Content/VREditor/Sounds/UI/Flashlight_Switch.uexp" 273
"Z:/CreationLayer/ZombieRepo/Content/FirstPerson/Blueprints/BP_Weapon_PG.uasset" 274
"Z:/CreationLayer/ZombieRepo/Content/FirstPerson/Blueprints/BP_Weapon_PG.uexp" 275
"../../../Engine/Plugins/2D/Paper2D/Content/PlaceholderTextures/DummySpriteTexture.ubulk" 276
"../../../Engine/Plugins/2D/Paper2D/Content/PlaceholderTextures/DummySpriteTexture.uasset" 277
"../../../Engine/Plugins/2D/Paper2D/Content/PlaceholderTextures/DummySpriteTexture.uexp" 278
"../../../Engine/Plugins/2D/Paper2D/Content/DefaultSpriteMaterial.uasset" 279
"../../../Engine/Plugins/2D/Paper2D/Content/DefaultSpriteMaterial.uexp" 280
"../../../Engine/Plugins/2D/Paper2D/Content/TranslucentUnlitSpriteMaterial.uasset" 281
"../../../Engine/Plugins/2D/Paper2D/Content/TranslucentUnlitSpriteMaterial.uexp" 282
"Z:/CreationLayer/ZombieRepo/Content/ObjectAssets/Images/ammo.uasset" 283
"Z:/CreationLayer/ZombieRepo/Content/ObjectAssets/Images/ammo.uexp" 284
"Z:/CreationLayer/ZombieRepo/Content/ObjectAssets/Images/ammo_Sprite_1.uasset" 285
"Z:/CreationLayer/ZombieRepo/Content/ObjectAssets/Images/ammo_Sprite_1.uexp" 286
"Z:/CreationLayer/ZombieRepo/Content/ObjectAssets/Images/ammo_Sprite_2.uasset" 287
"Z:/CreationLayer/ZombieRepo/Content/ObjectAssets/Images/ammo_Sprite_2.uexp" 288
"Z:/CreationLayer/ZombieRepo/Content/ObjectAssets/Images/ammo_Sprite_14.uasset" 289
"Z:/CreationLayer/ZombieRepo/Content/ObjectAssets/Images/ammo_Sprite_14.uexp" 290
"Z:/CreationLayer/ZombieRepo/Content/WBP/HUD/WBP_HUD.uasset" 291
"Z:/CreationLayer/ZombieRepo/Content/WBP/HUD/WBP_HUD.uexp" 292
"Z:/CreationLayer/ZombieRepo/Content/FirstPerson/FirstPersonArms/Character/Mesh/SK_Mannequin_Arms_PhysicsAsset.uasset" 293
"Z:/CreationLayer/ZombieRepo/Content/FirstPerson/FirstPersonArms/Character/Mesh/SK_Mannequin_Arms_PhysicsAsset.uexp" 294
"Z:/CreationLayer/ZombieRepo/Content/FirstPerson/FirstPersonArms/Character/Textures/Manny/T_Manny_01_CCRCCPlastic_MSK.ubulk" 295
"Z:/CreationLayer/ZombieRepo/Content/FirstPerson/FirstPersonArms/Character/Textures/Manny/T_Manny_01_CCRCCPlastic_MSK.uasset" 296
"Z:/CreationLayer/ZombieRepo/Content/FirstPerson/FirstPersonArms/Character/Textures/Manny/T_Manny_01_CCRCCPlastic_MSK.uexp" 297
"Z:/CreationLayer/ZombieRepo/Content/FirstPerson/FirstPersonArms/Character/Textures/Manny/T_Manny_01_Tan.ubulk" 298
"Z:/CreationLayer/ZombieRepo/Content/FirstPerson/FirstPersonArms/Character/Textures/Manny/T_Manny_01_Tan.uasset" 299
"Z:/CreationLayer/ZombieRepo/Content/FirstPerson/FirstPersonArms/Character/Textures/Manny/T_Manny_01_Tan.uexp" 300
"Z:/CreationLayer/ZombieRepo/Content/FirstPerson/FirstPersonArms/Character/Textures/Manny/T_Manny_01_N.ubulk" 301
"Z:/CreationLayer/ZombieRepo/Content/FirstPerson/FirstPersonArms/Character/Textures/Manny/T_Manny_01_N.uasset" 302
"Z:/CreationLayer/ZombieRepo/Content/FirstPerson/FirstPersonArms/Character/Textures/Manny/T_Manny_01_N.uexp" 303
"Z:/CreationLayer/ZombieRepo/Content/FirstPerson/FirstPersonArms/Character/Textures/Manny/T_Manny_01_ASAOPMASK_MSK.ubulk" 304
"Z:/CreationLayer/ZombieRepo/Content/FirstPerson/FirstPersonArms/Character/Textures/Manny/T_Manny_01_ASAOPMASK_MSK.uasset" 305
"Z:/CreationLayer/ZombieRepo/Content/FirstPerson/FirstPersonArms/Character/Textures/Manny/T_Manny_01_ASAOPMASK_MSK.uexp" 306
"Z:/CreationLayer/ZombieRepo/Content/FirstPerson/FirstPersonArms/Character/Textures/Manny/T_Manny_01_MSR_MSK.ubulk" 307
"Z:/CreationLayer/ZombieRepo/Content/FirstPerson/FirstPersonArms/Character/Textures/Manny/T_Manny_01_MSR_MSK.uasset" 308
"Z:/CreationLayer/ZombieRepo/Content/FirstPerson/FirstPersonArms/Character/Textures/Manny/T_Manny_01_MSR_MSK.uexp" 309
"Z:/CreationLayer/ZombieRepo/Content/FirstPerson/FirstPersonArms/Character/Textures/Manny/T_Manny_01_BN.ubulk" 310
"Z:/CreationLayer/ZombieRepo/Content/FirstPerson/FirstPersonArms/Character/Textures/Manny/T_Manny_01_BN.uasset" 311
"Z:/CreationLayer/ZombieRepo/Content/FirstPerson/FirstPersonArms/Character/Textures/Manny/T_Manny_01_BN.uexp" 312
"Z:/CreationLayer/ZombieRepo/Content/FirstPerson/FirstPersonArms/Character/Textures/Manny/T_Manny_01_D.ubulk" 313
"Z:/CreationLayer/ZombieRepo/Content/FirstPerson/FirstPersonArms/Character/Textures/Manny/T_Manny_01_D.uasset" 314
"Z:/CreationLayer/ZombieRepo/Content/FirstPerson/FirstPersonArms/Character/Textures/Manny/T_Manny_01_D.uexp" 315
"Z:/CreationLayer/ZombieRepo/Content/FirstPerson/FirstPersonArms/Character/Materials/Functions/ChromaticCurve.uasset" 316
"Z:/CreationLayer/ZombieRepo/Content/FirstPerson/FirstPersonArms/Character/Materials/Functions/ChromaticCurve.uexp" 317
"Z:/CreationLayer/ZombieRepo/Content/FirstPerson/FirstPersonArms/Character/Materials/Functions/CA_Mannequin.uasset" 318
"Z:/CreationLayer/ZombieRepo/Content/FirstPerson/FirstPersonArms/Character/Materials/Functions/CA_Mannequin.uexp" 319
"Z:/CreationLayer/ZombieRepo/Content/FirstPerson/FirstPersonArms/Character/Materials/Functions/MF_Diffraction.uasset" 320
"Z:/CreationLayer/ZombieRepo/Content/FirstPerson/FirstPersonArms/Character/Materials/Functions/MF_Diffraction.uexp" 321
"../../../Engine/Content/Functions/Engine_MaterialFunctions02/Utility/BreakOutFloat2Components.uasset" 322
"../../../Engine/Content/Functions/Engine_MaterialFunctions02/Utility/BreakOutFloat2Components.uexp" 323
"../../../Engine/Content/Functions/Engine_MaterialFunctions01/Texturing/ScaleUVsByCenter.uasset" 324
"../../../Engine/Content/Functions/Engine_MaterialFunctions01/Texturing/ScaleUVsByCenter.uexp" 325
"Z:/CreationLayer/ZombieRepo/Content/FirstPerson/FirstPersonArms/Character/Textures/Shared/T_UE_Logo_M.uasset" 326
"Z:/CreationLayer/ZombieRepo/Content/FirstPerson/FirstPersonArms/Character/Textures/Shared/T_UE_Logo_M.uexp" 327
"Z:/CreationLayer/ZombieRepo/Content/FirstPerson/FirstPersonArms/Character/Materials/Functions/MF_logo3layers.uasset" 328
"Z:/CreationLayer/ZombieRepo/Content/FirstPerson/FirstPersonArms/Character/Materials/Functions/MF_logo3layers.uexp" 329
"Z:/CreationLayer/ZombieRepo/Content/FirstPerson/FirstPersonArms/Character/Materials/Functions/ML_BaseColorFallOff.uasset" 330
"Z:/CreationLayer/ZombieRepo/Content/FirstPerson/FirstPersonArms/Character/Materials/Functions/ML_BaseColorFallOff.uexp" 331
"Z:/CreationLayer/ZombieRepo/Content/FirstPerson/FirstPersonArms/Character/Materials/M_Mannequin.uasset" 332
"Z:/CreationLayer/ZombieRepo/Content/FirstPerson/FirstPersonArms/Character/Materials/M_Mannequin.uexp" 333
"Z:/CreationLayer/ZombieRepo/Content/FirstPerson/FirstPersonArms/Character/Materials/Instances/Manny/MI_Manny_01.uasset" 334
"Z:/CreationLayer/ZombieRepo/Content/FirstPerson/FirstPersonArms/Character/Materials/Instances/Manny/MI_Manny_01.uexp" 335
"Z:/CreationLayer/ZombieRepo/Content/FirstPerson/FirstPersonArms/Character/Textures/Manny/T_Manny_02_Tan.ubulk" 336
"Z:/CreationLayer/ZombieRepo/Content/FirstPerson/FirstPersonArms/Character/Textures/Manny/T_Manny_02_Tan.uasset" 337
"Z:/CreationLayer/ZombieRepo/Content/FirstPerson/FirstPersonArms/Character/Textures/Manny/T_Manny_02_Tan.uexp" 338
"Z:/CreationLayer/ZombieRepo/Content/FirstPerson/FirstPersonArms/Character/Textures/Manny/T_Manny_02_N.ubulk" 339
"Z:/CreationLayer/ZombieRepo/Content/FirstPerson/FirstPersonArms/Character/Textures/Manny/T_Manny_02_N.uasset" 340
"Z:/CreationLayer/ZombieRepo/Content/FirstPerson/FirstPersonArms/Character/Textures/Manny/T_Manny_02_N.uexp" 341
"Z:/CreationLayer/ZombieRepo/Content/FirstPerson/FirstPersonArms/Character/Textures/Manny/T_Manny_02_MSR_MSK.ubulk" 342
"Z:/CreationLayer/ZombieRepo/Content/FirstPerson/FirstPersonArms/Character/Textures/Manny/T_Manny_02_MSR_MSK.uasset" 343
"Z:/CreationLayer/ZombieRepo/Content/FirstPerson/FirstPersonArms/Character/Textures/Manny/T_Manny_02_MSR_MSK.uexp" 344
"Z:/CreationLayer/ZombieRepo/Content/FirstPerson/FirstPersonArms/Character/Textures/Manny/T_Manny_02_CCRCCPlastic_MSK.ubulk" 345
"Z:/CreationLayer/ZombieRepo/Content/FirstPerson/FirstPersonArms/Character/Textures/Manny/T_Manny_02_CCRCCPlastic_MSK.uasset" 346
"Z:/CreationLayer/ZombieRepo/Content/FirstPerson/FirstPersonArms/Character/Textures/Manny/T_Manny_02_CCRCCPlastic_MSK.uexp" 347
"Z:/CreationLayer/ZombieRepo/Content/FirstPerson/FirstPersonArms/Character/Textures/Manny/T_Manny_02_BN.ubulk" 348
"Z:/CreationLayer/ZombieRepo/Content/FirstPerson/FirstPersonArms/Character/Textures/Manny/T_Manny_02_BN.uasset" 349
"Z:/CreationLayer/ZombieRepo/Content/FirstPerson/FirstPersonArms/Character/Textures/Manny/T_Manny_02_BN.uexp" 350
"Z:/CreationLayer/ZombieRepo/Content/FirstPerson/FirstPersonArms/Character/Textures/Manny/T_Manny_02_D.ubulk" 351
"Z:/CreationLayer/ZombieRepo/Content/FirstPerson/FirstPersonArms/Character/Textures/Manny/T_Manny_02_D.uasset" 352
"Z:/CreationLayer/ZombieRepo/Content/FirstPerson/FirstPersonArms/Character/Textures/Manny/T_Manny_02_D.uexp" 353
"Z:/CreationLayer/ZombieRepo/Content/FirstPerson/FirstPersonArms/Character/Textures/Manny/T_Manny_02_ASAOPMASK_MSK.ubulk" 354
"Z:/CreationLayer/ZombieRepo/Content/FirstPerson/FirstPersonArms/Character/Textures/Manny/T_Manny_02_ASAOPMASK_MSK.uasset" 355
"Z:/CreationLayer/ZombieRepo/Content/FirstPerson/FirstPersonArms/Character/Textures/Manny/T_Manny_02_ASAOPMASK_MSK.uexp" 356
"Z:/CreationLayer/ZombieRepo/Content/FirstPerson/FirstPersonArms/Character/Materials/Instances/Manny/MI_Manny_02.uasset" 357
"Z:/CreationLayer/ZombieRepo/Content/FirstPerson/FirstPersonArms/Character/Materials/Instances/Manny/MI_Manny_02.uexp" 358
"Z:/CreationLayer/ZombieRepo/Content/FirstPerson/FirstPersonArms/Character/Mesh/SK_Mannequin_Arms.uasset" 359
"Z:/CreationLayer/ZombieRepo/Content/FirstPerson/FirstPersonArms/Character/Mesh/SK_Mannequin_Arms.uexp" 360
"Z:/CreationLayer/ZombieRepo/Content/FirstPerson/Input/Actions/IA_Pause.uasset" 361
"Z:/CreationLayer/ZombieRepo/Content/FirstPerson/Input/Actions/IA_Pause.uexp" 362
"Z:/CreationLayer/ZombieRepo/Content/BP/Enemies/AI/Behavior/BPI_EnemyAi.uasset" 363
"Z:/CreationLayer/ZombieRepo/Content/BP/Enemies/AI/Behavior/BPI_EnemyAi.uexp" 364
"Z:/CreationLayer/ZombieRepo/Content/BP/Enemies/AI/Behavior/BT/BTTasks/BTT_FocusTarget.uasset" 365
"Z:/CreationLayer/ZombieRepo/Content/BP/Enemies/AI/Behavior/BT/BTTasks/BTT_FocusTarget.uexp" 366
"Z:/CreationLayer/ZombieRepo/Content/BP/Enemies/AI/Behavior/BT/BTTasks/BTT_ClearFocus.uasset" 367
"Z:/CreationLayer/ZombieRepo/Content/BP/Enemies/AI/Behavior/BT/BTTasks/BTT_ClearFocus.uexp" 368
"../../../Engine/Plugins/Animation/ACLPlugin/Content/ACLAnimBoneCompressionSettings.uasset" 369
"../../../Engine/Plugins/Animation/ACLPlugin/Content/ACLAnimBoneCompressionSettings.uexp" 370
"Z:/CreationLayer/ZombieRepo/Content/BP/Enemies/Meshes/CustomSmall/TZombie_Skeleton.uasset" 371
"Z:/CreationLayer/ZombieRepo/Content/BP/Enemies/Meshes/CustomSmall/TZombie_Skeleton.uexp" 372
"../../../Engine/Plugins/Animation/ACLPlugin/Content/ACLAnimCurveCompressionSettings.uasset" 373
"../../../Engine/Plugins/Animation/ACLPlugin/Content/ACLAnimCurveCompressionSettings.uexp" 374
"Z:/CreationLayer/ZombieRepo/Content/BP/Enemies/Meshes/CustomSmall/Anims/Zombie_Kicking.uasset" 375
"Z:/CreationLayer/ZombieRepo/Content/BP/Enemies/Meshes/CustomSmall/Anims/Zombie_Kicking.uexp" 376
"Z:/CreationLayer/ZombieRepo/Content/BP/Enemies/Meshes/CustomSmall/Anims/AM_ZomKick.uasset" 377
"Z:/CreationLayer/ZombieRepo/Content/BP/Enemies/Meshes/CustomSmall/Anims/AM_ZomKick.uexp" 378
"Z:/CreationLayer/ZombieRepo/Content/BP/Enemies/Meshes/CustomSmall/Anims/Idle.uasset" 379
"Z:/CreationLayer/ZombieRepo/Content/BP/Enemies/Meshes/CustomSmall/Anims/Idle.uexp" 380
"Z:/CreationLayer/ZombieRepo/Content/BP/Enemies/Meshes/CustomSmall/Anims/Run.uasset" 381
"Z:/CreationLayer/ZombieRepo/Content/BP/Enemies/Meshes/CustomSmall/Anims/Run.uexp" 382
"Z:/CreationLayer/ZombieRepo/Content/ObjectAssets/Sounds/footstep-372877.ubulk" 383
"Z:/CreationLayer/ZombieRepo/Content/ObjectAssets/Sounds/footstep-372877.uasset" 384
"Z:/CreationLayer/ZombieRepo/Content/ObjectAssets/Sounds/footstep-372877.uexp" 385
"Z:/CreationLayer/ZombieRepo/Content/ObjectAssets/Sounds/footstep-372877_Cue.uasset" 386
"Z:/CreationLayer/ZombieRepo/Content/ObjectAssets/Sounds/footstep-372877_Cue.uexp" 387
"Z:/CreationLayer/ZombieRepo/Content/BP/Enemies/Meshes/CustomSmall/Anims/Injured_Run_Jump.uasset" 388
"Z:/CreationLayer/ZombieRepo/Content/BP/Enemies/Meshes/CustomSmall/Anims/Injured_Run_Jump.uexp" 389
"Z:/CreationLayer/ZombieRepo/Content/Sounds/SoundSource/RegZWalk.ubulk" 390
"Z:/CreationLayer/ZombieRepo/Content/Sounds/SoundSource/RegZWalk.uasset" 391
"Z:/CreationLayer/ZombieRepo/Content/Sounds/SoundSource/RegZWalk.uexp" 392
"Z:/CreationLayer/ZombieRepo/Content/Sounds/SoundCue/RegZWalk_Cue.uasset" 393
"Z:/CreationLayer/ZombieRepo/Content/Sounds/SoundCue/RegZWalk_Cue.uexp" 394
"Z:/CreationLayer/ZombieRepo/Content/BP/Enemies/Anims/ABPs/ABP_TZombie.uasset" 395
"Z:/CreationLayer/ZombieRepo/Content/BP/Enemies/Anims/ABPs/ABP_TZombie.uexp" 396
"Z:/CreationLayer/ZombieRepo/Content/BP/Enemies/Meshes/CustomTank/Tex/SM_Tankzomb_belt_Metallic.ubulk" 397
"Z:/CreationLayer/ZombieRepo/Content/BP/Enemies/Meshes/CustomTank/Tex/SM_Tankzomb_belt_Metallic.uasset" 398
"Z:/CreationLayer/ZombieRepo/Content/BP/Enemies/Meshes/CustomTank/Tex/SM_Tankzomb_belt_Metallic.uexp" 399
"../../../Engine/Content/ArtTools/RenderToTexture/Textures/127grey.uasset" 400
"../../../Engine/Content/ArtTools/RenderToTexture/Textures/127grey.uexp" 401
"../../../Engine/Content/Functions/Engine_MaterialFunctions02/PivotPainter2/Black_1x1_EXR_Texture.uasset" 402
"../../../Engine/Content/Functions/Engine_MaterialFunctions02/PivotPainter2/Black_1x1_EXR_Texture.uexp" 403
"Z:/CreationLayer/ZombieRepo/Content/ObjectAssets/Materials/M_master.uasset" 404
"Z:/CreationLayer/ZombieRepo/Content/ObjectAssets/Materials/M_master.uexp" 405
"Z:/CreationLayer/ZombieRepo/Content/BP/Enemies/Meshes/CustomTank/Tex/SM_Tankzomb_belt_Height.ubulk" 406
"Z:/CreationLayer/ZombieRepo/Content/BP/Enemies/Meshes/CustomTank/Tex/SM_Tankzomb_belt_Height.uasset" 407
"Z:/CreationLayer/ZombieRepo/Content/BP/Enemies/Meshes/CustomTank/Tex/SM_Tankzomb_belt_Height.uexp" 408
"Z:/CreationLayer/ZombieRepo/Content/BP/Enemies/Meshes/CustomTank/Tex/SM_Tankzomb_belt_Roughness.ubulk" 409
"Z:/CreationLayer/ZombieRepo/Content/BP/Enemies/Meshes/CustomTank/Tex/SM_Tankzomb_belt_Roughness.uasset" 410
"Z:/CreationLayer/ZombieRepo/Content/BP/Enemies/Meshes/CustomTank/Tex/SM_Tankzomb_belt_Roughness.uexp" 411
"Z:/CreationLayer/ZombieRepo/Content/BP/Enemies/Meshes/CustomSmall/Tex/skin.uasset" 412
"Z:/CreationLayer/ZombieRepo/Content/BP/Enemies/Meshes/CustomSmall/Tex/skin.uexp" 413
"Z:/CreationLayer/ZombieRepo/Content/BP/Enemies/Meshes/CustomSmall/Tex/MI_Skin.uasset" 414
"Z:/CreationLayer/ZombieRepo/Content/BP/Enemies/Meshes/CustomSmall/Tex/MI_Skin.uexp" 415
"Z:/CreationLayer/ZombieRepo/Content/BP/Enemies/Meshes/CustomTank/Tex/SM_Tankzomb_shoes_BaseColor.ubulk" 416
"Z:/CreationLayer/ZombieRepo/Content/BP/Enemies/Meshes/CustomTank/Tex/SM_Tankzomb_shoes_BaseColor.uasset" 417
"Z:/CreationLayer/ZombieRepo/Content/BP/Enemies/Meshes/CustomTank/Tex/SM_Tankzomb_shoes_BaseColor.uexp" 418
"Z:/CreationLayer/ZombieRepo/Content/BP/Enemies/Meshes/CustomTank/Tex/SM_Tankzomb_shoes_Normal.ubulk" 419
"Z:/CreationLayer/ZombieRepo/Content/BP/Enemies/Meshes/CustomTank/Tex/SM_Tankzomb_shoes_Normal.uasset" 420
"Z:/CreationLayer/ZombieRepo/Content/BP/Enemies/Meshes/CustomTank/Tex/SM_Tankzomb_shoes_Normal.uexp" 421
"Z:/CreationLayer/ZombieRepo/Content/BP/Enemies/Meshes/CustomTank/Tex/SM_Tankzomb_shoes_Height.ubulk" 422
"Z:/CreationLayer/ZombieRepo/Content/BP/Enemies/Meshes/CustomTank/Tex/SM_Tankzomb_shoes_Height.uasset" 423
"Z:/CreationLayer/ZombieRepo/Content/BP/Enemies/Meshes/CustomTank/Tex/SM_Tankzomb_shoes_Height.uexp" 424
"Z:/CreationLayer/ZombieRepo/Content/BP/Enemies/Meshes/CustomTank/Tex/SM_Tankzomb_shoes_Roughness.ubulk" 425
"Z:/CreationLayer/ZombieRepo/Content/BP/Enemies/Meshes/CustomTank/Tex/SM_Tankzomb_shoes_Roughness.uasset" 426
"Z:/CreationLayer/ZombieRepo/Content/BP/Enemies/Meshes/CustomTank/Tex/SM_Tankzomb_shoes_Roughness.uexp" 427
"Z:/CreationLayer/ZombieRepo/Content/BP/Enemies/Meshes/CustomTank/Tex/SM_Tankzomb_shoes_Metallic.ubulk" 428
"Z:/CreationLayer/ZombieRepo/Content/BP/Enemies/Meshes/CustomTank/Tex/SM_Tankzomb_shoes_Metallic.uasset" 429
"Z:/CreationLayer/ZombieRepo/Content/BP/Enemies/Meshes/CustomTank/Tex/SM_Tankzomb_shoes_Metallic.uexp" 430
"Z:/CreationLayer/ZombieRepo/Content/BP/Enemies/Meshes/CustomTank/MI_Shoes.uasset" 431
"Z:/CreationLayer/ZombieRepo/Content/BP/Enemies/Meshes/CustomTank/MI_Shoes.uexp" 432
"Z:/CreationLayer/ZombieRepo/Content/BP/Enemies/Meshes/CustomSmall/Tex/plaidegreen.uasset" 433
"Z:/CreationLayer/ZombieRepo/Content/BP/Enemies/Meshes/CustomSmall/Tex/plaidegreen.uexp" 434
"Z:/CreationLayer/ZombieRepo/Content/BP/Enemies/Meshes/CustomSmall/Tex/MI_Plaid.uasset" 435
"Z:/CreationLayer/ZombieRepo/Content/BP/Enemies/Meshes/CustomSmall/Tex/MI_Plaid.uexp" 436
"Z:/CreationLayer/ZombieRepo/Content/BP/Enemies/Meshes/CustomTank/Tex/SM_Tankzomb_torso_Roughness.ubulk" 437
"Z:/CreationLayer/ZombieRepo/Content/BP/Enemies/Meshes/CustomTank/Tex/SM_Tankzomb_torso_Roughness.uasset" 438
"Z:/CreationLayer/ZombieRepo/Content/BP/Enemies/Meshes/CustomTank/Tex/SM_Tankzomb_torso_Roughness.uexp" 439
"Z:/CreationLayer/ZombieRepo/Content/BP/Enemies/Meshes/CustomTank/Tex/SM_Tankzomb_torso_BaseColor.ubulk" 440
"Z:/CreationLayer/ZombieRepo/Content/BP/Enemies/Meshes/CustomTank/Tex/SM_Tankzomb_torso_BaseColor.uasset" 441
"Z:/CreationLayer/ZombieRepo/Content/BP/Enemies/Meshes/CustomTank/Tex/SM_Tankzomb_torso_BaseColor.uexp" 442
"Z:/CreationLayer/ZombieRepo/Content/BP/Enemies/Meshes/CustomTank/Tex/SM_Tankzombs_torso_Normal.ubulk" 443
"Z:/CreationLayer/ZombieRepo/Content/BP/Enemies/Meshes/CustomTank/Tex/SM_Tankzombs_torso_Normal.uasset" 444
"Z:/CreationLayer/ZombieRepo/Content/BP/Enemies/Meshes/CustomTank/Tex/SM_Tankzombs_torso_Normal.uexp" 445
"Z:/CreationLayer/ZombieRepo/Content/BP/Enemies/Meshes/CustomTank/Tex/SM_Tankzomb_torso_Height.ubulk" 446
"Z:/CreationLayer/ZombieRepo/Content/BP/Enemies/Meshes/CustomTank/Tex/SM_Tankzomb_torso_Height.uasset" 447
"Z:/CreationLayer/ZombieRepo/Content/BP/Enemies/Meshes/CustomTank/Tex/SM_Tankzomb_torso_Height.uexp" 448
"Z:/CreationLayer/ZombieRepo/Content/BP/Enemies/Meshes/CustomTank/Tex/SM_Tankzomb_torso_Metallic.ubulk" 449
"Z:/CreationLayer/ZombieRepo/Content/BP/Enemies/Meshes/CustomTank/Tex/SM_Tankzomb_torso_Metallic.uasset" 450
"Z:/CreationLayer/ZombieRepo/Content/BP/Enemies/Meshes/CustomTank/Tex/SM_Tankzomb_torso_Metallic.uexp" 451
"Z:/CreationLayer/ZombieRepo/Content/BP/Enemies/Meshes/CustomTank/MI_Torso.uasset" 452
"Z:/CreationLayer/ZombieRepo/Content/BP/Enemies/Meshes/CustomTank/MI_Torso.uexp" 453
"Z:/CreationLayer/ZombieRepo/Content/BP/Enemies/Meshes/CustomTank/Tex/SM_Tankzomb_pants_BaseColor.ubulk" 454
"Z:/CreationLayer/ZombieRepo/Content/BP/Enemies/Meshes/CustomTank/Tex/SM_Tankzomb_pants_BaseColor.uasset" 455
"Z:/CreationLayer/ZombieRepo/Content/BP/Enemies/Meshes/CustomTank/Tex/SM_Tankzomb_pants_BaseColor.uexp" 456
"Z:/CreationLayer/ZombieRepo/Content/BP/Enemies/Meshes/CustomTank/Tex/SM_Tankzomb_pants_Height.ubulk" 457
"Z:/CreationLayer/ZombieRepo/Content/BP/Enemies/Meshes/CustomTank/Tex/SM_Tankzomb_pants_Height.uasset" 458
"Z:/CreationLayer/ZombieRepo/Content/BP/Enemies/Meshes/CustomTank/Tex/SM_Tankzomb_pants_Height.uexp" 459
"Z:/CreationLayer/ZombieRepo/Content/BP/Enemies/Meshes/CustomTank/Tex/SM_Tankzomb_pants_Roughness.ubulk" 460
"Z:/CreationLayer/ZombieRepo/Content/BP/Enemies/Meshes/CustomTank/Tex/SM_Tankzomb_pants_Roughness.uasset" 461
"Z:/CreationLayer/ZombieRepo/Content/BP/Enemies/Meshes/CustomTank/Tex/SM_Tankzomb_pants_Roughness.uexp" 462
"Z:/CreationLayer/ZombieRepo/Content/BP/Enemies/Meshes/CustomTank/Tex/SM_Tankzomb_pants_Normal.ubulk" 463
"Z:/CreationLayer/ZombieRepo/Content/BP/Enemies/Meshes/CustomTank/Tex/SM_Tankzomb_pants_Normal.uasset" 464
"Z:/CreationLayer/ZombieRepo/Content/BP/Enemies/Meshes/CustomTank/Tex/SM_Tankzomb_pants_Normal.uexp" 465
"Z:/CreationLayer/ZombieRepo/Content/BP/Enemies/Meshes/CustomTank/Tex/SM_Tankzomb_pants_Metallic.ubulk" 466
"Z:/CreationLayer/ZombieRepo/Content/BP/Enemies/Meshes/CustomTank/Tex/SM_Tankzomb_pants_Metallic.uasset" 467
"Z:/CreationLayer/ZombieRepo/Content/BP/Enemies/Meshes/CustomTank/Tex/SM_Tankzomb_pants_Metallic.uexp" 468
"Z:/CreationLayer/ZombieRepo/Content/BP/Enemies/Meshes/CustomTank/MI_Pants.uasset" 469
"Z:/CreationLayer/ZombieRepo/Content/BP/Enemies/Meshes/CustomTank/MI_Pants.uexp" 470
"Z:/CreationLayer/ZombieRepo/Content/BP/Enemies/Meshes/CustomSmall/TZombie_PhysicsAsset.uasset" 471
"Z:/CreationLayer/ZombieRepo/Content/BP/Enemies/Meshes/CustomSmall/TZombie_PhysicsAsset.uexp" 472
"Z:/CreationLayer/ZombieRepo/Content/BP/Enemies/Meshes/CustomSmall/TZombie.uasset" 473
"Z:/CreationLayer/ZombieRepo/Content/BP/Enemies/Meshes/CustomSmall/TZombie.uexp" 474
"Z:/CreationLayer/ZombieRepo/Content/BP/Enemies/Meshes/CustomSmall/Anims/Zombie_Attack.uasset" 475
"Z:/CreationLayer/ZombieRepo/Content/BP/Enemies/Meshes/CustomSmall/Anims/Zombie_Attack.uexp" 476
"Z:/CreationLayer/ZombieRepo/Content/BP/Enemies/Meshes/CustomSmall/Anims/AM_ZomAtk1.uasset" 477
"Z:/CreationLayer/ZombieRepo/Content/BP/Enemies/Meshes/CustomSmall/Anims/AM_ZomAtk1.uexp" 478
"Z:/CreationLayer/ZombieRepo/Content/BP/Enemies/AI/Zombie/BP_ZombieBase.uasset" 479
"Z:/CreationLayer/ZombieRepo/Content/BP/Enemies/AI/Zombie/BP_ZombieBase.uexp" 480
"Z:/CreationLayer/ZombieRepo/Content/BP/Enemies/AI/Behavior/BT/BTTasks/BTT_Attack2.uasset" 481
"Z:/CreationLayer/ZombieRepo/Content/BP/Enemies/AI/Behavior/BT/BTTasks/BTT_Attack2.uexp" 482
"../../../Engine/Content/EngineMaterials/WorldGridMaterial.uasset" 483
"../../../Engine/Content/EngineMaterials/WorldGridMaterial.uexp" 484
"../../../Engine/Content/BasicShapes/Cube.ubulk" 485
"../../../Engine/Content/BasicShapes/Cube.uasset" 486
"../../../Engine/Content/BasicShapes/Cube.uexp" 487
"../../../Engine/Content/EngineDebugMaterials/HeatmapGradient.ubulk" 488
"../../../Engine/Content/EngineDebugMaterials/HeatmapGradient.uasset" 489
"../../../Engine/Content/EngineDebugMaterials/HeatmapGradient.uexp" 490
"../../../Engine/Content/EngineDebugMaterials/BoneWeightMaterial.uasset" 491
"../../../Engine/Content/EngineDebugMaterials/BoneWeightMaterial.uexp" 492
"Z:/CreationLayer/ZombieRepo/Content/ObjectAssets/Sounds/ElectroBell.ubulk" 493
"Z:/CreationLayer/ZombieRepo/Content/ObjectAssets/Sounds/ElectroBell.uasset" 494
"Z:/CreationLayer/ZombieRepo/Content/ObjectAssets/Sounds/ElectroBell.uexp" 495
"Z:/CreationLayer/ZombieRepo/Content/BP/Objects/BP_Objective.uasset" 496
"Z:/CreationLayer/ZombieRepo/Content/BP/Objects/BP_Objective.uexp" 497
"Z:/CreationLayer/ZombieRepo/Content/BP/Enemies/AI/Behavior/BD/BD_ZombieBase.uasset" 498
"Z:/CreationLayer/ZombieRepo/Content/BP/Enemies/AI/Behavior/BD/BD_ZombieBase.uexp" 499
"Z:/CreationLayer/ZombieRepo/Content/BP/Enemies/AI/Behavior/BT/BTTasks/BTT_DefaultAttack.uasset" 500
"Z:/CreationLayer/ZombieRepo/Content/BP/Enemies/AI/Behavior/BT/BTTasks/BTT_DefaultAttack.uexp" 501
"Z:/CreationLayer/ZombieRepo/Content/BP/Enemies/AI/Behavior/BT/BT_ZombieBase.uasset" 502
"Z:/CreationLayer/ZombieRepo/Content/BP/Enemies/AI/Behavior/BT/BT_ZombieBase.uexp" 503
"Z:/CreationLayer/ZombieRepo/Content/BP/Enemies/AI/Behavior/Controller/AIC_ZombieBase.uasset" 504
"Z:/CreationLayer/ZombieRepo/Content/BP/Enemies/AI/Behavior/Controller/AIC_ZombieBase.uexp" 505
"Z:/CreationLayer/ZombieRepo/Content/BP/Enemies/Meshes/Zombie_Idle_Skeleton.uasset" 506
"Z:/CreationLayer/ZombieRepo/Content/BP/Enemies/Meshes/Zombie_Idle_Skeleton.uexp" 507
"Z:/CreationLayer/ZombieRepo/Content/BP/Enemies/Anims/Zombie_Running.uasset" 508
"Z:/CreationLayer/ZombieRepo/Content/BP/Enemies/Anims/Zombie_Running.uexp" 509
"Z:/CreationLayer/ZombieRepo/Content/BP/Enemies/Anims/Zombie_Idle_Anim.uasset" 510
"Z:/CreationLayer/ZombieRepo/Content/BP/Enemies/Anims/Zombie_Idle_Anim.uexp" 511
"Z:/CreationLayer/ZombieRepo/Content/BP/Enemies/Anims/ABPs/ABP_Zombie.uasset" 512
"Z:/CreationLayer/ZombieRepo/Content/BP/Enemies/Anims/ABPs/ABP_Zombie.uexp" 513
"Z:/CreationLayer/ZombieRepo/Content/BP/Enemies/Meshes/Zombie_Idle_PhysicsAsset.uasset" 514
"Z:/CreationLayer/ZombieRepo/Content/BP/Enemies/Meshes/Zombie_Idle_PhysicsAsset.uexp" 515
"Z:/CreationLayer/ZombieRepo/Content/BP/Enemies/Meshes/Ch10_1002_Normal.ubulk" 516
"Z:/CreationLayer/ZombieRepo/Content/BP/Enemies/Meshes/Ch10_1002_Normal.uasset" 517
"Z:/CreationLayer/ZombieRepo/Content/BP/Enemies/Meshes/Ch10_1002_Normal.uexp" 518
"../../../Engine/Plugins/Interchange/Assets/Content/Functions/MF_PhongToMetalRoughness.uasset" 519
"../../../Engine/Plugins/Interchange/Assets/Content/Functions/MF_PhongToMetalRoughness.uexp" 520
"Z:/CreationLayer/ZombieRepo/Content/BP/Enemies/Meshes/Ch10_1002_Specular.ubulk" 521
"Z:/CreationLayer/ZombieRepo/Content/BP/Enemies/Meshes/Ch10_1002_Specular.uasset" 522
"Z:/CreationLayer/ZombieRepo/Content/BP/Enemies/Meshes/Ch10_1002_Specular.uexp" 523
"Z:/CreationLayer/ZombieRepo/Content/BP/Enemies/Meshes/Ch10_1002_Glossiness.ubulk" 524
"Z:/CreationLayer/ZombieRepo/Content/BP/Enemies/Meshes/Ch10_1002_Glossiness.uasset" 525
"Z:/CreationLayer/ZombieRepo/Content/BP/Enemies/Meshes/Ch10_1002_Glossiness.uexp" 526
"Z:/CreationLayer/ZombieRepo/Content/BP/Enemies/Meshes/Ch10_1002_Diffuse.ubulk" 527
"Z:/CreationLayer/ZombieRepo/Content/BP/Enemies/Meshes/Ch10_1002_Diffuse.uasset" 528
"Z:/CreationLayer/ZombieRepo/Content/BP/Enemies/Meshes/Ch10_1002_Diffuse.uexp" 529
"Z:/CreationLayer/ZombieRepo/Content/BP/Enemies/Meshes/Ch10_body1.uasset" 530
"Z:/CreationLayer/ZombieRepo/Content/BP/Enemies/Meshes/Ch10_body1.uexp" 531
"Z:/CreationLayer/ZombieRepo/Content/BP/Enemies/Meshes/Ch10_1001_Normal.ubulk" 532
"Z:/CreationLayer/ZombieRepo/Content/BP/Enemies/Meshes/Ch10_1001_Normal.uasset" 533
"Z:/CreationLayer/ZombieRepo/Content/BP/Enemies/Meshes/Ch10_1001_Normal.uexp" 534
"Z:/CreationLayer/ZombieRepo/Content/BP/Enemies/Meshes/Ch10_1001_Glossiness.ubulk" 535
"Z:/CreationLayer/ZombieRepo/Content/BP/Enemies/Meshes/Ch10_1001_Glossiness.uasset" 536
"Z:/CreationLayer/ZombieRepo/Content/BP/Enemies/Meshes/Ch10_1001_Glossiness.uexp" 537
"Z:/CreationLayer/ZombieRepo/Content/BP/Enemies/Meshes/Ch10_1001_Specular.ubulk" 538
"Z:/CreationLayer/ZombieRepo/Content/BP/Enemies/Meshes/Ch10_1001_Specular.uasset" 539
"Z:/CreationLayer/ZombieRepo/Content/BP/Enemies/Meshes/Ch10_1001_Specular.uexp" 540
"Z:/CreationLayer/ZombieRepo/Content/BP/Enemies/Meshes/Ch10_1001_Diffuse.ubulk" 541
"Z:/CreationLayer/ZombieRepo/Content/BP/Enemies/Meshes/Ch10_1001_Diffuse.uasset" 542
"Z:/CreationLayer/ZombieRepo/Content/BP/Enemies/Meshes/Ch10_1001_Diffuse.uexp" 543
"Z:/CreationLayer/ZombieRepo/Content/BP/Enemies/Meshes/Ch10_body.uasset" 544
"Z:/CreationLayer/ZombieRepo/Content/BP/Enemies/Meshes/Ch10_body.uexp" 545
"Z:/CreationLayer/ZombieRepo/Content/BP/Enemies/Meshes/Zombie_Idle.uasset" 546
"Z:/CreationLayer/ZombieRepo/Content/BP/Enemies/Meshes/Zombie_Idle.uexp" 547
"Z:/CreationLayer/ZombieRepo/Content/BP/Pooled/BP_PooledCharacter.uasset" 548
"Z:/CreationLayer/ZombieRepo/Content/BP/Pooled/BP_PooledCharacter.uexp" 549
"Z:/CreationLayer/ZombieRepo/Content/FirstPerson/Input/Actions/IA_Move.uasset" 550
"Z:/CreationLayer/ZombieRepo/Content/FirstPerson/Input/Actions/IA_Move.uexp" 551
"Z:/CreationLayer/ZombieRepo/Content/FirstPerson/Input/Actions/IA_Dash.uasset" 552
"Z:/CreationLayer/ZombieRepo/Content/FirstPerson/Input/Actions/IA_Dash.uexp" 553
"Z:/CreationLayer/ZombieRepo/Content/FirstPerson/Input/Actions/IA_Heal.uasset" 554
"Z:/CreationLayer/ZombieRepo/Content/FirstPerson/Input/Actions/IA_Heal.uexp" 555
"Z:/CreationLayer/ZombieRepo/Content/FirstPerson/Input/Actions/IA_Jump.uasset" 556
"Z:/CreationLayer/ZombieRepo/Content/FirstPerson/Input/Actions/IA_Jump.uexp" 557
"Z:/CreationLayer/ZombieRepo/Content/FirstPerson/Input/IMC_Default.uasset" 558
"Z:/CreationLayer/ZombieRepo/Content/FirstPerson/Input/IMC_Default.uexp" 559
"../../../Engine/Content/BasicShapes/Sphere.ubulk" 560
"../../../Engine/Content/BasicShapes/Sphere.uasset" 561
"../../../Engine/Content/BasicShapes/Sphere.uexp" 562
"Z:/CreationLayer/ZombieRepo/Content/FirstPerson/Blueprints/Gamemode.uasset" 563
"Z:/CreationLayer/ZombieRepo/Content/FirstPerson/Blueprints/Gamemode.uexp" 564
"Z:/CreationLayer/ZombieRepo/Content/BP/Pooled/AC_CharacterPool.uasset" 565
"Z:/CreationLayer/ZombieRepo/Content/BP/Pooled/AC_CharacterPool.uexp" 566
"Z:/CreationLayer/ZombieRepo/Content/BP/Enemies/AI/Behavior/Controller/AIC_Quickster.uasset" 567
"Z:/CreationLayer/ZombieRepo/Content/BP/Enemies/AI/Behavior/Controller/AIC_Quickster.uexp" 568
"Z:/CreationLayer/ZombieRepo/Content/BP/Enemies/Anims/NormalZ/Running_Crawl.uasset" 569
"Z:/CreationLayer/ZombieRepo/Content/BP/Enemies/Anims/NormalZ/Running_Crawl.uexp" 570
"Z:/CreationLayer/ZombieRepo/Content/Sounds/SoundSource/FastChase.ubulk" 571
"Z:/CreationLayer/ZombieRepo/Content/Sounds/SoundSource/FastChase.uasset" 572
"Z:/CreationLayer/ZombieRepo/Content/Sounds/SoundSource/FastChase.uexp" 573
"Z:/CreationLayer/ZombieRepo/Content/Sounds/SoundCue/FastChase_Cue.uasset" 574
"Z:/CreationLayer/ZombieRepo/Content/Sounds/SoundCue/FastChase_Cue.uexp" 575
"Z:/CreationLayer/ZombieRepo/Content/BP/Enemies/Anims/ABPs/ABP_TZombieQuicksta.uasset" 576
"Z:/CreationLayer/ZombieRepo/Content/BP/Enemies/Anims/ABPs/ABP_TZombieQuicksta.uexp" 577
"Z:/CreationLayer/ZombieRepo/Content/BP/Enemies/Meshes/CustomSmall/Tex/MI_PlaidYellow.uasset" 578
"Z:/CreationLayer/ZombieRepo/Content/BP/Enemies/Meshes/CustomSmall/Tex/MI_PlaidYellow.uexp" 579
"Z:/CreationLayer/ZombieRepo/Content/Sounds/SoundSource/FastExplode.ubulk" 580
"Z:/CreationLayer/ZombieRepo/Content/Sounds/SoundSource/FastExplode.uasset" 581
"Z:/CreationLayer/ZombieRepo/Content/Sounds/SoundSource/FastExplode.uexp" 582
"Z:/CreationLayer/ZombieRepo/Content/Sounds/SoundCue/FastExplode_Cue.uasset" 583
"Z:/CreationLayer/ZombieRepo/Content/Sounds/SoundCue/FastExplode_Cue.uexp" 584
"../../../Engine/Content/Functions/Engine_MaterialFunctions02/Utility/BreakOutFloat3Components.uasset" 585
"../../../Engine/Content/Functions/Engine_MaterialFunctions02/Utility/BreakOutFloat3Components.uexp" 586
"../../../Engine/Content/Functions/Engine_MaterialFunctions02/Math/Transform3x3Matrix.uasset" 587
"../../../Engine/Content/Functions/Engine_MaterialFunctions02/Math/Transform3x3Matrix.uexp" 588
"../../../Engine/Content/Functions/Engine_MaterialFunctions02/SplitComponents.uasset" 589
"../../../Engine/Content/Functions/Engine_MaterialFunctions02/SplitComponents.uexp" 590
"../../../Engine/Content/Functions/Engine_MaterialFunctions02/Utility/MakeFloat3.uasset" 591
"../../../Engine/Content/Functions/Engine_MaterialFunctions02/Utility/MakeFloat3.uexp" 592
"../../../Engine/Content/VREditor/SnapGrid/SnapGridMaterial.uasset" 593
"../../../Engine/Content/VREditor/SnapGrid/SnapGridMaterial.uexp" 594
"Z:/CreationLayer/ZombieRepo/Content/BP/Enemies/Meshes/CustomSmall/Anims/Standing_Dive_Forward.uasset" 595
"Z:/CreationLayer/ZombieRepo/Content/BP/Enemies/Meshes/CustomSmall/Anims/Standing_Dive_Forward.uexp" 596
"Z:/CreationLayer/ZombieRepo/Content/BP/Enemies/Meshes/CustomSmall/Anims/AM_Roll.uasset" 597
"Z:/CreationLayer/ZombieRepo/Content/BP/Enemies/Meshes/CustomSmall/Anims/AM_Roll.uexp" 598
"Z:/CreationLayer/ZombieRepo/Content/BP/Enemies/AI/Zombie/BP_Quickster.uasset" 599
"Z:/CreationLayer/ZombieRepo/Content/BP/Enemies/AI/Zombie/BP_Quickster.uexp" 600
"Z:/CreationLayer/ZombieRepo/Content/BP/Enemies/AI/Behavior/Controller/AIC_ZombieSeeker.uasset" 601
"Z:/CreationLayer/ZombieRepo/Content/BP/Enemies/AI/Behavior/Controller/AIC_ZombieSeeker.uexp" 602
"Z:/CreationLayer/ZombieRepo/Content/BP/Enemies/Meshes/CustomSmall/Tex/MI_PlaidRed.uasset" 603
"Z:/CreationLayer/ZombieRepo/Content/BP/Enemies/Meshes/CustomSmall/Tex/MI_PlaidRed.uexp" 604
"Z:/CreationLayer/ZombieRepo/Content/BP/Enemies/AI/BigZombie/BP_ZombieSeeker.uasset" 605
"Z:/CreationLayer/ZombieRepo/Content/BP/Enemies/AI/BigZombie/BP_ZombieSeeker.uexp" 606
"Z:/CreationLayer/ZombieRepo/Content/BP/Enemies/Meshes/CustomTank/TankMesh_Skeleton.uasset" 607
"Z:/CreationLayer/ZombieRepo/Content/BP/Enemies/Meshes/CustomTank/TankMesh_Skeleton.uexp" 608
"Z:/CreationLayer/ZombieRepo/Content/BP/Enemies/Anims/Tank/Mutant_Swiping.uasset" 609
"Z:/CreationLayer/ZombieRepo/Content/BP/Enemies/Anims/Tank/Mutant_Swiping.uexp" 610
"Z:/CreationLayer/ZombieRepo/Content/BP/Enemies/Anims/Tank/Mutant_Swiping_Montage.uasset" 611
"Z:/CreationLayer/ZombieRepo/Content/BP/Enemies/Anims/Tank/Mutant_Swiping_Montage.uexp" 612
"../../../Engine/Content/EditorResources/FieldNodes/_Resources/M_FieldVolumePreview.uasset" 613
"../../../Engine/Content/EditorResources/FieldNodes/_Resources/M_FieldVolumePreview.uexp" 614
"../../../Engine/Content/EditorResources/FieldNodes/_Resources/MI_FieldVolumePreview.uasset" 615
"../../../Engine/Content/EditorResources/FieldNodes/_Resources/MI_FieldVolumePreview.uexp" 616
"Z:/CreationLayer/ZombieRepo/Content/BP/Enemies/Anims/Tank/Mutant_Run.uasset" 617
"Z:/CreationLayer/ZombieRepo/Content/BP/Enemies/Anims/Tank/Mutant_Run.uexp" 618
"Z:/CreationLayer/ZombieRepo/Content/BP/Enemies/Anims/Tank/Mutant_Jumping.uasset" 619
"Z:/CreationLayer/ZombieRepo/Content/BP/Enemies/Anims/Tank/Mutant_Jumping.uexp" 620
"Z:/CreationLayer/ZombieRepo/Content/BP/Enemies/Anims/Tank/Idle.uasset" 621
"Z:/CreationLayer/ZombieRepo/Content/BP/Enemies/Anims/Tank/Idle.uexp" 622
"Z:/CreationLayer/ZombieRepo/Content/Sounds/SoundSource/SlowZChase.ubulk" 623
"Z:/CreationLayer/ZombieRepo/Content/Sounds/SoundSource/SlowZChase.uasset" 624
"Z:/CreationLayer/ZombieRepo/Content/Sounds/SoundSource/SlowZChase.uexp" 625
"Z:/CreationLayer/ZombieRepo/Content/Sounds/SoundCue/SlowZChase_Cue.uasset" 626
"Z:/CreationLayer/ZombieRepo/Content/Sounds/SoundCue/SlowZChase_Cue.uexp" 627
"Z:/CreationLayer/ZombieRepo/Content/BP/Enemies/Anims/ABPs/ABP_Tank.uasset" 628
"Z:/CreationLayer/ZombieRepo/Content/BP/Enemies/Anims/ABPs/ABP_Tank.uexp" 629
"Z:/CreationLayer/ZombieRepo/Content/BP/Enemies/AI/Behavior/BT/BT_ZombieBig.uasset" 630
"Z:/CreationLayer/ZombieRepo/Content/BP/Enemies/AI/Behavior/BT/BT_ZombieBig.uexp" 631
"Z:/CreationLayer/ZombieRepo/Content/BP/Enemies/AI/Behavior/Controller/AIC_ZombieBig.uasset" 632
"Z:/CreationLayer/ZombieRepo/Content/BP/Enemies/AI/Behavior/Controller/AIC_ZombieBig.uexp" 633
"Z:/CreationLayer/ZombieRepo/Content/BP/Enemies/Meshes/CustomTank/TankMesh_PhysicsAsset.uasset" 634
"Z:/CreationLayer/ZombieRepo/Content/BP/Enemies/Meshes/CustomTank/TankMesh_PhysicsAsset.uexp" 635
"Z:/CreationLayer/ZombieRepo/Content/BP/Enemies/Meshes/CustomTank/Tex/SM_Tankzomb_shoelaces_Height.ubulk" 636
"Z:/CreationLayer/ZombieRepo/Content/BP/Enemies/Meshes/CustomTank/Tex/SM_Tankzomb_shoelaces_Height.uasset" 637
"Z:/CreationLayer/ZombieRepo/Content/BP/Enemies/Meshes/CustomTank/Tex/SM_Tankzomb_shoelaces_Height.uexp" 638
"Z:/CreationLayer/ZombieRepo/Content/BP/Enemies/Meshes/CustomTank/Tex/SM_Tankzomb_shoelaces_Normal.ubulk" 639
"Z:/CreationLayer/ZombieRepo/Content/BP/Enemies/Meshes/CustomTank/Tex/SM_Tankzomb_shoelaces_Normal.uasset" 640
"Z:/CreationLayer/ZombieRepo/Content/BP/Enemies/Meshes/CustomTank/Tex/SM_Tankzomb_shoelaces_Normal.uexp" 641
"Z:/CreationLayer/ZombieRepo/Content/BP/Enemies/Meshes/CustomTank/Tex/SM_Tankzomb_shoelaces_Roughness.ubulk" 642
"Z:/CreationLayer/ZombieRepo/Content/BP/Enemies/Meshes/CustomTank/Tex/SM_Tankzomb_shoelaces_Roughness.uasset" 643
"Z:/CreationLayer/ZombieRepo/Content/BP/Enemies/Meshes/CustomTank/Tex/SM_Tankzomb_shoelaces_Roughness.uexp" 644
"Z:/CreationLayer/ZombieRepo/Content/BP/Enemies/Meshes/CustomTank/Tex/SM_Tankzomb_shoelaces_BaseColor.ubulk" 645
"Z:/CreationLayer/ZombieRepo/Content/BP/Enemies/Meshes/CustomTank/Tex/SM_Tankzomb_shoelaces_BaseColor.uasset" 646
"Z:/CreationLayer/ZombieRepo/Content/BP/Enemies/Meshes/CustomTank/Tex/SM_Tankzomb_shoelaces_BaseColor.uexp" 647
"Z:/CreationLayer/ZombieRepo/Content/BP/Enemies/Meshes/CustomTank/Tex/SM_Tankzomb_shoelaces_Metallic.ubulk" 648
"Z:/CreationLayer/ZombieRepo/Content/BP/Enemies/Meshes/CustomTank/Tex/SM_Tankzomb_shoelaces_Metallic.uasset" 649
"Z:/CreationLayer/ZombieRepo/Content/BP/Enemies/Meshes/CustomTank/Tex/SM_Tankzomb_shoelaces_Metallic.uexp" 650
"Z:/CreationLayer/ZombieRepo/Content/BP/Enemies/Meshes/CustomTank/MI_Laces.uasset" 651
"Z:/CreationLayer/ZombieRepo/Content/BP/Enemies/Meshes/CustomTank/MI_Laces.uexp" 652
"Z:/CreationLayer/ZombieRepo/Content/BP/Enemies/Meshes/CustomTank/Tex/SM_Tankzomb_beltloops_BaseColor.ubulk" 653
"Z:/CreationLayer/ZombieRepo/Content/BP/Enemies/Meshes/CustomTank/Tex/SM_Tankzomb_beltloops_BaseColor.uasset" 654
"Z:/CreationLayer/ZombieRepo/Content/BP/Enemies/Meshes/CustomTank/Tex/SM_Tankzomb_beltloops_BaseColor.uexp" 655
"Z:/CreationLayer/ZombieRepo/Content/BP/Enemies/Meshes/CustomTank/Tex/SM_Tankzomb_beltloops_Roughness.ubulk" 656
"Z:/CreationLayer/ZombieRepo/Content/BP/Enemies/Meshes/CustomTank/Tex/SM_Tankzomb_beltloops_Roughness.uasset" 657
"Z:/CreationLayer/ZombieRepo/Content/BP/Enemies/Meshes/CustomTank/Tex/SM_Tankzomb_beltloops_Roughness.uexp" 658
"Z:/CreationLayer/ZombieRepo/Content/BP/Enemies/Meshes/CustomTank/Tex/SM_Tankzomb_beltloops_Normal.ubulk" 659
"Z:/CreationLayer/ZombieRepo/Content/BP/Enemies/Meshes/CustomTank/Tex/SM_Tankzomb_beltloops_Normal.uasset" 660
"Z:/CreationLayer/ZombieRepo/Content/BP/Enemies/Meshes/CustomTank/Tex/SM_Tankzomb_beltloops_Normal.uexp" 661
"Z:/CreationLayer/ZombieRepo/Content/BP/Enemies/Meshes/CustomTank/Tex/SM_Tankzomb_beltloops_Height.ubulk" 662
"Z:/CreationLayer/ZombieRepo/Content/BP/Enemies/Meshes/CustomTank/Tex/SM_Tankzomb_beltloops_Height.uasset" 663
"Z:/CreationLayer/ZombieRepo/Content/BP/Enemies/Meshes/CustomTank/Tex/SM_Tankzomb_beltloops_Height.uexp" 664
"Z:/CreationLayer/ZombieRepo/Content/BP/Enemies/Meshes/CustomTank/Tex/SM_Tankzomb_beltloops_Metallic.ubulk" 665
"Z:/CreationLayer/ZombieRepo/Content/BP/Enemies/Meshes/CustomTank/Tex/SM_Tankzomb_beltloops_Metallic.uasset" 666
"Z:/CreationLayer/ZombieRepo/Content/BP/Enemies/Meshes/CustomTank/Tex/SM_Tankzomb_beltloops_Metallic.uexp" 667
"Z:/CreationLayer/ZombieRepo/Content/BP/Enemies/Meshes/CustomTank/MI_BeltLoops.uasset" 668
"Z:/CreationLayer/ZombieRepo/Content/BP/Enemies/Meshes/CustomTank/MI_BeltLoops.uexp" 669
"Z:/CreationLayer/ZombieRepo/Content/BP/Enemies/Meshes/CustomTank/Tex/SM_Tankzomb_gums_Metallic.ubulk" 670
"Z:/CreationLayer/ZombieRepo/Content/BP/Enemies/Meshes/CustomTank/Tex/SM_Tankzomb_gums_Metallic.uasset" 671
"Z:/CreationLayer/ZombieRepo/Content/BP/Enemies/Meshes/CustomTank/Tex/SM_Tankzomb_gums_Metallic.uexp" 672
"Z:/CreationLayer/ZombieRepo/Content/BP/Enemies/Meshes/CustomTank/Tex/SM_Tankzomb_gums_BaseColor.ubulk" 673
"Z:/CreationLayer/ZombieRepo/Content/BP/Enemies/Meshes/CustomTank/Tex/SM_Tankzomb_gums_BaseColor.uasset" 674
"Z:/CreationLayer/ZombieRepo/Content/BP/Enemies/Meshes/CustomTank/Tex/SM_Tankzomb_gums_BaseColor.uexp" 675
"Z:/CreationLayer/ZombieRepo/Content/BP/Enemies/Meshes/CustomTank/Tex/SM_Tankzomb_gums_Roughness.ubulk" 676
"Z:/CreationLayer/ZombieRepo/Content/BP/Enemies/Meshes/CustomTank/Tex/SM_Tankzomb_gums_Roughness.uasset" 677
"Z:/CreationLayer/ZombieRepo/Content/BP/Enemies/Meshes/CustomTank/Tex/SM_Tankzomb_gums_Roughness.uexp" 678
"Z:/CreationLayer/ZombieRepo/Content/BP/Enemies/Meshes/CustomTank/Tex/SM_Tankzomb_gums_Height.ubulk" 679
"Z:/CreationLayer/ZombieRepo/Content/BP/Enemies/Meshes/CustomTank/Tex/SM_Tankzomb_gums_Height.uasset" 680
"Z:/CreationLayer/ZombieRepo/Content/BP/Enemies/Meshes/CustomTank/Tex/SM_Tankzomb_gums_Height.uexp" 681
"Z:/CreationLayer/ZombieRepo/Content/BP/Enemies/Meshes/CustomTank/Tex/SM_Tankzomb_gums_Normal.ubulk" 682
"Z:/CreationLayer/ZombieRepo/Content/BP/Enemies/Meshes/CustomTank/Tex/SM_Tankzomb_gums_Normal.uasset" 683
"Z:/CreationLayer/ZombieRepo/Content/BP/Enemies/Meshes/CustomTank/Tex/SM_Tankzomb_gums_Normal.uexp" 684
"Z:/CreationLayer/ZombieRepo/Content/BP/Enemies/Meshes/CustomTank/MI_Gums.uasset" 685
"Z:/CreationLayer/ZombieRepo/Content/BP/Enemies/Meshes/CustomTank/MI_Gums.uexp" 686
"Z:/CreationLayer/ZombieRepo/Content/BP/Enemies/Meshes/CustomTank/Tex/SM_Tankzomb_belt_BaseColor.ubulk" 687
"Z:/CreationLayer/ZombieRepo/Content/BP/Enemies/Meshes/CustomTank/Tex/SM_Tankzomb_belt_BaseColor.uasset" 688
"Z:/CreationLayer/ZombieRepo/Content/BP/Enemies/Meshes/CustomTank/Tex/SM_Tankzomb_belt_BaseColor.uexp" 689
"Z:/CreationLayer/ZombieRepo/Content/BP/Enemies/Meshes/CustomTank/Tex/SM_Tankzomb_belt_Normal.ubulk" 690
"Z:/CreationLayer/ZombieRepo/Content/BP/Enemies/Meshes/CustomTank/Tex/SM_Tankzomb_belt_Normal.uasset" 691
"Z:/CreationLayer/ZombieRepo/Content/BP/Enemies/Meshes/CustomTank/Tex/SM_Tankzomb_belt_Normal.uexp" 692
"Z:/CreationLayer/ZombieRepo/Content/BP/Enemies/Meshes/CustomTank/MI_Belt.uasset" 693
"Z:/CreationLayer/ZombieRepo/Content/BP/Enemies/Meshes/CustomTank/MI_Belt.uexp" 694
"Z:/CreationLayer/ZombieRepo/Content/BP/Enemies/Meshes/CustomTank/Tex/SM_Tankzomb_teeth_BaseColor.ubulk" 695
"Z:/CreationLayer/ZombieRepo/Content/BP/Enemies/Meshes/CustomTank/Tex/SM_Tankzomb_teeth_BaseColor.uasset" 696
"Z:/CreationLayer/ZombieRepo/Content/BP/Enemies/Meshes/CustomTank/Tex/SM_Tankzomb_teeth_BaseColor.uexp" 697
"Z:/CreationLayer/ZombieRepo/Content/BP/Enemies/Meshes/CustomTank/Tex/SM_Tankzomb_teeth_Roughness.ubulk" 698
"Z:/CreationLayer/ZombieRepo/Content/BP/Enemies/Meshes/CustomTank/Tex/SM_Tankzomb_teeth_Roughness.uasset" 699
"Z:/CreationLayer/ZombieRepo/Content/BP/Enemies/Meshes/CustomTank/Tex/SM_Tankzomb_teeth_Roughness.uexp" 700
"Z:/CreationLayer/ZombieRepo/Content/BP/Enemies/Meshes/CustomTank/Tex/SM_Tankzomb_teeth_Height.ubulk" 701
"Z:/CreationLayer/ZombieRepo/Content/BP/Enemies/Meshes/CustomTank/Tex/SM_Tankzomb_teeth_Height.uasset" 702
"Z:/CreationLayer/ZombieRepo/Content/BP/Enemies/Meshes/CustomTank/Tex/SM_Tankzomb_teeth_Height.uexp" 703
"Z:/CreationLayer/ZombieRepo/Content/BP/Enemies/Meshes/CustomTank/Tex/SM_Tankzomb_teeth_Normal.ubulk" 704
"Z:/CreationLayer/ZombieRepo/Content/BP/Enemies/Meshes/CustomTank/Tex/SM_Tankzomb_teeth_Normal.uasset" 705
"Z:/CreationLayer/ZombieRepo/Content/BP/Enemies/Meshes/CustomTank/Tex/SM_Tankzomb_teeth_Normal.uexp" 706
"Z:/CreationLayer/ZombieRepo/Content/BP/Enemies/Meshes/CustomTank/Tex/SM_Tankzomb_teeth_Metallic.ubulk" 707
"Z:/CreationLayer/ZombieRepo/Content/BP/Enemies/Meshes/CustomTank/Tex/SM_Tankzomb_teeth_Metallic.uasset" 708
"Z:/CreationLayer/ZombieRepo/Content/BP/Enemies/Meshes/CustomTank/Tex/SM_Tankzomb_teeth_Metallic.uexp" 709
"Z:/CreationLayer/ZombieRepo/Content/BP/Enemies/Meshes/CustomTank/MI_Teeth.uasset" 710
"Z:/CreationLayer/ZombieRepo/Content/BP/Enemies/Meshes/CustomTank/MI_Teeth.uexp" 711
"Z:/CreationLayer/ZombieRepo/Content/BP/Enemies/Meshes/CustomTank/Tex/SM_Tankzomb_eyes_Normal.ubulk" 712
"Z:/CreationLayer/ZombieRepo/Content/BP/Enemies/Meshes/CustomTank/Tex/SM_Tankzomb_eyes_Normal.uasset" 713
"Z:/CreationLayer/ZombieRepo/Content/BP/Enemies/Meshes/CustomTank/Tex/SM_Tankzomb_eyes_Normal.uexp" 714
"Z:/CreationLayer/ZombieRepo/Content/BP/Enemies/Meshes/CustomTank/Tex/SM_Tankzomb_eyes_Height.ubulk" 715
"Z:/CreationLayer/ZombieRepo/Content/BP/Enemies/Meshes/CustomTank/Tex/SM_Tankzomb_eyes_Height.uasset" 716
"Z:/CreationLayer/ZombieRepo/Content/BP/Enemies/Meshes/CustomTank/Tex/SM_Tankzomb_eyes_Height.uexp" 717
"Z:/CreationLayer/ZombieRepo/Content/BP/Enemies/Meshes/CustomTank/Tex/SM_Tankzomb_eyes_Roughness.ubulk" 718
"Z:/CreationLayer/ZombieRepo/Content/BP/Enemies/Meshes/CustomTank/Tex/SM_Tankzomb_eyes_Roughness.uasset" 719
"Z:/CreationLayer/ZombieRepo/Content/BP/Enemies/Meshes/CustomTank/Tex/SM_Tankzomb_eyes_Roughness.uexp" 720
"Z:/CreationLayer/ZombieRepo/Content/BP/Enemies/Meshes/CustomTank/Tex/SM_Tankzomb_eyes_BaseColor.ubulk" 721
"Z:/CreationLayer/ZombieRepo/Content/BP/Enemies/Meshes/CustomTank/Tex/SM_Tankzomb_eyes_BaseColor.uasset" 722
"Z:/CreationLayer/ZombieRepo/Content/BP/Enemies/Meshes/CustomTank/Tex/SM_Tankzomb_eyes_BaseColor.uexp" 723
"Z:/CreationLayer/ZombieRepo/Content/BP/Enemies/Meshes/CustomTank/Tex/SM_Tankzomb_eyes_Metallic.ubulk" 724
"Z:/CreationLayer/ZombieRepo/Content/BP/Enemies/Meshes/CustomTank/Tex/SM_Tankzomb_eyes_Metallic.uasset" 725
"Z:/CreationLayer/ZombieRepo/Content/BP/Enemies/Meshes/CustomTank/Tex/SM_Tankzomb_eyes_Metallic.uexp" 726
"Z:/CreationLayer/ZombieRepo/Content/BP/Enemies/Meshes/CustomTank/MI_Eyes.uasset" 727
"Z:/CreationLayer/ZombieRepo/Content/BP/Enemies/Meshes/CustomTank/MI_Eyes.uexp" 728
"Z:/CreationLayer/ZombieRepo/Content/BP/Enemies/Meshes/CustomTank/TankMesh.uasset" 729
"Z:/CreationLayer/ZombieRepo/Content/BP/Enemies/Meshes/CustomTank/TankMesh.uexp" 730
"Z:/CreationLayer/ZombieRepo/Content/BP/Enemies/Anims/Tank/Mutant_Swiping__R_.uasset" 731
"Z:/CreationLayer/ZombieRepo/Content/BP/Enemies/Anims/Tank/Mutant_Swiping__R_.uexp" 732
"Z:/CreationLayer/ZombieRepo/Content/BP/Enemies/Anims/Tank/Mutant_Swiping__R__Montage.uasset" 733
"Z:/CreationLayer/ZombieRepo/Content/BP/Enemies/Anims/Tank/Mutant_Swiping__R__Montage.uexp" 734
"Z:/CreationLayer/ZombieRepo/Content/BP/Enemies/AI/BigZombie/BP_ZombieBig.uasset" 735
"Z:/CreationLayer/ZombieRepo/Content/BP/Enemies/AI/BigZombie/BP_ZombieBig.uexp" 736
"Z:/CreationLayer/ZombieRepo/Content/ObjectAssets/Sounds/FuturisticJingle.ubulk" 737
"Z:/CreationLayer/ZombieRepo/Content/ObjectAssets/Sounds/FuturisticJingle.uasset" 738
"Z:/CreationLayer/ZombieRepo/Content/ObjectAssets/Sounds/FuturisticJingle.uexp" 739
"../../../Engine/Content/BasicShapes/BasicShapeMaterial.uasset" 740
"../../../Engine/Content/BasicShapes/BasicShapeMaterial.uexp" 741
"../../../Engine/Content/BasicShapes/Cylinder.ubulk" 742
"../../../Engine/Content/BasicShapes/Cylinder.uasset" 743
"../../../Engine/Content/BasicShapes/Cylinder.uexp" 744
"Z:/CreationLayer/ZombieRepo/Content/BP/Objects/BP_ZombieSpawn.uasset" 745
"Z:/CreationLayer/ZombieRepo/Content/BP/Objects/BP_ZombieSpawn.uexp" 746
"Z:/CreationLayer/ZombieRepo/Content/BP/Objects/BP_ZombieManager.uasset" 747
"Z:/CreationLayer/ZombieRepo/Content/BP/Objects/BP_ZombieManager.uexp" 748
"../../../Engine/Content/EngineDebugMaterials/ClothMaterial_WF.uasset" 749
"../../../Engine/Content/EngineDebugMaterials/ClothMaterial_WF.uexp" 750
"Z:/CreationLayer/ZombieRepo/Content/ObjectAssets/Sounds/ElementBurn.ubulk" 751
"Z:/CreationLayer/ZombieRepo/Content/ObjectAssets/Sounds/ElementBurn.uasset" 752
"Z:/CreationLayer/ZombieRepo/Content/ObjectAssets/Sounds/ElementBurn.uexp" 753
"../../../Engine/Content/EditorSounds/GamePreview/EndSimulate.ubulk" 754
"../../../Engine/Content/EditorSounds/GamePreview/EndSimulate.uasset" 755
"../../../Engine/Content/EditorSounds/GamePreview/EndSimulate.uexp" 756
"../../../Engine/Content/EditorSounds/GamePreview/EndSimulate_Cue.uasset" 757
"../../../Engine/Content/EditorSounds/GamePreview/EndSimulate_Cue.uexp" 758
"Z:/CreationLayer/ZombieRepo/Content/FirstPerson/Blueprints/BP_FirstPersonCharacter.uasset" 759
"Z:/CreationLayer/ZombieRepo/Content/FirstPerson/Blueprints/BP_FirstPersonCharacter.uexp" 760
"Z:/CreationLayer/ZombieRepo/Content/FirstPerson/Blueprints/BP_FirstPersonGameMode.uasset" 761
"Z:/CreationLayer/ZombieRepo/Content/FirstPerson/Blueprints/BP_FirstPersonGameMode.uexp" 762
"Z:/CreationLayer/ZombieRepo/Content/TPBDMat/Blueprints/BP_BloodDecal.uasset" 763
"Z:/CreationLayer/ZombieRepo/Content/TPBDMat/Blueprints/BP_BloodDecal.uexp" 764
"Z:/CreationLayer/ZombieRepo/Content/TPBDMat/Textures/T_splat0_wall_v2.ubulk" 765
"Z:/CreationLayer/ZombieRepo/Content/TPBDMat/Textures/T_splat0_wall_v2.uasset" 766
"Z:/CreationLayer/ZombieRepo/Content/TPBDMat/Textures/T_splat0_wall_v2.uexp" 767
"Z:/CreationLayer/ZombieRepo/Content/TPBDMat/Textures/T_splat0_floor_v2.ubulk" 768
"Z:/CreationLayer/ZombieRepo/Content/TPBDMat/Textures/T_splat0_floor_v2.uasset" 769
"Z:/CreationLayer/ZombieRepo/Content/TPBDMat/Textures/T_splat0_floor_v2.uexp" 770
"Z:/CreationLayer/ZombieRepo/Content/TPBDMat/Materials/M_BloodDecal_6Planes.uasset" 771
"Z:/CreationLayer/ZombieRepo/Content/TPBDMat/Materials/M_BloodDecal_6Planes.uexp" 772
"Z:/CreationLayer/ZombieRepo/Content/BP/Pooled/BP_PooledActor.uasset" 773
"Z:/CreationLayer/ZombieRepo/Content/BP/Pooled/BP_PooledActor.uexp" 774
"Z:/CreationLayer/ZombieRepo/Content/BP/Pooled/AC_ObjectPool.uasset" 775
"Z:/CreationLayer/ZombieRepo/Content/BP/Pooled/AC_ObjectPool.uexp" 776
"../../../Engine/Content/EditorMaterials/Cascade/CASC_ModuleDisable.uasset" 777
"../../../Engine/Content/EditorMaterials/Cascade/CASC_ModuleDisable.uexp" 778
"../../../Engine/Content/EditorMaterials/Cascade/CASC_ModuleDisable_MAT.uasset" 779
"../../../Engine/Content/EditorMaterials/Cascade/CASC_ModuleDisable_MAT.uexp" 780
"Z:/CreationLayer/ZombieRepo/Content/BP/Objects/AmmoPickup.uasset" 781
"Z:/CreationLayer/ZombieRepo/Content/BP/Objects/AmmoPickup.uexp" 782
"../../../Engine/Content/Functions/Engine_MaterialFunctions02/SafeNormalize.uasset" 783
"../../../Engine/Content/Functions/Engine_MaterialFunctions02/SafeNormalize.uexp" 784
"../../../Engine/Content/EditorMaterials/Cloth/CameraLitDoubleSided.uasset" 785
"../../../Engine/Content/EditorMaterials/Cloth/CameraLitDoubleSided.uexp" 786
"../../../Engine/Content/VREditor/Sounds/UI/Camera_Shutter.ubulk" 787
"../../../Engine/Content/VREditor/Sounds/UI/Camera_Shutter.uasset" 788
"../../../Engine/Content/VREditor/Sounds/UI/Camera_Shutter.uexp" 789
"Z:/CreationLayer/ZombieRepo/Content/BP/Objects/BP_Coin.uasset" 790
"Z:/CreationLayer/ZombieRepo/Content/BP/Objects/BP_Coin.uexp" 791
"../../../Engine/Content/VREditor/UI/KeyMaterial.uasset" 792
"../../../Engine/Content/VREditor/UI/KeyMaterial.uexp" 793
"../../../Engine/Content/VREditor/UI/FrameMaterial.uasset" 794
"../../../Engine/Content/VREditor/UI/FrameMaterial.uexp" 795
"../../../Engine/Content/VREditor/Sounds/UI/Click_on_Button.ubulk" 796
"../../../Engine/Content/VREditor/Sounds/UI/Click_on_Button.uasset" 797
"../../../Engine/Content/VREditor/Sounds/UI/Click_on_Button.uexp" 798
"Z:/CreationLayer/ZombieRepo/Content/BP/Objects/BP_HealthPickup.uasset" 799
"Z:/CreationLayer/ZombieRepo/Content/BP/Objects/BP_HealthPickup.uexp" 800
"Z:/CreationLayer/ZombieRepo/Content/BP/Objects/BP_SpawnManager.uasset" 801
"Z:/CreationLayer/ZombieRepo/Content/BP/Objects/BP_SpawnManager.uexp" 802
"Z:/CreationLayer/ZombieRepo/Content/BP/Objects/BP_AmmoSpawn.uasset" 803
"Z:/CreationLayer/ZombieRepo/Content/BP/Objects/BP_AmmoSpawn.uexp" 804
"Z:/CreationLayer/ZombieRepo/Content/BP/Objects/BP_HealthSpawn.uasset" 805
"Z:/CreationLayer/ZombieRepo/Content/BP/Objects/BP_HealthSpawn.uexp" 806
"Z:/CreationLayer/ZombieRepo/Content/TPBDMat/Textures/T_pool0_v2_smooth.ubulk" 807
"Z:/CreationLayer/ZombieRepo/Content/TPBDMat/Textures/T_pool0_v2_smooth.uasset" 808
"Z:/CreationLayer/ZombieRepo/Content/TPBDMat/Textures/T_pool0_v2_smooth.uexp" 809
"Z:/CreationLayer/ZombieRepo/Content/TPBDMat/Textures/VT_noise0.uasset" 810
"Z:/CreationLayer/ZombieRepo/Content/TPBDMat/Textures/VT_noise0.uexp" 811
"Z:/CreationLayer/ZombieRepo/Content/TPBDMat/Materials/M_BloodDecal_1Plane.uasset" 812
"Z:/CreationLayer/ZombieRepo/Content/TPBDMat/Materials/M_BloodDecal_1Plane.uexp" 813
"../../../Engine/Plugins/FX/Niagara/Content/DefaultAssets/T_NiagaraUVDebug.ubulk" 814
"../../../Engine/Plugins/FX/Niagara/Content/DefaultAssets/T_NiagaraUVDebug.uasset" 815
"../../../Engine/Plugins/FX/Niagara/Content/DefaultAssets/T_NiagaraUVDebug.uexp" 816
"../../../Engine/Plugins/FX/Niagara/Content/DefaultAssets/M_NiagaraUVDebug.uasset" 817
"../../../Engine/Plugins/FX/Niagara/Content/DefaultAssets/M_NiagaraUVDebug.uexp" 818
"Z:/CreationLayer/ZombieRepo/Content/VFX/NE_Fairy_System.uasset" 819
"Z:/CreationLayer/ZombieRepo/Content/VFX/NE_Fairy_System.uexp" 820
"Z:/CreationLayer/ZombieRepo/Content/ObjectAssets/FPWeapon/Mesh/Shotgun/Textures/SM_Shotgun_Stock_Height.ubulk" 821
"Z:/CreationLayer/ZombieRepo/Content/ObjectAssets/FPWeapon/Mesh/Shotgun/Textures/SM_Shotgun_Stock_Height.uasset" 822
"Z:/CreationLayer/ZombieRepo/Content/ObjectAssets/FPWeapon/Mesh/Shotgun/Textures/SM_Shotgun_Stock_Height.uexp" 823
"Z:/CreationLayer/ZombieRepo/Content/ObjectAssets/FPWeapon/Mesh/Shotgun/Textures/SM_Shotgun_Stock_BaseColor.ubulk" 824
"Z:/CreationLayer/ZombieRepo/Content/ObjectAssets/FPWeapon/Mesh/Shotgun/Textures/SM_Shotgun_Stock_BaseColor.uasset" 825
"Z:/CreationLayer/ZombieRepo/Content/ObjectAssets/FPWeapon/Mesh/Shotgun/Textures/SM_Shotgun_Stock_BaseColor.uexp" 826
"Z:/CreationLayer/ZombieRepo/Content/ObjectAssets/FPWeapon/Mesh/Shotgun/Textures/SM_Shotgun_Stock_Roughness.ubulk" 827
"Z:/CreationLayer/ZombieRepo/Content/ObjectAssets/FPWeapon/Mesh/Shotgun/Textures/SM_Shotgun_Stock_Roughness.uasset" 828
"Z:/CreationLayer/ZombieRepo/Content/ObjectAssets/FPWeapon/Mesh/Shotgun/Textures/SM_Shotgun_Stock_Roughness.uexp" 829
"Z:/CreationLayer/ZombieRepo/Content/ObjectAssets/FPWeapon/Mesh/Shotgun/Textures/SM_Shotgun_Stock_Metallic.ubulk" 830
"Z:/CreationLayer/ZombieRepo/Content/ObjectAssets/FPWeapon/Mesh/Shotgun/Textures/SM_Shotgun_Stock_Metallic.uasset" 831
"Z:/CreationLayer/ZombieRepo/Content/ObjectAssets/FPWeapon/Mesh/Shotgun/Textures/SM_Shotgun_Stock_Metallic.uexp" 832
"Z:/CreationLayer/ZombieRepo/Content/ObjectAssets/FPWeapon/Mesh/Shotgun/Textures/SM_Shotgun_Stock_Normal.ubulk" 833
"Z:/CreationLayer/ZombieRepo/Content/ObjectAssets/FPWeapon/Mesh/Shotgun/Textures/SM_Shotgun_Stock_Normal.uasset" 834
"Z:/CreationLayer/ZombieRepo/Content/ObjectAssets/FPWeapon/Mesh/Shotgun/Textures/SM_Shotgun_Stock_Normal.uexp" 835
"Z:/CreationLayer/ZombieRepo/Content/ObjectAssets/FPWeapon/Mesh/Shotgun/Textures/MI_SGGrip.uasset" 836
"Z:/CreationLayer/ZombieRepo/Content/ObjectAssets/FPWeapon/Mesh/Shotgun/Textures/MI_SGGrip.uexp" 837
"Z:/CreationLayer/ZombieRepo/Content/ObjectAssets/FPWeapon/Mesh/Shotgun/Textures/SM_Shotgun_Metal_BaseColor.ubulk" 838
"Z:/CreationLayer/ZombieRepo/Content/ObjectAssets/FPWeapon/Mesh/Shotgun/Textures/SM_Shotgun_Metal_BaseColor.uasset" 839
"Z:/CreationLayer/ZombieRepo/Content/ObjectAssets/FPWeapon/Mesh/Shotgun/Textures/SM_Shotgun_Metal_BaseColor.uexp" 840
"Z:/CreationLayer/ZombieRepo/Content/ObjectAssets/FPWeapon/Mesh/Shotgun/Textures/SM_Shotgun_Metal_Metallic.ubulk" 841
"Z:/CreationLayer/ZombieRepo/Content/ObjectAssets/FPWeapon/Mesh/Shotgun/Textures/SM_Shotgun_Metal_Metallic.uasset" 842
"Z:/CreationLayer/ZombieRepo/Content/ObjectAssets/FPWeapon/Mesh/Shotgun/Textures/SM_Shotgun_Metal_Metallic.uexp" 843
"Z:/CreationLayer/ZombieRepo/Content/ObjectAssets/FPWeapon/Mesh/Shotgun/Textures/SM_Shotgun_Metal_Normal.ubulk" 844
"Z:/CreationLayer/ZombieRepo/Content/ObjectAssets/FPWeapon/Mesh/Shotgun/Textures/SM_Shotgun_Metal_Normal.uasset" 845
"Z:/CreationLayer/ZombieRepo/Content/ObjectAssets/FPWeapon/Mesh/Shotgun/Textures/SM_Shotgun_Metal_Normal.uexp" 846
"Z:/CreationLayer/ZombieRepo/Content/ObjectAssets/FPWeapon/Mesh/Shotgun/Textures/SM_Shotgun_Metal_Height.ubulk" 847
"Z:/CreationLayer/ZombieRepo/Content/ObjectAssets/FPWeapon/Mesh/Shotgun/Textures/SM_Shotgun_Metal_Height.uasset" 848
"Z:/CreationLayer/ZombieRepo/Content/ObjectAssets/FPWeapon/Mesh/Shotgun/Textures/SM_Shotgun_Metal_Height.uexp" 849
"Z:/CreationLayer/ZombieRepo/Content/ObjectAssets/FPWeapon/Mesh/Shotgun/Textures/SM_Shotgun_Metal_Roughness.ubulk" 850
"Z:/CreationLayer/ZombieRepo/Content/ObjectAssets/FPWeapon/Mesh/Shotgun/Textures/SM_Shotgun_Metal_Roughness.uasset" 851
"Z:/CreationLayer/ZombieRepo/Content/ObjectAssets/FPWeapon/Mesh/Shotgun/Textures/SM_Shotgun_Metal_Roughness.uexp" 852
"Z:/CreationLayer/ZombieRepo/Content/ObjectAssets/FPWeapon/Mesh/Shotgun/Textures/MI_SGMetal.uasset" 853
"Z:/CreationLayer/ZombieRepo/Content/ObjectAssets/FPWeapon/Mesh/Shotgun/Textures/MI_SGMetal.uexp" 854
"Z:/CreationLayer/ZombieRepo/Content/ObjectAssets/FPWeapon/Mesh/Shotgun/SK_CombinedSG_F0268010.uasset" 855
"Z:/CreationLayer/ZombieRepo/Content/ObjectAssets/FPWeapon/Mesh/Shotgun/SK_CombinedSG_F0268010.uexp" 856
"Z:/CreationLayer/ZombieRepo/Content/ObjectAssets/FPWeapon/Mesh/Shotgun/Textures/SM_Shotgun_Leather_Normal.ubulk" 857
"Z:/CreationLayer/ZombieRepo/Content/ObjectAssets/FPWeapon/Mesh/Shotgun/Textures/SM_Shotgun_Leather_Normal.uasset" 858
"Z:/CreationLayer/ZombieRepo/Content/ObjectAssets/FPWeapon/Mesh/Shotgun/Textures/SM_Shotgun_Leather_Normal.uexp" 859
"Z:/CreationLayer/ZombieRepo/Content/ObjectAssets/FPWeapon/Mesh/Shotgun/Textures/SM_Shotgun_Leather_Metallic.ubulk" 860
"Z:/CreationLayer/ZombieRepo/Content/ObjectAssets/FPWeapon/Mesh/Shotgun/Textures/SM_Shotgun_Leather_Metallic.uasset" 861
"Z:/CreationLayer/ZombieRepo/Content/ObjectAssets/FPWeapon/Mesh/Shotgun/Textures/SM_Shotgun_Leather_Metallic.uexp" 862
"Z:/CreationLayer/ZombieRepo/Content/ObjectAssets/FPWeapon/Mesh/Shotgun/Textures/SM_Shotgun_Leather_Roughness.ubulk" 863
"Z:/CreationLayer/ZombieRepo/Content/ObjectAssets/FPWeapon/Mesh/Shotgun/Textures/SM_Shotgun_Leather_Roughness.uasset" 864
"Z:/CreationLayer/ZombieRepo/Content/ObjectAssets/FPWeapon/Mesh/Shotgun/Textures/SM_Shotgun_Leather_Roughness.uexp" 865
"Z:/CreationLayer/ZombieRepo/Content/ObjectAssets/FPWeapon/Mesh/Shotgun/Textures/SM_Shotgun_Leather_BaseColor.ubulk" 866
"Z:/CreationLayer/ZombieRepo/Content/ObjectAssets/FPWeapon/Mesh/Shotgun/Textures/SM_Shotgun_Leather_BaseColor.uasset" 867
"Z:/CreationLayer/ZombieRepo/Content/ObjectAssets/FPWeapon/Mesh/Shotgun/Textures/SM_Shotgun_Leather_BaseColor.uexp" 868
"Z:/CreationLayer/ZombieRepo/Content/ObjectAssets/FPWeapon/Mesh/Shotgun/Textures/SM_Shotgun_Leather_Height.ubulk" 869
"Z:/CreationLayer/ZombieRepo/Content/ObjectAssets/FPWeapon/Mesh/Shotgun/Textures/SM_Shotgun_Leather_Height.uasset" 870
"Z:/CreationLayer/ZombieRepo/Content/ObjectAssets/FPWeapon/Mesh/Shotgun/Textures/SM_Shotgun_Leather_Height.uexp" 871
"Z:/CreationLayer/ZombieRepo/Content/ObjectAssets/FPWeapon/Mesh/Shotgun/Textures/MI_SGLeather.uasset" 872
"Z:/CreationLayer/ZombieRepo/Content/ObjectAssets/FPWeapon/Mesh/Shotgun/Textures/MI_SGLeather.uexp" 873
"Z:/CreationLayer/ZombieRepo/Content/ObjectAssets/FPWeapon/Mesh/Shotgun/SKM_CombinedSG_F0268010.uasset" 874
"Z:/CreationLayer/ZombieRepo/Content/ObjectAssets/FPWeapon/Mesh/Shotgun/SKM_CombinedSG_F0268010.uexp" 875
"Z:/CreationLayer/ZombieRepo/Content/FirstPerson/Blueprints/BP_Pickup_SG.uasset" 876
"Z:/CreationLayer/ZombieRepo/Content/FirstPerson/Blueprints/BP_Pickup_SG.uexp" 877
"../../../Engine/Content/Functions/Engine_MaterialFunctions02/Texturing/CustomRotator.uasset" 878
"../../../Engine/Content/Functions/Engine_MaterialFunctions02/Texturing/CustomRotator.uexp" 879
"Z:/CreationLayer/ZombieRepo/Content/Myer1919/Texture/Skin/T_RedCamo.ubulk" 880
"Z:/CreationLayer/ZombieRepo/Content/Myer1919/Texture/Skin/T_RedCamo.uasset" 881
"Z:/CreationLayer/ZombieRepo/Content/Myer1919/Texture/Skin/T_RedCamo.uexp" 882
"Z:/CreationLayer/ZombieRepo/Content/Myer1919/Texture/Skin/T_IceCrack_Normal.ubulk" 883
"Z:/CreationLayer/ZombieRepo/Content/Myer1919/Texture/Skin/T_IceCrack_Normal.uasset" 884
"Z:/CreationLayer/ZombieRepo/Content/Myer1919/Texture/Skin/T_IceCrack_Normal.uexp" 885
"Z:/CreationLayer/ZombieRepo/Content/Myer1919/Texture/Skin/T_IceCrack_BaseColor.ubulk" 886
"Z:/CreationLayer/ZombieRepo/Content/Myer1919/Texture/Skin/T_IceCrack_BaseColor.uasset" 887
"Z:/CreationLayer/ZombieRepo/Content/Myer1919/Texture/Skin/T_IceCrack_BaseColor.uexp" 888
"Z:/CreationLayer/ZombieRepo/Content/Myer1919/Texture/Skin/T_Distortion.ubulk" 889
"Z:/CreationLayer/ZombieRepo/Content/Myer1919/Texture/Skin/T_Distortion.uasset" 890
"Z:/CreationLayer/ZombieRepo/Content/Myer1919/Texture/Skin/T_Distortion.uexp" 891
"Z:/CreationLayer/ZombieRepo/Content/Myer1919/Texture/Skin/T_CloudMask.ubulk" 892
"Z:/CreationLayer/ZombieRepo/Content/Myer1919/Texture/Skin/T_CloudMask.uasset" 893
"Z:/CreationLayer/ZombieRepo/Content/Myer1919/Texture/Skin/T_CloudMask.uexp" 894
"Z:/CreationLayer/ZombieRepo/Content/Myer1919/Texture/Skin/T_Cloud2Mask.ubulk" 895
"Z:/CreationLayer/ZombieRepo/Content/Myer1919/Texture/Skin/T_Cloud2Mask.uasset" 896
"Z:/CreationLayer/ZombieRepo/Content/Myer1919/Texture/Skin/T_Cloud2Mask.uexp" 897
"Z:/CreationLayer/ZombieRepo/Content/Myer1919/Texture/Skin/T_Tiger_Skin.uasset" 898
"Z:/CreationLayer/ZombieRepo/Content/Myer1919/Texture/Skin/T_Tiger_Skin.uexp" 899
"Z:/CreationLayer/ZombieRepo/Content/Myer1919/Texture/T_Ster-550_ORM.ubulk" 900
"Z:/CreationLayer/ZombieRepo/Content/Myer1919/Texture/T_Ster-550_ORM.uasset" 901
"Z:/CreationLayer/ZombieRepo/Content/Myer1919/Texture/T_Ster-550_ORM.uexp" 902
"Z:/CreationLayer/ZombieRepo/Content/Myer1919/Texture/T_Ster-550_Mask.ubulk" 903
"Z:/CreationLayer/ZombieRepo/Content/Myer1919/Texture/T_Ster-550_Mask.uasset" 904
"Z:/CreationLayer/ZombieRepo/Content/Myer1919/Texture/T_Ster-550_Mask.uexp" 905
"Z:/CreationLayer/ZombieRepo/Content/Myer1919/Texture/Skin/T_IceCrack_OcclusionRoughnessMetallic.ubulk" 906
"Z:/CreationLayer/ZombieRepo/Content/Myer1919/Texture/Skin/T_IceCrack_OcclusionRoughnessMetallic.uasset" 907
"Z:/CreationLayer/ZombieRepo/Content/Myer1919/Texture/Skin/T_IceCrack_OcclusionRoughnessMetallic.uexp" 908
"Z:/CreationLayer/ZombieRepo/Content/Myer1919/Material/Master/MF_UVTransform_Func.uasset" 909
"Z:/CreationLayer/ZombieRepo/Content/Myer1919/Material/Master/MF_UVTransform_Func.uexp" 910
"Z:/CreationLayer/ZombieRepo/Content/Myer1919/Texture/T_Ster-550_BaseColor.ubulk" 911
"Z:/CreationLayer/ZombieRepo/Content/Myer1919/Texture/T_Ster-550_BaseColor.uasset" 912
"Z:/CreationLayer/ZombieRepo/Content/Myer1919/Texture/T_Ster-550_BaseColor.uexp" 913
"Z:/CreationLayer/ZombieRepo/Content/Myer1919/Texture/T_Ster-550_Normal.ubulk" 914
"Z:/CreationLayer/ZombieRepo/Content/Myer1919/Texture/T_Ster-550_Normal.uasset" 915
"Z:/CreationLayer/ZombieRepo/Content/Myer1919/Texture/T_Ster-550_Normal.uexp" 916
"Z:/CreationLayer/ZombieRepo/Content/Myer1919/Material/Master/M_Weapon_Mat.uasset" 917
"Z:/CreationLayer/ZombieRepo/Content/Myer1919/Material/Master/M_Weapon_Mat.uexp" 918
"Z:/CreationLayer/ZombieRepo/Content/Myer1919/Texture/T_Myer-1919_Mask.uasset" 919
"Z:/CreationLayer/ZombieRepo/Content/Myer1919/Texture/T_Myer-1919_Mask.uexp" 920
"Z:/CreationLayer/ZombieRepo/Content/Myer1919/Texture/T_Myer-1919_Normal.ubulk" 921
"Z:/CreationLayer/ZombieRepo/Content/Myer1919/Texture/T_Myer-1919_Normal.uasset" 922
"Z:/CreationLayer/ZombieRepo/Content/Myer1919/Texture/T_Myer-1919_Normal.uexp" 923
"Z:/CreationLayer/ZombieRepo/Content/Myer1919/Texture/T_Myer-1919_BaseColor.ubulk" 924
"Z:/CreationLayer/ZombieRepo/Content/Myer1919/Texture/T_Myer-1919_BaseColor.uasset" 925
"Z:/CreationLayer/ZombieRepo/Content/Myer1919/Texture/T_Myer-1919_BaseColor.uexp" 926
"Z:/CreationLayer/ZombieRepo/Content/Myer1919/Texture/T_Myer-1919_ORM.ubulk" 927
"Z:/CreationLayer/ZombieRepo/Content/Myer1919/Texture/T_Myer-1919_ORM.uasset" 928
"Z:/CreationLayer/ZombieRepo/Content/Myer1919/Texture/T_Myer-1919_ORM.uexp" 929
"Z:/CreationLayer/ZombieRepo/Content/Myer1919/Material/MI_Myer-1919_Texture.uasset" 930
"Z:/CreationLayer/ZombieRepo/Content/Myer1919/Material/MI_Myer-1919_Texture.uexp" 931
"Z:/CreationLayer/ZombieRepo/Content/Myer1919/Mesh/Weapon/Myer-1919/SK_Myer-1919_X_Skeleton.uasset" 932
"Z:/CreationLayer/ZombieRepo/Content/Myer1919/Mesh/Weapon/Myer-1919/SK_Myer-1919_X_Skeleton.uexp" 933
"Z:/CreationLayer/ZombieRepo/Content/Myer1919/Mesh/Weapon/Myer-1919/SK_Myer-1919_X_PhysicsAsset.uasset" 934
"Z:/CreationLayer/ZombieRepo/Content/Myer1919/Mesh/Weapon/Myer-1919/SK_Myer-1919_X_PhysicsAsset.uexp" 935
"Z:/CreationLayer/ZombieRepo/Content/Myer1919/Mesh/Weapon/Myer-1919/SK_Myer-1919_X.uasset" 936
"Z:/CreationLayer/ZombieRepo/Content/Myer1919/Mesh/Weapon/Myer-1919/SK_Myer-1919_X.uexp" 937
"Z:/CreationLayer/ZombieRepo/Content/ObjectAssets/FPWeapon/Mesh/Machinegun/Tex/SM_Scar_Magazine_Metallic.ubulk" 938
"Z:/CreationLayer/ZombieRepo/Content/ObjectAssets/FPWeapon/Mesh/Machinegun/Tex/SM_Scar_Magazine_Metallic.uasset" 939
"Z:/CreationLayer/ZombieRepo/Content/ObjectAssets/FPWeapon/Mesh/Machinegun/Tex/SM_Scar_Magazine_Metallic.uexp" 940
"Z:/CreationLayer/ZombieRepo/Content/ObjectAssets/FPWeapon/Mesh/Machinegun/Tex/SM_Scar_Magazin_Normal.ubulk" 941
"Z:/CreationLayer/ZombieRepo/Content/ObjectAssets/FPWeapon/Mesh/Machinegun/Tex/SM_Scar_Magazin_Normal.uasset" 942
"Z:/CreationLayer/ZombieRepo/Content/ObjectAssets/FPWeapon/Mesh/Machinegun/Tex/SM_Scar_Magazin_Normal.uexp" 943
"Z:/CreationLayer/ZombieRepo/Content/ObjectAssets/FPWeapon/Mesh/Machinegun/Tex/SM_Scar_Magazine_Height.ubulk" 944
"Z:/CreationLayer/ZombieRepo/Content/ObjectAssets/FPWeapon/Mesh/Machinegun/Tex/SM_Scar_Magazine_Height.uasset" 945
"Z:/CreationLayer/ZombieRepo/Content/ObjectAssets/FPWeapon/Mesh/Machinegun/Tex/SM_Scar_Magazine_Height.uexp" 946
"Z:/CreationLayer/ZombieRepo/Content/ObjectAssets/FPWeapon/Mesh/Machinegun/Tex/SM_Scar_Magazine_BaseColor.ubulk" 947
"Z:/CreationLayer/ZombieRepo/Content/ObjectAssets/FPWeapon/Mesh/Machinegun/Tex/SM_Scar_Magazine_BaseColor.uasset" 948
"Z:/CreationLayer/ZombieRepo/Content/ObjectAssets/FPWeapon/Mesh/Machinegun/Tex/SM_Scar_Magazine_BaseColor.uexp" 949
"Z:/CreationLayer/ZombieRepo/Content/ObjectAssets/FPWeapon/Mesh/Machinegun/Tex/SM_Scar_Magazine_Roughness.ubulk" 950
"Z:/CreationLayer/ZombieRepo/Content/ObjectAssets/FPWeapon/Mesh/Machinegun/Tex/SM_Scar_Magazine_Roughness.uasset" 951
"Z:/CreationLayer/ZombieRepo/Content/ObjectAssets/FPWeapon/Mesh/Machinegun/Tex/SM_Scar_Magazine_Roughness.uexp" 952
"Z:/CreationLayer/ZombieRepo/Content/ObjectAssets/FPWeapon/Mesh/Machinegun/Tex/MI_MGMag.uasset" 953
"Z:/CreationLayer/ZombieRepo/Content/ObjectAssets/FPWeapon/Mesh/Machinegun/Tex/MI_MGMag.uexp" 954
"Z:/CreationLayer/ZombieRepo/Content/ObjectAssets/FPWeapon/Mesh/Machinegun/Tex/SM_Scar_Handle_Roughness.ubulk" 955
"Z:/CreationLayer/ZombieRepo/Content/ObjectAssets/FPWeapon/Mesh/Machinegun/Tex/SM_Scar_Handle_Roughness.uasset" 956
"Z:/CreationLayer/ZombieRepo/Content/ObjectAssets/FPWeapon/Mesh/Machinegun/Tex/SM_Scar_Handle_Roughness.uexp" 957
"Z:/CreationLayer/ZombieRepo/Content/ObjectAssets/FPWeapon/Mesh/Machinegun/Tex/SM_Scar_Handle_BaseColor.ubulk" 958
"Z:/CreationLayer/ZombieRepo/Content/ObjectAssets/FPWeapon/Mesh/Machinegun/Tex/SM_Scar_Handle_BaseColor.uasset" 959
"Z:/CreationLayer/ZombieRepo/Content/ObjectAssets/FPWeapon/Mesh/Machinegun/Tex/SM_Scar_Handle_BaseColor.uexp" 960
"Z:/CreationLayer/ZombieRepo/Content/ObjectAssets/FPWeapon/Mesh/Machinegun/Tex/SM_Scar_Handle_Normal.ubulk" 961
"Z:/CreationLayer/ZombieRepo/Content/ObjectAssets/FPWeapon/Mesh/Machinegun/Tex/SM_Scar_Handle_Normal.uasset" 962
"Z:/CreationLayer/ZombieRepo/Content/ObjectAssets/FPWeapon/Mesh/Machinegun/Tex/SM_Scar_Handle_Normal.uexp" 963
"Z:/CreationLayer/ZombieRepo/Content/ObjectAssets/FPWeapon/Mesh/Machinegun/Tex/SM_Scar_Handle_Metallic.ubulk" 964
"Z:/CreationLayer/ZombieRepo/Content/ObjectAssets/FPWeapon/Mesh/Machinegun/Tex/SM_Scar_Handle_Metallic.uasset" 965
"Z:/CreationLayer/ZombieRepo/Content/ObjectAssets/FPWeapon/Mesh/Machinegun/Tex/SM_Scar_Handle_Metallic.uexp" 966
"Z:/CreationLayer/ZombieRepo/Content/ObjectAssets/FPWeapon/Mesh/Machinegun/Tex/SM_Scar_Handle_Height.ubulk" 967
"Z:/CreationLayer/ZombieRepo/Content/ObjectAssets/FPWeapon/Mesh/Machinegun/Tex/SM_Scar_Handle_Height.uasset" 968
"Z:/CreationLayer/ZombieRepo/Content/ObjectAssets/FPWeapon/Mesh/Machinegun/Tex/SM_Scar_Handle_Height.uexp" 969
"Z:/CreationLayer/ZombieRepo/Content/ObjectAssets/FPWeapon/Mesh/Machinegun/Tex/MI_MGHandle.uasset" 970
"Z:/CreationLayer/ZombieRepo/Content/ObjectAssets/FPWeapon/Mesh/Machinegun/Tex/MI_MGHandle.uexp" 971
"Z:/CreationLayer/ZombieRepo/Content/ObjectAssets/FPWeapon/Mesh/Machinegun/Tex/SM_Scar_Hingebolt_Roughness.ubulk" 972
"Z:/CreationLayer/ZombieRepo/Content/ObjectAssets/FPWeapon/Mesh/Machinegun/Tex/SM_Scar_Hingebolt_Roughness.uasset" 973
"Z:/CreationLayer/ZombieRepo/Content/ObjectAssets/FPWeapon/Mesh/Machinegun/Tex/SM_Scar_Hingebolt_Roughness.uexp" 974
"Z:/CreationLayer/ZombieRepo/Content/ObjectAssets/FPWeapon/Mesh/Machinegun/Tex/SM_Scar_Hingebolt_Normal.ubulk" 975
"Z:/CreationLayer/ZombieRepo/Content/ObjectAssets/FPWeapon/Mesh/Machinegun/Tex/SM_Scar_Hingebolt_Normal.uasset" 976
"Z:/CreationLayer/ZombieRepo/Content/ObjectAssets/FPWeapon/Mesh/Machinegun/Tex/SM_Scar_Hingebolt_Normal.uexp" 977
"Z:/CreationLayer/ZombieRepo/Content/ObjectAssets/FPWeapon/Mesh/Machinegun/Tex/SM_Scar_Hingebolt_Metallic.ubulk" 978
"Z:/CreationLayer/ZombieRepo/Content/ObjectAssets/FPWeapon/Mesh/Machinegun/Tex/SM_Scar_Hingebolt_Metallic.uasset" 979
"Z:/CreationLayer/ZombieRepo/Content/ObjectAssets/FPWeapon/Mesh/Machinegun/Tex/SM_Scar_Hingebolt_Metallic.uexp" 980
"Z:/CreationLayer/ZombieRepo/Content/ObjectAssets/FPWeapon/Mesh/Machinegun/Tex/SM_Scar_Hinge_bolt_Height.ubulk" 981
"Z:/CreationLayer/ZombieRepo/Content/ObjectAssets/FPWeapon/Mesh/Machinegun/Tex/SM_Scar_Hinge_bolt_Height.uasset" 982
"Z:/CreationLayer/ZombieRepo/Content/ObjectAssets/FPWeapon/Mesh/Machinegun/Tex/SM_Scar_Hinge_bolt_Height.uexp" 983
"Z:/CreationLayer/ZombieRepo/Content/ObjectAssets/FPWeapon/Mesh/Machinegun/Tex/SM_Scar_Hingebolt_BaseColor.ubulk" 984
"Z:/CreationLayer/ZombieRepo/Content/ObjectAssets/FPWeapon/Mesh/Machinegun/Tex/SM_Scar_Hingebolt_BaseColor.uasset" 985
"Z:/CreationLayer/ZombieRepo/Content/ObjectAssets/FPWeapon/Mesh/Machinegun/Tex/SM_Scar_Hingebolt_BaseColor.uexp" 986
"Z:/CreationLayer/ZombieRepo/Content/ObjectAssets/FPWeapon/Mesh/Machinegun/Tex/MI_MGHingeBolt.uasset" 987
"Z:/CreationLayer/ZombieRepo/Content/ObjectAssets/FPWeapon/Mesh/Machinegun/Tex/MI_MGHingeBolt.uexp" 988
"Z:/CreationLayer/ZombieRepo/Content/ObjectAssets/FPWeapon/Mesh/Machinegun/Tex/SM_Scar_Bolts_Metallic.ubulk" 989
"Z:/CreationLayer/ZombieRepo/Content/ObjectAssets/FPWeapon/Mesh/Machinegun/Tex/SM_Scar_Bolts_Metallic.uasset" 990
"Z:/CreationLayer/ZombieRepo/Content/ObjectAssets/FPWeapon/Mesh/Machinegun/Tex/SM_Scar_Bolts_Metallic.uexp" 991
"Z:/CreationLayer/ZombieRepo/Content/ObjectAssets/FPWeapon/Mesh/Machinegun/Tex/SM_Scar_Bolts_BaseColor.ubulk" 992
"Z:/CreationLayer/ZombieRepo/Content/ObjectAssets/FPWeapon/Mesh/Machinegun/Tex/SM_Scar_Bolts_BaseColor.uasset" 993
"Z:/CreationLayer/ZombieRepo/Content/ObjectAssets/FPWeapon/Mesh/Machinegun/Tex/SM_Scar_Bolts_BaseColor.uexp" 994
"Z:/CreationLayer/ZombieRepo/Content/ObjectAssets/FPWeapon/Mesh/Machinegun/Tex/SM_Scar_Bolts_Normal.ubulk" 995
"Z:/CreationLayer/ZombieRepo/Content/ObjectAssets/FPWeapon/Mesh/Machinegun/Tex/SM_Scar_Bolts_Normal.uasset" 996
"Z:/CreationLayer/ZombieRepo/Content/ObjectAssets/FPWeapon/Mesh/Machinegun/Tex/SM_Scar_Bolts_Normal.uexp" 997
"Z:/CreationLayer/ZombieRepo/Content/ObjectAssets/FPWeapon/Mesh/Machinegun/Tex/SM_Scar_Bolts_Height.ubulk" 998
"Z:/CreationLayer/ZombieRepo/Content/ObjectAssets/FPWeapon/Mesh/Machinegun/Tex/SM_Scar_Bolts_Height.uasset" 999
"Z:/CreationLayer/ZombieRepo/Content/ObjectAssets/FPWeapon/Mesh/Machinegun/Tex/SM_Scar_Bolts_Height.uexp" 1000
"Z:/CreationLayer/ZombieRepo/Content/ObjectAssets/FPWeapon/Mesh/Machinegun/Tex/SM_Scar_Bolts_Roughness.ubulk" 1001
"Z:/CreationLayer/ZombieRepo/Content/ObjectAssets/FPWeapon/Mesh/Machinegun/Tex/SM_Scar_Bolts_Roughness.uasset" 1002
"Z:/CreationLayer/ZombieRepo/Content/ObjectAssets/FPWeapon/Mesh/Machinegun/Tex/SM_Scar_Bolts_Roughness.uexp" 1003
"Z:/CreationLayer/ZombieRepo/Content/ObjectAssets/FPWeapon/Mesh/Machinegun/Tex/MI_MGBolts.uasset" 1004
"Z:/CreationLayer/ZombieRepo/Content/ObjectAssets/FPWeapon/Mesh/Machinegun/Tex/MI_MGBolts.uexp" 1005
"Z:/CreationLayer/ZombieRepo/Content/ObjectAssets/FPWeapon/Mesh/Machinegun/SK_CombinedMG_AF7E7C11.uasset" 1006
"Z:/CreationLayer/ZombieRepo/Content/ObjectAssets/FPWeapon/Mesh/Machinegun/SK_CombinedMG_AF7E7C11.uexp" 1007
"Z:/CreationLayer/ZombieRepo/Content/ObjectAssets/FPWeapon/Mesh/Machinegun/Tex/SM_Scar_Grips_Height.ubulk" 1008
"Z:/CreationLayer/ZombieRepo/Content/ObjectAssets/FPWeapon/Mesh/Machinegun/Tex/SM_Scar_Grips_Height.uasset" 1009
"Z:/CreationLayer/ZombieRepo/Content/ObjectAssets/FPWeapon/Mesh/Machinegun/Tex/SM_Scar_Grips_Height.uexp" 1010
"Z:/CreationLayer/ZombieRepo/Content/ObjectAssets/FPWeapon/Mesh/Machinegun/Tex/SM_Scar_Grips_Normal.ubulk" 1011
"Z:/CreationLayer/ZombieRepo/Content/ObjectAssets/FPWeapon/Mesh/Machinegun/Tex/SM_Scar_Grips_Normal.uasset" 1012
"Z:/CreationLayer/ZombieRepo/Content/ObjectAssets/FPWeapon/Mesh/Machinegun/Tex/SM_Scar_Grips_Normal.uexp" 1013
"Z:/CreationLayer/ZombieRepo/Content/ObjectAssets/FPWeapon/Mesh/Machinegun/Tex/SM_Scar_Grips_Metallic.ubulk" 1014
"Z:/CreationLayer/ZombieRepo/Content/ObjectAssets/FPWeapon/Mesh/Machinegun/Tex/SM_Scar_Grips_Metallic.uasset" 1015
"Z:/CreationLayer/ZombieRepo/Content/ObjectAssets/FPWeapon/Mesh/Machinegun/Tex/SM_Scar_Grips_Metallic.uexp" 1016
"Z:/CreationLayer/ZombieRepo/Content/ObjectAssets/FPWeapon/Mesh/Machinegun/Tex/SM_Scar_Grips_BaseColor.ubulk" 1017
"Z:/CreationLayer/ZombieRepo/Content/ObjectAssets/FPWeapon/Mesh/Machinegun/Tex/SM_Scar_Grips_BaseColor.uasset" 1018
"Z:/CreationLayer/ZombieRepo/Content/ObjectAssets/FPWeapon/Mesh/Machinegun/Tex/SM_Scar_Grips_BaseColor.uexp" 1019
"Z:/CreationLayer/ZombieRepo/Content/ObjectAssets/FPWeapon/Mesh/Machinegun/Tex/SM_Scar_Grips_Roughness.ubulk" 1020
"Z:/CreationLayer/ZombieRepo/Content/ObjectAssets/FPWeapon/Mesh/Machinegun/Tex/SM_Scar_Grips_Roughness.uasset" 1021
"Z:/CreationLayer/ZombieRepo/Content/ObjectAssets/FPWeapon/Mesh/Machinegun/Tex/SM_Scar_Grips_Roughness.uexp" 1022
"Z:/CreationLayer/ZombieRepo/Content/ObjectAssets/FPWeapon/Mesh/Machinegun/Tex/MI_MGGrips.uasset" 1023
"Z:/CreationLayer/ZombieRepo/Content/ObjectAssets/FPWeapon/Mesh/Machinegun/Tex/MI_MGGrips.uexp" 1024
"Z:/CreationLayer/ZombieRepo/Content/ObjectAssets/FPWeapon/Mesh/Machinegun/Tex/SM_Scar_Acc_Height.ubulk" 1025
"Z:/CreationLayer/ZombieRepo/Content/ObjectAssets/FPWeapon/Mesh/Machinegun/Tex/SM_Scar_Acc_Height.uasset" 1026
"Z:/CreationLayer/ZombieRepo/Content/ObjectAssets/FPWeapon/Mesh/Machinegun/Tex/SM_Scar_Acc_Height.uexp" 1027
"Z:/CreationLayer/ZombieRepo/Content/ObjectAssets/FPWeapon/Mesh/Machinegun/Tex/SM_Scar_Acc_BaseColor.ubulk" 1028
"Z:/CreationLayer/ZombieRepo/Content/ObjectAssets/FPWeapon/Mesh/Machinegun/Tex/SM_Scar_Acc_BaseColor.uasset" 1029
"Z:/CreationLayer/ZombieRepo/Content/ObjectAssets/FPWeapon/Mesh/Machinegun/Tex/SM_Scar_Acc_BaseColor.uexp" 1030
"Z:/CreationLayer/ZombieRepo/Content/ObjectAssets/FPWeapon/Mesh/Machinegun/Tex/SM_Scar_Acc_Normal.ubulk" 1031
"Z:/CreationLayer/ZombieRepo/Content/ObjectAssets/FPWeapon/Mesh/Machinegun/Tex/SM_Scar_Acc_Normal.uasset" 1032
"Z:/CreationLayer/ZombieRepo/Content/ObjectAssets/FPWeapon/Mesh/Machinegun/Tex/SM_Scar_Acc_Normal.uexp" 1033
"Z:/CreationLayer/ZombieRepo/Content/ObjectAssets/FPWeapon/Mesh/Machinegun/Tex/SM_Scar_Acc_Roughness.ubulk" 1034
"Z:/CreationLayer/ZombieRepo/Content/ObjectAssets/FPWeapon/Mesh/Machinegun/Tex/SM_Scar_Acc_Roughness.uasset" 1035
"Z:/CreationLayer/ZombieRepo/Content/ObjectAssets/FPWeapon/Mesh/Machinegun/Tex/SM_Scar_Acc_Roughness.uexp" 1036
"Z:/CreationLayer/ZombieRepo/Content/ObjectAssets/FPWeapon/Mesh/Machinegun/Tex/SM_Scar_Acc_Metallic.ubulk" 1037
"Z:/CreationLayer/ZombieRepo/Content/ObjectAssets/FPWeapon/Mesh/Machinegun/Tex/SM_Scar_Acc_Metallic.uasset" 1038
"Z:/CreationLayer/ZombieRepo/Content/ObjectAssets/FPWeapon/Mesh/Machinegun/Tex/SM_Scar_Acc_Metallic.uexp" 1039
"Z:/CreationLayer/ZombieRepo/Content/ObjectAssets/FPWeapon/Mesh/Machinegun/Tex/MI_MGAcc.uasset" 1040
"Z:/CreationLayer/ZombieRepo/Content/ObjectAssets/FPWeapon/Mesh/Machinegun/Tex/MI_MGAcc.uexp" 1041
"Z:/CreationLayer/ZombieRepo/Content/ObjectAssets/FPWeapon/Mesh/Machinegun/Tex/SM_Scar_Switch_Normal.ubulk" 1042
"Z:/CreationLayer/ZombieRepo/Content/ObjectAssets/FPWeapon/Mesh/Machinegun/Tex/SM_Scar_Switch_Normal.uasset" 1043
"Z:/CreationLayer/ZombieRepo/Content/ObjectAssets/FPWeapon/Mesh/Machinegun/Tex/SM_Scar_Switch_Normal.uexp" 1044
"Z:/CreationLayer/ZombieRepo/Content/ObjectAssets/FPWeapon/Mesh/Machinegun/Tex/SM_Scar_Switch_BaseColor.ubulk" 1045
"Z:/CreationLayer/ZombieRepo/Content/ObjectAssets/FPWeapon/Mesh/Machinegun/Tex/SM_Scar_Switch_BaseColor.uasset" 1046
"Z:/CreationLayer/ZombieRepo/Content/ObjectAssets/FPWeapon/Mesh/Machinegun/Tex/SM_Scar_Switch_BaseColor.uexp" 1047
"Z:/CreationLayer/ZombieRepo/Content/ObjectAssets/FPWeapon/Mesh/Machinegun/Tex/SM_Scar_Switch_Roughness.ubulk" 1048
"Z:/CreationLayer/ZombieRepo/Content/ObjectAssets/FPWeapon/Mesh/Machinegun/Tex/SM_Scar_Switch_Roughness.uasset" 1049
"Z:/CreationLayer/ZombieRepo/Content/ObjectAssets/FPWeapon/Mesh/Machinegun/Tex/SM_Scar_Switch_Roughness.uexp" 1050
"Z:/CreationLayer/ZombieRepo/Content/ObjectAssets/FPWeapon/Mesh/Machinegun/Tex/SM_Scar_Switch_Height.ubulk" 1051
"Z:/CreationLayer/ZombieRepo/Content/ObjectAssets/FPWeapon/Mesh/Machinegun/Tex/SM_Scar_Switch_Height.uasset" 1052
"Z:/CreationLayer/ZombieRepo/Content/ObjectAssets/FPWeapon/Mesh/Machinegun/Tex/SM_Scar_Switch_Height.uexp" 1053
"Z:/CreationLayer/ZombieRepo/Content/ObjectAssets/FPWeapon/Mesh/Machinegun/Tex/SM_Scar_Switch_Metallic.ubulk" 1054
"Z:/CreationLayer/ZombieRepo/Content/ObjectAssets/FPWeapon/Mesh/Machinegun/Tex/SM_Scar_Switch_Metallic.uasset" 1055
"Z:/CreationLayer/ZombieRepo/Content/ObjectAssets/FPWeapon/Mesh/Machinegun/Tex/SM_Scar_Switch_Metallic.uexp" 1056
"Z:/CreationLayer/ZombieRepo/Content/ObjectAssets/FPWeapon/Mesh/Machinegun/Tex/MI_MGSwitch.uasset" 1057
"Z:/CreationLayer/ZombieRepo/Content/ObjectAssets/FPWeapon/Mesh/Machinegun/Tex/MI_MGSwitch.uexp" 1058
"Z:/CreationLayer/ZombieRepo/Content/ObjectAssets/FPWeapon/Mesh/Machinegun/Tex/SM_Scar_Stock_BaseColor.ubulk" 1059
"Z:/CreationLayer/ZombieRepo/Content/ObjectAssets/FPWeapon/Mesh/Machinegun/Tex/SM_Scar_Stock_BaseColor.uasset" 1060
"Z:/CreationLayer/ZombieRepo/Content/ObjectAssets/FPWeapon/Mesh/Machinegun/Tex/SM_Scar_Stock_BaseColor.uexp" 1061
"Z:/CreationLayer/ZombieRepo/Content/ObjectAssets/FPWeapon/Mesh/Machinegun/Tex/SM_Scar_Stock_Height.ubulk" 1062
"Z:/CreationLayer/ZombieRepo/Content/ObjectAssets/FPWeapon/Mesh/Machinegun/Tex/SM_Scar_Stock_Height.uasset" 1063
"Z:/CreationLayer/ZombieRepo/Content/ObjectAssets/FPWeapon/Mesh/Machinegun/Tex/SM_Scar_Stock_Height.uexp" 1064
"Z:/CreationLayer/ZombieRepo/Content/ObjectAssets/FPWeapon/Mesh/Machinegun/Tex/SM_Scar_Stock_Roughness.ubulk" 1065
"Z:/CreationLayer/ZombieRepo/Content/ObjectAssets/FPWeapon/Mesh/Machinegun/Tex/SM_Scar_Stock_Roughness.uasset" 1066
"Z:/CreationLayer/ZombieRepo/Content/ObjectAssets/FPWeapon/Mesh/Machinegun/Tex/SM_Scar_Stock_Roughness.uexp" 1067
"Z:/CreationLayer/ZombieRepo/Content/ObjectAssets/FPWeapon/Mesh/Machinegun/Tex/SM_Scar_Stock_Normal.ubulk" 1068
"Z:/CreationLayer/ZombieRepo/Content/ObjectAssets/FPWeapon/Mesh/Machinegun/Tex/SM_Scar_Stock_Normal.uasset" 1069
"Z:/CreationLayer/ZombieRepo/Content/ObjectAssets/FPWeapon/Mesh/Machinegun/Tex/SM_Scar_Stock_Normal.uexp" 1070
"Z:/CreationLayer/ZombieRepo/Content/ObjectAssets/FPWeapon/Mesh/Machinegun/Tex/SM_Scar_Stock_Metallic.ubulk" 1071
"Z:/CreationLayer/ZombieRepo/Content/ObjectAssets/FPWeapon/Mesh/Machinegun/Tex/SM_Scar_Stock_Metallic.uasset" 1072
"Z:/CreationLayer/ZombieRepo/Content/ObjectAssets/FPWeapon/Mesh/Machinegun/Tex/SM_Scar_Stock_Metallic.uexp" 1073
"Z:/CreationLayer/ZombieRepo/Content/ObjectAssets/FPWeapon/Mesh/Machinegun/Tex/MI_MGStock.uasset" 1074
"Z:/CreationLayer/ZombieRepo/Content/ObjectAssets/FPWeapon/Mesh/Machinegun/Tex/MI_MGStock.uexp" 1075
"Z:/CreationLayer/ZombieRepo/Content/ObjectAssets/FPWeapon/Mesh/Machinegun/Tex/SM_Scar_Hinge_Roughness.ubulk" 1076
"Z:/CreationLayer/ZombieRepo/Content/ObjectAssets/FPWeapon/Mesh/Machinegun/Tex/SM_Scar_Hinge_Roughness.uasset" 1077
"Z:/CreationLayer/ZombieRepo/Content/ObjectAssets/FPWeapon/Mesh/Machinegun/Tex/SM_Scar_Hinge_Roughness.uexp" 1078
"Z:/CreationLayer/ZombieRepo/Content/ObjectAssets/FPWeapon/Mesh/Machinegun/Tex/SM_Scar_Hinge_BaseColor.ubulk" 1079
"Z:/CreationLayer/ZombieRepo/Content/ObjectAssets/FPWeapon/Mesh/Machinegun/Tex/SM_Scar_Hinge_BaseColor.uasset" 1080
"Z:/CreationLayer/ZombieRepo/Content/ObjectAssets/FPWeapon/Mesh/Machinegun/Tex/SM_Scar_Hinge_BaseColor.uexp" 1081
"Z:/CreationLayer/ZombieRepo/Content/ObjectAssets/FPWeapon/Mesh/Machinegun/Tex/SM_Scar_Hinge_Metallic.ubulk" 1082
"Z:/CreationLayer/ZombieRepo/Content/ObjectAssets/FPWeapon/Mesh/Machinegun/Tex/SM_Scar_Hinge_Metallic.uasset" 1083
"Z:/CreationLayer/ZombieRepo/Content/ObjectAssets/FPWeapon/Mesh/Machinegun/Tex/SM_Scar_Hinge_Metallic.uexp" 1084
"Z:/CreationLayer/ZombieRepo/Content/ObjectAssets/FPWeapon/Mesh/Machinegun/Tex/SM_Scar_Hinge_Height.ubulk" 1085
"Z:/CreationLayer/ZombieRepo/Content/ObjectAssets/FPWeapon/Mesh/Machinegun/Tex/SM_Scar_Hinge_Height.uasset" 1086
"Z:/CreationLayer/ZombieRepo/Content/ObjectAssets/FPWeapon/Mesh/Machinegun/Tex/SM_Scar_Hinge_Height.uexp" 1087
"Z:/CreationLayer/ZombieRepo/Content/ObjectAssets/FPWeapon/Mesh/Machinegun/Tex/SM_Scar_Hinge_Normal.ubulk" 1088
"Z:/CreationLayer/ZombieRepo/Content/ObjectAssets/FPWeapon/Mesh/Machinegun/Tex/SM_Scar_Hinge_Normal.uasset" 1089
"Z:/CreationLayer/ZombieRepo/Content/ObjectAssets/FPWeapon/Mesh/Machinegun/Tex/SM_Scar_Hinge_Normal.uexp" 1090
"Z:/CreationLayer/ZombieRepo/Content/ObjectAssets/FPWeapon/Mesh/Machinegun/Tex/MI_MGHinge.uasset" 1091
"Z:/CreationLayer/ZombieRepo/Content/ObjectAssets/FPWeapon/Mesh/Machinegun/Tex/MI_MGHinge.uexp" 1092
"Z:/CreationLayer/ZombieRepo/Content/ObjectAssets/FPWeapon/Mesh/Machinegun/Tex/SM_Scar_Body_BaseColor.ubulk" 1093
"Z:/CreationLayer/ZombieRepo/Content/ObjectAssets/FPWeapon/Mesh/Machinegun/Tex/SM_Scar_Body_BaseColor.uasset" 1094
"Z:/CreationLayer/ZombieRepo/Content/ObjectAssets/FPWeapon/Mesh/Machinegun/Tex/SM_Scar_Body_BaseColor.uexp" 1095
"Z:/CreationLayer/ZombieRepo/Content/ObjectAssets/FPWeapon/Mesh/Machinegun/Tex/SM_Scar_Body_Normal.ubulk" 1096
"Z:/CreationLayer/ZombieRepo/Content/ObjectAssets/FPWeapon/Mesh/Machinegun/Tex/SM_Scar_Body_Normal.uasset" 1097
"Z:/CreationLayer/ZombieRepo/Content/ObjectAssets/FPWeapon/Mesh/Machinegun/Tex/SM_Scar_Body_Normal.uexp" 1098
"Z:/CreationLayer/ZombieRepo/Content/ObjectAssets/FPWeapon/Mesh/Machinegun/Tex/SM_Scar_Body_Height.ubulk" 1099
"Z:/CreationLayer/ZombieRepo/Content/ObjectAssets/FPWeapon/Mesh/Machinegun/Tex/SM_Scar_Body_Height.uasset" 1100
"Z:/CreationLayer/ZombieRepo/Content/ObjectAssets/FPWeapon/Mesh/Machinegun/Tex/SM_Scar_Body_Height.uexp" 1101
"Z:/CreationLayer/ZombieRepo/Content/ObjectAssets/FPWeapon/Mesh/Machinegun/Tex/SM_Scar_Body_Metallic.ubulk" 1102
"Z:/CreationLayer/ZombieRepo/Content/ObjectAssets/FPWeapon/Mesh/Machinegun/Tex/SM_Scar_Body_Metallic.uasset" 1103
"Z:/CreationLayer/ZombieRepo/Content/ObjectAssets/FPWeapon/Mesh/Machinegun/Tex/SM_Scar_Body_Metallic.uexp" 1104
"Z:/CreationLayer/ZombieRepo/Content/ObjectAssets/FPWeapon/Mesh/Machinegun/Tex/SM_Scar_Body_Roughness.ubulk" 1105
"Z:/CreationLayer/ZombieRepo/Content/ObjectAssets/FPWeapon/Mesh/Machinegun/Tex/SM_Scar_Body_Roughness.uasset" 1106
"Z:/CreationLayer/ZombieRepo/Content/ObjectAssets/FPWeapon/Mesh/Machinegun/Tex/SM_Scar_Body_Roughness.uexp" 1107
"Z:/CreationLayer/ZombieRepo/Content/ObjectAssets/FPWeapon/Mesh/Machinegun/Tex/MI_MGBody.uasset" 1108
"Z:/CreationLayer/ZombieRepo/Content/ObjectAssets/FPWeapon/Mesh/Machinegun/Tex/MI_MGBody.uexp" 1109
"Z:/CreationLayer/ZombieRepo/Content/ObjectAssets/FPWeapon/Mesh/Machinegun/SKM_CombinedMG_AF7E7C11.uasset" 1110
"Z:/CreationLayer/ZombieRepo/Content/ObjectAssets/FPWeapon/Mesh/Machinegun/SKM_CombinedMG_AF7E7C11.uexp" 1111
"../../../Engine/Content/VREditor/LaserPointer/M_LaserPointer-Core.uasset" 1112
"../../../Engine/Content/VREditor/LaserPointer/M_LaserPointer-Core.uexp" 1113
"Z:/CreationLayer/ZombieRepo/Content/FirstPerson/Blueprints/BP_Pickup_MG.uasset" 1114
"Z:/CreationLayer/ZombieRepo/Content/FirstPerson/Blueprints/BP_Pickup_MG.uexp" 1115
"Z:/CreationLayer/ZombieRepo/Content/FirstPerson/Blueprints/BP_Pickup_PG.uasset" 1116
"Z:/CreationLayer/ZombieRepo/Content/FirstPerson/Blueprints/BP_Pickup_PG.uexp" 1117
"../../../Engine/Content/EngineResources/DefaultTextureCube.uasset" 1118
"../../../Engine/Content/EngineResources/DefaultTextureCube.uexp" 1119
"../../../Engine/Content/EngineResources/DefaultVolumeTexture2D.uasset" 1120
"../../../Engine/Content/EngineResources/DefaultVolumeTexture2D.uexp" 1121
"../../../Engine/Content/EngineResources/DefaultVolumeTexture.uasset" 1122
"../../../Engine/Content/EngineResources/DefaultVolumeTexture.uexp" 1123
"../../../Engine/Content/EngineMeshes/Sphere.ubulk" 1124
"../../../Engine/Content/EngineMeshes/Sphere.uasset" 1125
"../../../Engine/Content/EngineMeshes/Sphere.uexp" 1126
"../../../Engine/Plugins/NNE/NNEDenoiser/Content/NNEDTOM_Output_Default.uasset" 1127
"../../../Engine/Plugins/NNE/NNEDenoiser/Content/NNEDTOM_Output_Default.uexp" 1128
"../../../Engine/Plugins/NNE/NNEDenoiser/Content/NNEDTOM_Output_Alpha.uasset" 1129
"../../../Engine/Plugins/NNE/NNEDenoiser/Content/NNEDTOM_Output_Alpha.uexp" 1130
"../../../Engine/Plugins/NNE/NNEDenoiser/Content/NNEDTIM_ColorAlbedoNormal_Default.uasset" 1131
"../../../Engine/Plugins/NNE/NNEDenoiser/Content/NNEDTIM_ColorAlbedoNormal_Default.uexp" 1132
"../../../Engine/Plugins/NNE/NNEDenoiser/Content/NNEDTIM_ColorAlbedoNormal_Alpha.uasset" 1133
"../../../Engine/Plugins/NNE/NNEDenoiser/Content/NNEDTIM_ColorAlbedoNormal_Alpha.uexp" 1134
"../../../Engine/Plugins/NNE/NNEDenoiser/Content/NNEDOM_Output_Default.uasset" 1135
"../../../Engine/Plugins/NNE/NNEDenoiser/Content/NNEDOM_Output_Default.uexp" 1136
"../../../Engine/Plugins/NNE/NNEDenoiser/Content/NNEDOM_Output_Alpha.uasset" 1137
"../../../Engine/Plugins/NNE/NNEDenoiser/Content/NNEDOM_Output_Alpha.uexp" 1138
"../../../Engine/Plugins/NNE/NNEDenoiser/Content/NNEDIM_HighQuality_Default.uasset" 1139
"../../../Engine/Plugins/NNE/NNEDenoiser/Content/NNEDIM_HighQuality_Default.uexp" 1140
"../../../Engine/Plugins/NNE/NNEDenoiser/Content/NNEDIM_HighQuality_Alpha.uasset" 1141
"../../../Engine/Plugins/NNE/NNEDenoiser/Content/NNEDIM_HighQuality_Alpha.uexp" 1142
"../../../Engine/Plugins/NNE/NNEDenoiser/Content/NNEDIM_ColorAlbedoNormal_Default.uasset" 1143
"../../../Engine/Plugins/NNE/NNEDenoiser/Content/NNEDIM_ColorAlbedoNormal_Default.uexp" 1144
"../../../Engine/Plugins/NNE/NNEDenoiser/Content/NNEDIM_ColorAlbedoNormal_Alpha.uasset" 1145
"../../../Engine/Plugins/NNE/NNEDenoiser/Content/NNEDIM_ColorAlbedoNormal_Alpha.uexp" 1146
"../../../Engine/Plugins/Media/MediaPlate/Content/SM_MediaPlateScreen.ubulk" 1147
"../../../Engine/Plugins/Media/MediaPlate/Content/SM_MediaPlateScreen.uasset" 1148
"../../../Engine/Plugins/Media/MediaPlate/Content/SM_MediaPlateScreen.uexp" 1149
"../../../Engine/Content/Functions/Engine_MaterialFunctions02/WorldPositionOffset/CameraOffset.uasset" 1150
"../../../Engine/Content/Functions/Engine_MaterialFunctions02/WorldPositionOffset/CameraOffset.uexp" 1151
"../../../Engine/Plugins/Animation/ControlRig/Content/M_Manip.uasset" 1152
"../../../Engine/Plugins/Animation/ControlRig/Content/M_Manip.uexp" 1153
"../../../Engine/Plugins/2D/Paper2D/Content/OpaqueUnlitSpriteMaterial.uasset" 1154
"../../../Engine/Plugins/2D/Paper2D/Content/OpaqueUnlitSpriteMaterial.uexp" 1155
"../../../Engine/Plugins/2D/Paper2D/Content/MaskedUnlitSpriteMaterial.uasset" 1156
"../../../Engine/Plugins/2D/Paper2D/Content/MaskedUnlitSpriteMaterial.uexp" 1157
"../../../Engine/Plugins/Runtime/MeshModelingToolset/Content/Materials/M_DynamicMeshComponentVtxColor.uasset" 1158
"../../../Engine/Plugins/Runtime/MeshModelingToolset/Content/Materials/M_DynamicMeshComponentVtxColor.uexp" 1159
"../../../Engine/Plugins/Runtime/HairStrands/Content/Materials/HairMeshesDefaultMaterial.uasset" 1160
"../../../Engine/Plugins/Runtime/HairStrands/Content/Materials/HairMeshesDefaultMaterial.uexp" 1161
"../../../Engine/Plugins/Runtime/HairStrands/Content/Materials/HairDefaultMaterial.uasset" 1162
"../../../Engine/Plugins/Runtime/HairStrands/Content/Materials/HairDefaultMaterial.uexp" 1163
"../../../Engine/Plugins/Runtime/HairStrands/Content/Materials/HairGroupColors.uasset" 1164
"../../../Engine/Plugins/Runtime/HairStrands/Content/Materials/HairGroupColors.uexp" 1165
"../../../Engine/Content/Functions/Engine_MaterialFunctions02/Utility/MakeFloat2.uasset" 1166
"../../../Engine/Content/Functions/Engine_MaterialFunctions02/Utility/MakeFloat2.uexp" 1167
"../../../Engine/Content/EngineMaterials/HairColorMap.uasset" 1168
"../../../Engine/Content/EngineMaterials/HairColorMap.uexp" 1169
"../../../Engine/Content/EngineMaterials/HairDebugColor.uasset" 1170
"../../../Engine/Content/EngineMaterials/HairDebugColor.uexp" 1171
"../../../Engine/Plugins/Runtime/HairStrands/Content/Materials/HairDebugMaterial.uasset" 1172
"../../../Engine/Plugins/Runtime/HairStrands/Content/Materials/HairDebugMaterial.uexp" 1173
"../../../Engine/Plugins/Runtime/HairStrands/Content/Materials/HairCardsDefaultMaterial.uasset" 1174
"../../../Engine/Plugins/Runtime/HairStrands/Content/Materials/HairCardsDefaultMaterial.uexp" 1175
"../../../Engine/Plugins/Runtime/AudioWidgets/Content/AudioMaterialSlate/Functions/MF_SingleLine_Smooth.uasset" 1176
"../../../Engine/Plugins/Runtime/AudioWidgets/Content/AudioMaterialSlate/Functions/MF_SingleLine_Smooth.uexp" 1177
"../../../Engine/Plugins/Runtime/AudioWidgets/Content/AudioMaterialSlate/Functions/MF_AngleGradient.uasset" 1178
"../../../Engine/Plugins/Runtime/AudioWidgets/Content/AudioMaterialSlate/Functions/MF_AngleGradient.uexp" 1179
"../../../Engine/Plugins/Runtime/AudioWidgets/Content/AudioMaterialSlate/Functions/MF_SingleLine.uasset" 1180
"../../../Engine/Plugins/Runtime/AudioWidgets/Content/AudioMaterialSlate/Functions/MF_SingleLine.uexp" 1181
"../../../Engine/Content/Functions/Engine_MaterialFunctions01/Gradient/SphereGradient-2D.uasset" 1182
"../../../Engine/Content/Functions/Engine_MaterialFunctions01/Gradient/SphereGradient-2D.uexp" 1183
"../../../Engine/Plugins/Runtime/AudioWidgets/Content/AudioMaterialSlate/M_AudioMaterialToggleButton.uasset" 1184
"../../../Engine/Plugins/Runtime/AudioWidgets/Content/AudioMaterialSlate/M_AudioMaterialToggleButton.uexp" 1185
"../../../Engine/Plugins/Runtime/AudioWidgets/Content/AudioMaterialSlate/MI_AudioMaterialToggleButton.uasset" 1186
"../../../Engine/Plugins/Runtime/AudioWidgets/Content/AudioMaterialSlate/MI_AudioMaterialToggleButton.uexp" 1187
"../../../Engine/Content/Functions/Engine_MaterialFunctions02/Utility/VectorLength.uasset" 1188
"../../../Engine/Content/Functions/Engine_MaterialFunctions02/Utility/VectorLength.uexp" 1189
"../../../Engine/Content/Functions/Engine_MaterialFunctions01/Gradient/GeneratedRoundRect.uasset" 1190
"../../../Engine/Content/Functions/Engine_MaterialFunctions01/Gradient/GeneratedRoundRect.uexp" 1191
"../../../Engine/Plugins/Runtime/AudioWidgets/Content/AudioMaterialSlate/M_AudioMaterialRoundedSlider.uasset" 1192
"../../../Engine/Plugins/Runtime/AudioWidgets/Content/AudioMaterialSlate/M_AudioMaterialRoundedSlider.uexp" 1193
"../../../Engine/Plugins/Runtime/AudioWidgets/Content/AudioMaterialSlate/MI_AudioMaterialRoundedSlider.uasset" 1194
"../../../Engine/Plugins/Runtime/AudioWidgets/Content/AudioMaterialSlate/MI_AudioMaterialRoundedSlider.uexp" 1195
"../../../Engine/Plugins/Runtime/AudioWidgets/Content/AudioMaterialSlate/Functions/MF_Lines.uasset" 1196
"../../../Engine/Plugins/Runtime/AudioWidgets/Content/AudioMaterialSlate/Functions/MF_Lines.uexp" 1197
"../../../Engine/Content/Functions/Engine_MaterialFunctions02/Lerp_3Color.uasset" 1198
"../../../Engine/Content/Functions/Engine_MaterialFunctions02/Lerp_3Color.uexp" 1199
"../../../Engine/Plugins/Runtime/AudioWidgets/Content/AudioMaterialSlate/M_AudioMaterialMeter.uasset" 1200
"../../../Engine/Plugins/Runtime/AudioWidgets/Content/AudioMaterialSlate/M_AudioMaterialMeter.uexp" 1201
"../../../Engine/Plugins/Runtime/AudioWidgets/Content/AudioMaterialSlate/MI_AudioMaterialMeter.uasset" 1202
"../../../Engine/Plugins/Runtime/AudioWidgets/Content/AudioMaterialSlate/MI_AudioMaterialMeter.uexp" 1203
"../../../Engine/Plugins/Runtime/AudioWidgets/Content/AudioMaterialSlate/M_AudioMaterialKnob.uasset" 1204
"../../../Engine/Plugins/Runtime/AudioWidgets/Content/AudioMaterialSlate/M_AudioMaterialKnob.uexp" 1205
"../../../Engine/Plugins/Runtime/AudioWidgets/Content/AudioMaterialSlate/MI_AudioMaterialKnob.uasset" 1206
"../../../Engine/Plugins/Runtime/AudioWidgets/Content/AudioMaterialSlate/MI_AudioMaterialKnob.uexp" 1207
"../../../Engine/Plugins/Runtime/AudioWidgets/Content/AudioMaterialSlate/Functions/MF_DotOutlined.uasset" 1208
"../../../Engine/Plugins/Runtime/AudioWidgets/Content/AudioMaterialSlate/Functions/MF_DotOutlined.uexp" 1209
"../../../Engine/Plugins/Runtime/AudioWidgets/Content/AudioMaterialSlate/M_AudioMaterialEnvelope_ADSR.uasset" 1210
"../../../Engine/Plugins/Runtime/AudioWidgets/Content/AudioMaterialSlate/M_AudioMaterialEnvelope_ADSR.uexp" 1211
"../../../Engine/Plugins/Runtime/AudioWidgets/Content/AudioMaterialSlate/MI_AudioMaterialEnvelope_ADSR.uasset" 1212
"../../../Engine/Plugins/Runtime/AudioWidgets/Content/AudioMaterialSlate/MI_AudioMaterialEnvelope_ADSR.uexp" 1213
"../../../Engine/Plugins/Interchange/Assets/Content/Functions/MX_UsdPreviewSurface.uasset" 1214
"../../../Engine/Plugins/Interchange/Assets/Content/Functions/MX_UsdPreviewSurface.uexp" 1215
"../../../Engine/Plugins/Interchange/Assets/Content/Functions/MX_UniformEDF.uasset" 1216
"../../../Engine/Plugins/Interchange/Assets/Content/Functions/MX_UniformEDF.uexp" 1217
"../../../Engine/Plugins/Interchange/Assets/Content/Functions/MX_TranslucentBSDF.uasset" 1218
"../../../Engine/Plugins/Interchange/Assets/Content/Functions/MX_TranslucentBSDF.uexp" 1219
"../../../Engine/Plugins/Interchange/Assets/Content/Functions/MX_ThinFilmBSDF.uasset" 1220
"../../../Engine/Plugins/Interchange/Assets/Content/Functions/MX_ThinFilmBSDF.uexp" 1221
"../../../Engine/Plugins/Interchange/Assets/Content/Functions/MX_SurfaceUnlit.uasset" 1222
"../../../Engine/Plugins/Interchange/Assets/Content/Functions/MX_SurfaceUnlit.uexp" 1223
"../../../Engine/Plugins/Interchange/Assets/Content/Functions/MX_Surface.uasset" 1224
"../../../Engine/Plugins/Interchange/Assets/Content/Functions/MX_Surface.uexp" 1225
"../../../Engine/Plugins/Interchange/Assets/Content/Functions/MX_SubsurfaceBSDF.uasset" 1226
"../../../Engine/Plugins/Interchange/Assets/Content/Functions/MX_SubsurfaceBSDF.uexp" 1227
"../../../Engine/Plugins/Interchange/Assets/Content/Functions/MX_SheenBSDF.uasset" 1228
"../../../Engine/Plugins/Interchange/Assets/Content/Functions/MX_SheenBSDF.uexp" 1229
"../../../Engine/Plugins/Interchange/Assets/Content/Functions/MX_OrenNayarBSDF.uasset" 1230
"../../../Engine/Plugins/Interchange/Assets/Content/Functions/MX_OrenNayarBSDF.uexp" 1231
"../../../Engine/Plugins/Interchange/Assets/Content/Utilities/New_LUT.uasset" 1232
"../../../Engine/Plugins/Interchange/Assets/Content/Utilities/New_LUT.uexp" 1233
"../../../Engine/Content/Functions/Engine_MaterialFunctions03/Math/RemapValueRange.uasset" 1234
"../../../Engine/Content/Functions/Engine_MaterialFunctions03/Math/RemapValueRange.uexp" 1235
"../../../Engine/Plugins/Interchange/Assets/Content/Functions/MF_Iridescence.uasset" 1236
"../../../Engine/Plugins/Interchange/Assets/Content/Functions/MF_Iridescence.uexp" 1237
"../../../Engine/Plugins/Interchange/Assets/Content/Functions/MX_StandardSurface.uasset" 1238
"../../../Engine/Plugins/Interchange/Assets/Content/Functions/MX_StandardSurface.uexp" 1239
"../../../Engine/Plugins/Interchange/Assets/Content/Functions/MX_TransmissionSurface.uasset" 1240
"../../../Engine/Plugins/Interchange/Assets/Content/Functions/MX_TransmissionSurface.uexp" 1241
"../../../Engine/Plugins/Interchange/Assets/Content/Functions/MX_OpenPBR_Translucent.uasset" 1242
"../../../Engine/Plugins/Interchange/Assets/Content/Functions/MX_OpenPBR_Translucent.uexp" 1243
"../../../Engine/Plugins/Interchange/Assets/Content/Functions/MX_OpenPBR_Opaque.uasset" 1244
"../../../Engine/Plugins/Interchange/Assets/Content/Functions/MX_OpenPBR_Opaque.uexp" 1245
"../../../Engine/Plugins/Interchange/Assets/Content/Functions/MX_MeasuredEDF.uasset" 1246
"../../../Engine/Plugins/Interchange/Assets/Content/Functions/MX_MeasuredEDF.uexp" 1247
"../../../Engine/Plugins/Interchange/Assets/Content/Functions/MX_GeneralizedSchlickBSDF.uasset" 1248
"../../../Engine/Plugins/Interchange/Assets/Content/Functions/MX_GeneralizedSchlickBSDF.uexp" 1249
"../../../Engine/Plugins/Interchange/Assets/Content/Functions/MX_DielectricBSDF.uasset" 1250
"../../../Engine/Plugins/Interchange/Assets/Content/Functions/MX_DielectricBSDF.uexp" 1251
"../../../Engine/Plugins/Interchange/Assets/Content/Functions/MX_ConicalEDF.uasset" 1252
"../../../Engine/Plugins/Interchange/Assets/Content/Functions/MX_ConicalEDF.uexp" 1253
"../../../Engine/Plugins/Interchange/Assets/Content/Functions/MX_ConductorBSDF.uasset" 1254
"../../../Engine/Plugins/Interchange/Assets/Content/Functions/MX_ConductorBSDF.uexp" 1255
"../../../Engine/Plugins/Interchange/Assets/Content/Functions/MX_BurleyDiffuseBSDF.uasset" 1256
"../../../Engine/Plugins/Interchange/Assets/Content/Functions/MX_BurleyDiffuseBSDF.uexp" 1257
"../../../Engine/Plugins/Interchange/Assets/Content/Functions/MX_AnisotropicVDF.uasset" 1258
"../../../Engine/Plugins/Interchange/Assets/Content/Functions/MX_AnisotropicVDF.uexp" 1259
"../../../Engine/Plugins/Interchange/Assets/Content/Functions/MX_AbsorptionVDF.uasset" 1260
"../../../Engine/Plugins/Interchange/Assets/Content/Functions/MX_AbsorptionVDF.uexp" 1261
"../../../Engine/Plugins/Editor/SpeedTreeImporter/Content/SpeedTree9/game_wind_noise.ubulk" 1262
"../../../Engine/Plugins/Editor/SpeedTreeImporter/Content/SpeedTree9/game_wind_noise.uasset" 1263
"../../../Engine/Plugins/Editor/SpeedTreeImporter/Content/SpeedTree9/game_wind_noise.uexp" 1264
"../../../Engine/Plugins/Editor/SpeedTreeImporter/Content/SpeedTree9/UnpackDirection.uasset" 1265
"../../../Engine/Plugins/Editor/SpeedTreeImporter/Content/SpeedTree9/UnpackDirection.uexp" 1266
"../../../Engine/Content/Functions/Engine_MaterialFunctions02/ObjectLocalBounds.uasset" 1267
"../../../Engine/Content/Functions/Engine_MaterialFunctions02/ObjectLocalBounds.uexp" 1268
"../../../Engine/Content/Functions/Engine_MaterialFunctions02/UVs/BoundingBoxBased_0-1_UVW.uasset" 1269
"../../../Engine/Content/Functions/Engine_MaterialFunctions02/UVs/BoundingBoxBased_0-1_UVW.uexp" 1270
"../../../Engine/Plugins/Editor/SpeedTreeImporter/Content/SpeedTree9/UnpackInteger3.uasset" 1271
"../../../Engine/Plugins/Editor/SpeedTreeImporter/Content/SpeedTree9/UnpackInteger3.uexp" 1272
"../../../Engine/Plugins/Editor/SpeedTreeImporter/Content/SpeedTree9/SpeedTreeCameraFacing.uasset" 1273
"../../../Engine/Plugins/Editor/SpeedTreeImporter/Content/SpeedTree9/SpeedTreeCameraFacing.uexp" 1274
"../../../Engine/Content/Functions/Engine_MaterialFunctions02/WorldPositionOffset/ObjectScale.uasset" 1275
"../../../Engine/Content/Functions/Engine_MaterialFunctions02/WorldPositionOffset/ObjectScale.uexp" 1276
"../../../Engine/Plugins/Editor/SpeedTreeImporter/Content/SpeedTree9/SpeedTreeWindMotion.uasset" 1277
"../../../Engine/Plugins/Editor/SpeedTreeImporter/Content/SpeedTree9/SpeedTreeWindMotion.uexp" 1278
"../../../Engine/Plugins/Editor/SpeedTreeImporter/Content/SpeedTree9/SpeedTreeBranchMotion.uasset" 1279
"../../../Engine/Plugins/Editor/SpeedTreeImporter/Content/SpeedTree9/SpeedTreeBranchMotion.uexp" 1280
"../../../Engine/Plugins/Editor/SpeedTreeImporter/Content/SpeedTree9/SpeedTreeWind.uasset" 1281
"../../../Engine/Plugins/Editor/SpeedTreeImporter/Content/SpeedTree9/SpeedTreeWind.uexp" 1282
"../../../Engine/Plugins/Editor/SpeedTreeImporter/Content/SpeedTree9/EmptyNormal.uasset" 1283
"../../../Engine/Plugins/Editor/SpeedTreeImporter/Content/SpeedTree9/EmptyNormal.uexp" 1284
"../../../Engine/Plugins/Editor/SpeedTreeImporter/Content/SpeedTree9/Empty.uasset" 1285
"../../../Engine/Plugins/Editor/SpeedTreeImporter/Content/SpeedTree9/Empty.uexp" 1286
"../../../Engine/Plugins/Editor/SpeedTreeImporter/Content/SpeedTree9/SpeedTreeMaster.uasset" 1287
"../../../Engine/Plugins/Editor/SpeedTreeImporter/Content/SpeedTree9/SpeedTreeMaster.uexp" 1288
"../../../Engine/Plugins/Editor/SpeedTreeImporter/Content/SpeedTree9/SpeedTreeBillboard.uasset" 1289
"../../../Engine/Plugins/Editor/SpeedTreeImporter/Content/SpeedTree9/SpeedTreeBillboard.uexp" 1290
"../../../Engine/Plugins/Editor/SpeedTreeImporter/Content/SpeedTree9/SpeedTreeBillboardMaster.uasset" 1291
"../../../Engine/Plugins/Editor/SpeedTreeImporter/Content/SpeedTree9/SpeedTreeBillboardMaster.uexp" 1292
"../../../Engine/Plugins/Animation/ControlRig/Content/Controls/ControlRig_Wedge_solid.ubulk" 1293
"../../../Engine/Plugins/Animation/ControlRig/Content/Controls/ControlRig_Wedge_solid.uasset" 1294
"../../../Engine/Plugins/Animation/ControlRig/Content/Controls/ControlRig_Wedge_solid.uexp" 1295
"../../../Engine/Plugins/Animation/ControlRig/Content/Controls/ControlRig_Wedge_3mm.ubulk" 1296
"../../../Engine/Plugins/Animation/ControlRig/Content/Controls/ControlRig_Wedge_3mm.uasset" 1297
"../../../Engine/Plugins/Animation/ControlRig/Content/Controls/ControlRig_Wedge_3mm.uexp" 1298
"../../../Engine/Plugins/Animation/ControlRig/Content/Controls/ControlRig_Wedge_1mm.ubulk" 1299
"../../../Engine/Plugins/Animation/ControlRig/Content/Controls/ControlRig_Wedge_1mm.uasset" 1300
"../../../Engine/Plugins/Animation/ControlRig/Content/Controls/ControlRig_Wedge_1mm.uexp" 1301
"../../../Engine/Plugins/Animation/ControlRig/Content/Controls/ControlRig_Triangle_solid.ubulk" 1302
"../../../Engine/Plugins/Animation/ControlRig/Content/Controls/ControlRig_Triangle_solid.uasset" 1303
"../../../Engine/Plugins/Animation/ControlRig/Content/Controls/ControlRig_Triangle_solid.uexp" 1304
"../../../Engine/Plugins/Animation/ControlRig/Content/Controls/ControlRig_Triangle_3mm.ubulk" 1305
"../../../Engine/Plugins/Animation/ControlRig/Content/Controls/ControlRig_Triangle_3mm.uasset" 1306
"../../../Engine/Plugins/Animation/ControlRig/Content/Controls/ControlRig_Triangle_3mm.uexp" 1307
"../../../Engine/Plugins/Animation/ControlRig/Content/Controls/ControlRig_Triangle_1mm.ubulk" 1308
"../../../Engine/Plugins/Animation/ControlRig/Content/Controls/ControlRig_Triangle_1mm.uasset" 1309
"../../../Engine/Plugins/Animation/ControlRig/Content/Controls/ControlRig_Triangle_1mm.uexp" 1310
"../../../Engine/Plugins/Animation/ControlRig/Content/Controls/ControlRig_Star4_solid.ubulk" 1311
"../../../Engine/Plugins/Animation/ControlRig/Content/Controls/ControlRig_Star4_solid.uasset" 1312
"../../../Engine/Plugins/Animation/ControlRig/Content/Controls/ControlRig_Star4_solid.uexp" 1313
"../../../Engine/Plugins/Animation/ControlRig/Content/Controls/ControlRig_Star4_3mm.ubulk" 1314
"../../../Engine/Plugins/Animation/ControlRig/Content/Controls/ControlRig_Star4_3mm.uasset" 1315
"../../../Engine/Plugins/Animation/ControlRig/Content/Controls/ControlRig_Star4_3mm.uexp" 1316
"../../../Engine/Plugins/Animation/ControlRig/Content/Controls/ControlRig_Star4_1mm.ubulk" 1317
"../../../Engine/Plugins/Animation/ControlRig/Content/Controls/ControlRig_Star4_1mm.uasset" 1318
"../../../Engine/Plugins/Animation/ControlRig/Content/Controls/ControlRig_Star4_1mm.uexp" 1319
"../../../Engine/Plugins/Animation/ControlRig/Content/Controls/ControlRig_Square_solid.ubulk" 1320
"../../../Engine/Plugins/Animation/ControlRig/Content/Controls/ControlRig_Square_solid.uasset" 1321
"../../../Engine/Plugins/Animation/ControlRig/Content/Controls/ControlRig_Square_solid.uexp" 1322
"../../../Engine/Plugins/Animation/ControlRig/Content/Controls/ControlRig_Square_3mm.ubulk" 1323
"../../../Engine/Plugins/Animation/ControlRig/Content/Controls/ControlRig_Square_3mm.uasset" 1324
"../../../Engine/Plugins/Animation/ControlRig/Content/Controls/ControlRig_Square_3mm.uexp" 1325
"../../../Engine/Plugins/Animation/ControlRig/Content/Controls/ControlRig_Square_1mm.ubulk" 1326
"../../../Engine/Plugins/Animation/ControlRig/Content/Controls/ControlRig_Square_1mm.uasset" 1327
"../../../Engine/Plugins/Animation/ControlRig/Content/Controls/ControlRig_Square_1mm.uexp" 1328
"../../../Engine/Plugins/Animation/ControlRig/Content/Controls/ControlRig_Sphere_solid.ubulk" 1329
"../../../Engine/Plugins/Animation/ControlRig/Content/Controls/ControlRig_Sphere_solid.uasset" 1330
"../../../Engine/Plugins/Animation/ControlRig/Content/Controls/ControlRig_Sphere_solid.uexp" 1331
"../../../Engine/Plugins/Animation/ControlRig/Content/Controls/ControlRig_Sphere_3mm.ubulk" 1332
"../../../Engine/Plugins/Animation/ControlRig/Content/Controls/ControlRig_Sphere_3mm.uasset" 1333
"../../../Engine/Plugins/Animation/ControlRig/Content/Controls/ControlRig_Sphere_3mm.uexp" 1334
"../../../Engine/Plugins/Animation/ControlRig/Content/Controls/ControlRig_Sphere_1mm.ubulk" 1335
"../../../Engine/Plugins/Animation/ControlRig/Content/Controls/ControlRig_Sphere_1mm.uasset" 1336
"../../../Engine/Plugins/Animation/ControlRig/Content/Controls/ControlRig_Sphere_1mm.uexp" 1337
"../../../Engine/Plugins/Animation/ControlRig/Content/Controls/ControlRig_RoundedTriangle_solid.ubulk" 1338
"../../../Engine/Plugins/Animation/ControlRig/Content/Controls/ControlRig_RoundedTriangle_solid.uasset" 1339
"../../../Engine/Plugins/Animation/ControlRig/Content/Controls/ControlRig_RoundedTriangle_solid.uexp" 1340
"../../../Engine/Plugins/Animation/ControlRig/Content/Controls/ControlRig_RoundedTriangle_3mm.ubulk" 1341
"../../../Engine/Plugins/Animation/ControlRig/Content/Controls/ControlRig_RoundedTriangle_3mm.uasset" 1342
"../../../Engine/Plugins/Animation/ControlRig/Content/Controls/ControlRig_RoundedTriangle_3mm.uexp" 1343
"../../../Engine/Plugins/Animation/ControlRig/Content/Controls/ControlRig_RoundedTriangle_1mm.ubulk" 1344
"../../../Engine/Plugins/Animation/ControlRig/Content/Controls/ControlRig_RoundedTriangle_1mm.uasset" 1345
"../../../Engine/Plugins/Animation/ControlRig/Content/Controls/ControlRig_RoundedTriangle_1mm.uexp" 1346
"../../../Engine/Plugins/Animation/ControlRig/Content/Controls/ControlRig_RoundedSquare_solid.ubulk" 1347
"../../../Engine/Plugins/Animation/ControlRig/Content/Controls/ControlRig_RoundedSquare_solid.uasset" 1348
"../../../Engine/Plugins/Animation/ControlRig/Content/Controls/ControlRig_RoundedSquare_solid.uexp" 1349
"../../../Engine/Plugins/Animation/ControlRig/Content/Controls/ControlRig_RoundedSquare_3mm.ubulk" 1350
"../../../Engine/Plugins/Animation/ControlRig/Content/Controls/ControlRig_RoundedSquare_3mm.uasset" 1351
"../../../Engine/Plugins/Animation/ControlRig/Content/Controls/ControlRig_RoundedSquare_3mm.uexp" 1352
"../../../Engine/Plugins/Animation/ControlRig/Content/Controls/ControlRig_RoundedSquare_1mm.ubulk" 1353
"../../../Engine/Plugins/Animation/ControlRig/Content/Controls/ControlRig_RoundedSquare_1mm.uasset" 1354
"../../../Engine/Plugins/Animation/ControlRig/Content/Controls/ControlRig_RoundedSquare_1mm.uexp" 1355
"../../../Engine/Plugins/Animation/ControlRig/Content/Controls/ControlRig_QuarterCircle_solid.ubulk" 1356
"../../../Engine/Plugins/Animation/ControlRig/Content/Controls/ControlRig_QuarterCircle_solid.uasset" 1357
"../../../Engine/Plugins/Animation/ControlRig/Content/Controls/ControlRig_QuarterCircle_solid.uexp" 1358
"../../../Engine/Plugins/Animation/ControlRig/Content/Controls/ControlRig_QuarterCircle_3mm.ubulk" 1359
"../../../Engine/Plugins/Animation/ControlRig/Content/Controls/ControlRig_QuarterCircle_3mm.uasset" 1360
"../../../Engine/Plugins/Animation/ControlRig/Content/Controls/ControlRig_QuarterCircle_3mm.uexp" 1361
"../../../Engine/Plugins/Animation/ControlRig/Content/Controls/ControlRig_QuarterCircle_1mm.ubulk" 1362
"../../../Engine/Plugins/Animation/ControlRig/Content/Controls/ControlRig_QuarterCircle_1mm.uasset" 1363
"../../../Engine/Plugins/Animation/ControlRig/Content/Controls/ControlRig_QuarterCircle_1mm.uexp" 1364
"../../../Engine/Plugins/Animation/ControlRig/Content/Controls/ControlRig_Pyramid_solid.ubulk" 1365
"../../../Engine/Plugins/Animation/ControlRig/Content/Controls/ControlRig_Pyramid_solid.uasset" 1366
"../../../Engine/Plugins/Animation/ControlRig/Content/Controls/ControlRig_Pyramid_solid.uexp" 1367
"../../../Engine/Plugins/Animation/ControlRig/Content/Controls/ControlRig_Pyramid_3mm.ubulk" 1368
"../../../Engine/Plugins/Animation/ControlRig/Content/Controls/ControlRig_Pyramid_3mm.uasset" 1369
"../../../Engine/Plugins/Animation/ControlRig/Content/Controls/ControlRig_Pyramid_3mm.uexp" 1370
"../../../Engine/Plugins/Animation/ControlRig/Content/Controls/ControlRig_Pyramid_1mm.ubulk" 1371
"../../../Engine/Plugins/Animation/ControlRig/Content/Controls/ControlRig_Pyramid_1mm.uasset" 1372
"../../../Engine/Plugins/Animation/ControlRig/Content/Controls/ControlRig_Pyramid_1mm.uexp" 1373
"../../../Engine/Plugins/Animation/ControlRig/Content/Controls/ControlRig_Octagon_solid.ubulk" 1374
"../../../Engine/Plugins/Animation/ControlRig/Content/Controls/ControlRig_Octagon_solid.uasset" 1375
"../../../Engine/Plugins/Animation/ControlRig/Content/Controls/ControlRig_Octagon_solid.uexp" 1376
"../../../Engine/Plugins/Animation/ControlRig/Content/Controls/ControlRig_Octagon_3mm.ubulk" 1377
"../../../Engine/Plugins/Animation/ControlRig/Content/Controls/ControlRig_Octagon_3mm.uasset" 1378
"../../../Engine/Plugins/Animation/ControlRig/Content/Controls/ControlRig_Octagon_3mm.uexp" 1379
"../../../Engine/Plugins/Animation/ControlRig/Content/Controls/ControlRig_Octagon_1mm.ubulk" 1380
"../../../Engine/Plugins/Animation/ControlRig/Content/Controls/ControlRig_Octagon_1mm.uasset" 1381
"../../../Engine/Plugins/Animation/ControlRig/Content/Controls/ControlRig_Octagon_1mm.uexp" 1382
"../../../Engine/Plugins/Animation/ControlRig/Content/Controls/ControlRig_Hexagon_solid.ubulk" 1383
"../../../Engine/Plugins/Animation/ControlRig/Content/Controls/ControlRig_Hexagon_solid.uasset" 1384
"../../../Engine/Plugins/Animation/ControlRig/Content/Controls/ControlRig_Hexagon_solid.uexp" 1385
"../../../Engine/Plugins/Animation/ControlRig/Content/Controls/ControlRig_Hexagon_3mm.ubulk" 1386
"../../../Engine/Plugins/Animation/ControlRig/Content/Controls/ControlRig_Hexagon_3mm.uasset" 1387
"../../../Engine/Plugins/Animation/ControlRig/Content/Controls/ControlRig_Hexagon_3mm.uexp" 1388
"../../../Engine/Plugins/Animation/ControlRig/Content/Controls/ControlRig_Hexagon_1mm.ubulk" 1389
"../../../Engine/Plugins/Animation/ControlRig/Content/Controls/ControlRig_Hexagon_1mm.uasset" 1390
"../../../Engine/Plugins/Animation/ControlRig/Content/Controls/ControlRig_Hexagon_1mm.uexp" 1391
"../../../Engine/Plugins/Animation/ControlRig/Content/Controls/ControlRig_HalfCircle_solid.ubulk" 1392
"../../../Engine/Plugins/Animation/ControlRig/Content/Controls/ControlRig_HalfCircle_solid.uasset" 1393
"../../../Engine/Plugins/Animation/ControlRig/Content/Controls/ControlRig_HalfCircle_solid.uexp" 1394
"../../../Engine/Plugins/Animation/ControlRig/Content/Controls/ControlRig_HalfCircle_3mm.ubulk" 1395
"../../../Engine/Plugins/Animation/ControlRig/Content/Controls/ControlRig_HalfCircle_3mm.uasset" 1396
"../../../Engine/Plugins/Animation/ControlRig/Content/Controls/ControlRig_HalfCircle_3mm.uexp" 1397
"../../../Engine/Plugins/Animation/ControlRig/Content/Controls/ControlRig_HalfCircle_1mm.ubulk" 1398
"../../../Engine/Plugins/Animation/ControlRig/Content/Controls/ControlRig_HalfCircle_1mm.uasset" 1399
"../../../Engine/Plugins/Animation/ControlRig/Content/Controls/ControlRig_HalfCircle_1mm.uexp" 1400
"../../../Engine/Plugins/Animation/ControlRig/Content/Controls/ControlRig_Diamond_solid.ubulk" 1401
"../../../Engine/Plugins/Animation/ControlRig/Content/Controls/ControlRig_Diamond_solid.uasset" 1402
"../../../Engine/Plugins/Animation/ControlRig/Content/Controls/ControlRig_Diamond_solid.uexp" 1403
"../../../Engine/Plugins/Animation/ControlRig/Content/Controls/ControlRig_Diamond_3mm.ubulk" 1404
"../../../Engine/Plugins/Animation/ControlRig/Content/Controls/ControlRig_Diamond_3mm.uasset" 1405
"../../../Engine/Plugins/Animation/ControlRig/Content/Controls/ControlRig_Diamond_3mm.uexp" 1406
"../../../Engine/Plugins/Animation/ControlRig/Content/Controls/ControlRig_Diamond_1mm.ubulk" 1407
"../../../Engine/Plugins/Animation/ControlRig/Content/Controls/ControlRig_Diamond_1mm.uasset" 1408
"../../../Engine/Plugins/Animation/ControlRig/Content/Controls/ControlRig_Diamond_1mm.uexp" 1409
"../../../Engine/Plugins/Animation/ControlRig/Content/Controls/ControlRig_Circle_solid.ubulk" 1410
"../../../Engine/Plugins/Animation/ControlRig/Content/Controls/ControlRig_Circle_solid.uasset" 1411
"../../../Engine/Plugins/Animation/ControlRig/Content/Controls/ControlRig_Circle_solid.uexp" 1412
"../../../Engine/Plugins/Animation/ControlRig/Content/Controls/ControlRig_Circle_3mm.ubulk" 1413
"../../../Engine/Plugins/Animation/ControlRig/Content/Controls/ControlRig_Circle_3mm.uasset" 1414
"../../../Engine/Plugins/Animation/ControlRig/Content/Controls/ControlRig_Circle_3mm.uexp" 1415
"../../../Engine/Plugins/Animation/ControlRig/Content/Controls/ControlRig_Circle_1mm.ubulk" 1416
"../../../Engine/Plugins/Animation/ControlRig/Content/Controls/ControlRig_Circle_1mm.uasset" 1417
"../../../Engine/Plugins/Animation/ControlRig/Content/Controls/ControlRig_Circle_1mm.uexp" 1418
"../../../Engine/Plugins/Animation/ControlRig/Content/Controls/ControlRig_Box_solid.ubulk" 1419
"../../../Engine/Plugins/Animation/ControlRig/Content/Controls/ControlRig_Box_solid.uasset" 1420
"../../../Engine/Plugins/Animation/ControlRig/Content/Controls/ControlRig_Box_solid.uexp" 1421
"../../../Engine/Plugins/Animation/ControlRig/Content/Controls/ControlRig_Box_3mm.ubulk" 1422
"../../../Engine/Plugins/Animation/ControlRig/Content/Controls/ControlRig_Box_3mm.uasset" 1423
"../../../Engine/Plugins/Animation/ControlRig/Content/Controls/ControlRig_Box_3mm.uexp" 1424
"../../../Engine/Plugins/Animation/ControlRig/Content/Controls/ControlRig_Box_1mm.ubulk" 1425
"../../../Engine/Plugins/Animation/ControlRig/Content/Controls/ControlRig_Box_1mm.uasset" 1426
"../../../Engine/Plugins/Animation/ControlRig/Content/Controls/ControlRig_Box_1mm.uexp" 1427
"../../../Engine/Plugins/Animation/ControlRig/Content/Controls/ControlRig_Arrow_solid.ubulk" 1428
"../../../Engine/Plugins/Animation/ControlRig/Content/Controls/ControlRig_Arrow_solid.uasset" 1429
"../../../Engine/Plugins/Animation/ControlRig/Content/Controls/ControlRig_Arrow_solid.uexp" 1430
"../../../Engine/Plugins/Animation/ControlRig/Content/Controls/ControlRig_Arrow_3mm.ubulk" 1431
"../../../Engine/Plugins/Animation/ControlRig/Content/Controls/ControlRig_Arrow_3mm.uasset" 1432
"../../../Engine/Plugins/Animation/ControlRig/Content/Controls/ControlRig_Arrow_3mm.uexp" 1433
"../../../Engine/Plugins/Animation/ControlRig/Content/Controls/ControlRig_Arrow_1mm.ubulk" 1434
"../../../Engine/Plugins/Animation/ControlRig/Content/Controls/ControlRig_Arrow_1mm.uasset" 1435
"../../../Engine/Plugins/Animation/ControlRig/Content/Controls/ControlRig_Arrow_1mm.uexp" 1436
"../../../Engine/Plugins/Animation/ControlRig/Content/Controls/ControlRig_Arrow4_solid.ubulk" 1437
"../../../Engine/Plugins/Animation/ControlRig/Content/Controls/ControlRig_Arrow4_solid.uasset" 1438
"../../../Engine/Plugins/Animation/ControlRig/Content/Controls/ControlRig_Arrow4_solid.uexp" 1439
"../../../Engine/Plugins/Animation/ControlRig/Content/Controls/ControlRig_Arrow4_3mm.ubulk" 1440
"../../../Engine/Plugins/Animation/ControlRig/Content/Controls/ControlRig_Arrow4_3mm.uasset" 1441
"../../../Engine/Plugins/Animation/ControlRig/Content/Controls/ControlRig_Arrow4_3mm.uexp" 1442
"../../../Engine/Plugins/Animation/ControlRig/Content/Controls/ControlRig_Arrow4_1mm.ubulk" 1443
"../../../Engine/Plugins/Animation/ControlRig/Content/Controls/ControlRig_Arrow4_1mm.uasset" 1444
"../../../Engine/Plugins/Animation/ControlRig/Content/Controls/ControlRig_Arrow4_1mm.uexp" 1445
"../../../Engine/Plugins/Animation/ControlRig/Content/Controls/ControlRig_Arrow2_solid.ubulk" 1446
"../../../Engine/Plugins/Animation/ControlRig/Content/Controls/ControlRig_Arrow2_solid.uasset" 1447
"../../../Engine/Plugins/Animation/ControlRig/Content/Controls/ControlRig_Arrow2_solid.uexp" 1448
"../../../Engine/Plugins/Animation/ControlRig/Content/Controls/ControlRig_Arrow2_3mm.ubulk" 1449
"../../../Engine/Plugins/Animation/ControlRig/Content/Controls/ControlRig_Arrow2_3mm.uasset" 1450
"../../../Engine/Plugins/Animation/ControlRig/Content/Controls/ControlRig_Arrow2_3mm.uexp" 1451
"../../../Engine/Plugins/Animation/ControlRig/Content/Controls/ControlRig_Arrow2_1mm.ubulk" 1452
"../../../Engine/Plugins/Animation/ControlRig/Content/Controls/ControlRig_Arrow2_1mm.uasset" 1453
"../../../Engine/Plugins/Animation/ControlRig/Content/Controls/ControlRig_Arrow2_1mm.uexp" 1454
"../../../Engine/Plugins/Animation/ControlRig/Content/Controls/ControlRigXRayMaterial.uasset" 1455
"../../../Engine/Plugins/Animation/ControlRig/Content/Controls/ControlRigXRayMaterial.uexp" 1456
"../../../Engine/Plugins/Animation/ControlRig/Content/Controls/ControlRigGizmoMaterial.uasset" 1457
"../../../Engine/Plugins/Animation/ControlRig/Content/Controls/ControlRigGizmoMaterial.uexp" 1458
"../../../Engine/Content/EngineResources/WhiteSquareTexture.uasset" 1459
"../../../Engine/Content/EngineResources/WhiteSquareTexture.uexp" 1460
"../../../Engine/Content/EngineMaterials/Widget3DPassThrough.uasset" 1461
"../../../Engine/Content/EngineMaterials/Widget3DPassThrough.uexp" 1462
"../../../Engine/Content/EngineMaterials/Widget3DPassThrough_Translucent.uasset" 1463
"../../../Engine/Content/EngineMaterials/Widget3DPassThrough_Translucent.uexp" 1464
"../../../Engine/Content/EngineMaterials/Widget3DPassThrough_Translucent_OneSided.uasset" 1465
"../../../Engine/Content/EngineMaterials/Widget3DPassThrough_Translucent_OneSided.uexp" 1466
"../../../Engine/Content/EngineMaterials/Widget3DPassThrough_Opaque.uasset" 1467
"../../../Engine/Content/EngineMaterials/Widget3DPassThrough_Opaque.uexp" 1468
"../../../Engine/Content/EngineMaterials/Widget3DPassThrough_Opaque_OneSided.uasset" 1469
"../../../Engine/Content/EngineMaterials/Widget3DPassThrough_Opaque_OneSided.uexp" 1470
"../../../Engine/Content/EngineMaterials/Widget3DPassThrough_Masked_OneSided.uasset" 1471
"../../../Engine/Content/EngineMaterials/Widget3DPassThrough_Masked_OneSided.uexp" 1472
"../../../Engine/Content/EngineMaterials/Widget3DPassThrough_Masked.uasset" 1473
"../../../Engine/Content/EngineMaterials/Widget3DPassThrough_Masked.uexp" 1474
"../../../Engine/Content/EngineMaterials/WeightMapPlaceholderTexture.uasset" 1475
"../../../Engine/Content/EngineMaterials/WeightMapPlaceholderTexture.uexp" 1476
"../../../Engine/Content/EngineMaterials/WeightMapArrayPlaceholderTexture.uasset" 1477
"../../../Engine/Content/EngineMaterials/WeightMapArrayPlaceholderTexture.uexp" 1478
"../../../Engine/Content/EngineMaterials/RemoveSurfaceMaterial.uasset" 1479
"../../../Engine/Content/EngineMaterials/RemoveSurfaceMaterial.uexp" 1480
"../../../Engine/Content/EngineMaterials/DefaultCalibrationGrayscale.uasset" 1481
"../../../Engine/Content/EngineMaterials/DefaultCalibrationGrayscale.uexp" 1482
"../../../Engine/Content/EngineMaterials/PPM_DefaultCalibrationGrayscale.uasset" 1483
"../../../Engine/Content/EngineMaterials/PPM_DefaultCalibrationGrayscale.uexp" 1484
"../../../Engine/Content/EngineMaterials/DefaultCalibrationColor.uasset" 1485
"../../../Engine/Content/EngineMaterials/DefaultCalibrationColor.uexp" 1486
"../../../Engine/Content/EngineMaterials/PPM_DefaultCalibrationColor.uasset" 1487
"../../../Engine/Content/EngineMaterials/PPM_DefaultCalibrationColor.uexp" 1488
"../../../Engine/Content/EngineMaterials/PhAT_JointLimitMaterial.uasset" 1489
"../../../Engine/Content/EngineMaterials/PhAT_JointLimitMaterial.uexp" 1490
"../../../Engine/Content/EngineMaterials/NaniteHiddenSectionMaterial.uasset" 1491
"../../../Engine/Content/EngineMaterials/NaniteHiddenSectionMaterial.uexp" 1492
"../../../Engine/Content/EngineMaterials/InvalidLightmapSettings.ubulk" 1493
"../../../Engine/Content/EngineMaterials/InvalidLightmapSettings.uasset" 1494
"../../../Engine/Content/EngineMaterials/InvalidLightmapSettings.uexp" 1495
"../../../Engine/Content/EngineMaterials/M_InvalidLightmapSettings.uasset" 1496
"../../../Engine/Content/EngineMaterials/M_InvalidLightmapSettings.uexp" 1497
"../../../Engine/Content/EngineMaterials/GizmoMaterial.uasset" 1498
"../../../Engine/Content/EngineMaterials/GizmoMaterial.uexp" 1499
"../../../Engine/Content/EngineMaterials/BaseFlattenEmissiveMap_VT.uasset" 1500
"../../../Engine/Content/EngineMaterials/BaseFlattenEmissiveMap_VT.uexp" 1501
"../../../Engine/Content/EngineMaterials/BaseFlattenGrayscaleMap_VT.uasset" 1502
"../../../Engine/Content/EngineMaterials/BaseFlattenGrayscaleMap_VT.uexp" 1503
"../../../Engine/Content/EngineMaterials/BaseFlattenLinearColor_VT.uasset" 1504
"../../../Engine/Content/EngineMaterials/BaseFlattenLinearColor_VT.uexp" 1505
"../../../Engine/Content/EngineMaterials/Black_1x1_EXR_Texture_VT.uasset" 1506
"../../../Engine/Content/EngineMaterials/Black_1x1_EXR_Texture_VT.uexp" 1507
"../../../Engine/Content/EngineMaterials/BaseFlattenDiffuseMap_VT.uasset" 1508
"../../../Engine/Content/EngineMaterials/BaseFlattenDiffuseMap_VT.uexp" 1509
"../../../Engine/Content/EngineMaterials/BaseFlattenNormalMap_VT.uasset" 1510
"../../../Engine/Content/EngineMaterials/BaseFlattenNormalMap_VT.uexp" 1511
"../../../Engine/Content/EngineMaterials/FlattenMaterial_WS_Normal_VT.uasset" 1512
"../../../Engine/Content/EngineMaterials/FlattenMaterial_WS_Normal_VT.uexp" 1513
"../../../Engine/Content/EngineMaterials/FlattenMaterial_VT.uasset" 1514
"../../../Engine/Content/EngineMaterials/FlattenMaterial_VT.uexp" 1515
"../../../Engine/Content/EngineMaterials/BaseFlattenNormalMap.uasset" 1516
"../../../Engine/Content/EngineMaterials/BaseFlattenNormalMap.uexp" 1517
"../../../Engine/Content/EngineMaterials/BaseFlattenGrayscaleMap.uasset" 1518
"../../../Engine/Content/EngineMaterials/BaseFlattenGrayscaleMap.uexp" 1519
"../../../Engine/Content/EngineMaterials/BaseFlattenDiffuseMap.uasset" 1520
"../../../Engine/Content/EngineMaterials/BaseFlattenDiffuseMap.uexp" 1521
"../../../Engine/Content/EngineMaterials/BaseFlattenEmissiveMap.uasset" 1522
"../../../Engine/Content/EngineMaterials/BaseFlattenEmissiveMap.uexp" 1523
"../../../Engine/Content/EngineMaterials/BaseFlattenLinearColor.uasset" 1524
"../../../Engine/Content/EngineMaterials/BaseFlattenLinearColor.uexp" 1525
"../../../Engine/Content/EngineMaterials/FlattenMaterial.uasset" 1526
"../../../Engine/Content/EngineMaterials/FlattenMaterial.uexp" 1527
"../../../Engine/Content/EngineMaterials/DefaultWhiteGrid_Low.uasset" 1528
"../../../Engine/Content/EngineMaterials/DefaultWhiteGrid_Low.uexp" 1529
"../../../Engine/Content/EngineMaterials/EmissiveMeshMaterial.uasset" 1530
"../../../Engine/Content/EngineMaterials/EmissiveMeshMaterial.uexp" 1531
"../../../Engine/Content/EngineFonts/RobotoDistanceField.uasset" 1532
"../../../Engine/Content/EngineFonts/RobotoDistanceField.uexp" 1533
"../../../Engine/Content/EngineMaterials/DefaultTextMaterialOpaque.uasset" 1534
"../../../Engine/Content/EngineMaterials/DefaultTextMaterialOpaque.uexp" 1535
"../../../Engine/Content/EngineMaterials/DefaultDiffuse.ubulk" 1536
"../../../Engine/Content/EngineMaterials/DefaultDiffuse.uasset" 1537
"../../../Engine/Content/EngineMaterials/DefaultDiffuse.uexp" 1538
"../../../Engine/Content/EngineMaterials/DefaultPostProcessMaterial.uasset" 1539
"../../../Engine/Content/EngineMaterials/DefaultPostProcessMaterial.uexp" 1540
"../../../Engine/Content/EngineMaterials/DefaultLightFunctionMaterial.uasset" 1541
"../../../Engine/Content/EngineMaterials/DefaultLightFunctionMaterial.uexp" 1542
"../../../Engine/Content/EngineMaterials/DefaultDeferredDecalMaterial.uasset" 1543
"../../../Engine/Content/EngineMaterials/DefaultDeferredDecalMaterial.uexp" 1544
"../../../Engine/Content/Functions/Engine_MaterialFunctions02/Utility/CameraDirectionVector.uasset" 1545
"../../../Engine/Content/Functions/Engine_MaterialFunctions02/Utility/CameraDirectionVector.uexp" 1546
"../../../Engine/Content/EngineDebugMaterials/VolumeToRender.uasset" 1547
"../../../Engine/Content/EngineDebugMaterials/VolumeToRender.uexp" 1548
"../../../Engine/Content/EngineDebugMaterials/M_VolumeRenderSphereTracePP.uasset" 1549
"../../../Engine/Content/EngineDebugMaterials/M_VolumeRenderSphereTracePP.uexp" 1550
"../../../Engine/Content/EngineDebugMaterials/M_SimpleUnlitTranslucent.uasset" 1551
"../../../Engine/Content/EngineDebugMaterials/M_SimpleUnlitTranslucent.uexp" 1552
"../../../Engine/Content/EngineDebugMaterials/DebugMeshMaterial.uasset" 1553
"../../../Engine/Content/EngineDebugMaterials/DebugMeshMaterial.uexp" 1554
"../../../Engine/Content/EngineDebugMaterials/DebugEditorMaterial.uasset" 1555
"../../../Engine/Content/EngineDebugMaterials/DebugEditorMaterial.uexp" 1556
"../../../Engine/Content/EditorMaterials/PreviewShadowIndicator.ubulk" 1557
"../../../Engine/Content/EditorMaterials/PreviewShadowIndicator.uasset" 1558
"../../../Engine/Content/EditorMaterials/PreviewShadowIndicator.uexp" 1559
"../../../Engine/Content/EditorMaterials/PreviewShadowIndicatorMaterial.uasset" 1560
"../../../Engine/Content/EditorMaterials/PreviewShadowIndicatorMaterial.uexp" 1561
"../../../Engine/Content/EditorMaterials/PhAT_UnselectedMaterial.uasset" 1562
"../../../Engine/Content/EditorMaterials/PhAT_UnselectedMaterial.uexp" 1563
"../../../Engine/Content/EditorMaterials/PhAT_NoCollisionMaterial.uasset" 1564
"../../../Engine/Content/EditorMaterials/PhAT_NoCollisionMaterial.uexp" 1565
"../../../Engine/Content/EditorLandscapeResources/SplineEditorMeshMat.uasset" 1566
"../../../Engine/Content/EditorLandscapeResources/SplineEditorMeshMat.uexp" 1567
"../../../Engine/Content/EditorLandscapeResources/SplineEditorMesh.ubulk" 1568
"../../../Engine/Content/EditorLandscapeResources/SplineEditorMesh.uasset" 1569
"../../../Engine/Content/EditorLandscapeResources/SplineEditorMesh.uexp" 1570
"../../../Engine/Content/BasicShapes/Plane.ubulk" 1571
"../../../Engine/Content/BasicShapes/Plane.uasset" 1572
"../../../Engine/Content/BasicShapes/Plane.uexp" 1573
"../../../Engine/Plugins/Interchange/Assets/Content/gltf/Textures/T_White_srgb.uasset" 1574
"../../../Engine/Plugins/Interchange/Assets/Content/gltf/Textures/T_White_srgb.uexp" 1575
"../../../Engine/Plugins/Interchange/Assets/Content/gltf/MaterialFunctions/MF_BaseColor.uasset" 1576
"../../../Engine/Plugins/Interchange/Assets/Content/gltf/MaterialFunctions/MF_BaseColor.uexp" 1577
"../../../Engine/Plugins/Interchange/Assets/Content/gltf/MaterialFunctions/MF_RotateV2.uasset" 1578
"../../../Engine/Plugins/Interchange/Assets/Content/gltf/MaterialFunctions/MF_RotateV2.uexp" 1579
"../../../Engine/Plugins/Interchange/Assets/Content/gltf/MaterialFunctions/MF_TransformUVs.uasset" 1580
"../../../Engine/Plugins/Interchange/Assets/Content/gltf/MaterialFunctions/MF_TransformUVs.uexp" 1581
"../../../Engine/Plugins/Interchange/Assets/Content/gltf/MaterialBodies/MF_Unlit_Body.uasset" 1582
"../../../Engine/Plugins/Interchange/Assets/Content/gltf/MaterialBodies/MF_Unlit_Body.uexp" 1583
"../../../Engine/Plugins/Interchange/Assets/Content/gltf/M_Unlit.uasset" 1584
"../../../Engine/Plugins/Interchange/Assets/Content/gltf/M_Unlit.uexp" 1585
"../../../Engine/Plugins/Interchange/Assets/Content/gltf/MaterialInstances/MI_Unlit_Opaque_DS.uasset" 1586
"../../../Engine/Plugins/Interchange/Assets/Content/gltf/MaterialInstances/MI_Unlit_Opaque_DS.uexp" 1587
"../../../Engine/Plugins/Interchange/Assets/Content/gltf/MaterialInstances/MI_Unlit_Opaque.uasset" 1588
"../../../Engine/Plugins/Interchange/Assets/Content/gltf/MaterialInstances/MI_Unlit_Opaque.uexp" 1589
"../../../Engine/Plugins/Interchange/Assets/Content/gltf/MaterialInstances/MI_Unlit_Mask_DS.uasset" 1590
"../../../Engine/Plugins/Interchange/Assets/Content/gltf/MaterialInstances/MI_Unlit_Mask_DS.uexp" 1591
"../../../Engine/Plugins/Interchange/Assets/Content/gltf/MaterialInstances/MI_Unlit_Mask.uasset" 1592
"../../../Engine/Plugins/Interchange/Assets/Content/gltf/MaterialInstances/MI_Unlit_Mask.uexp" 1593
"../../../Engine/Plugins/Interchange/Assets/Content/gltf/MaterialInstances/MI_Unlit_Blend_DS.uasset" 1594
"../../../Engine/Plugins/Interchange/Assets/Content/gltf/MaterialInstances/MI_Unlit_Blend_DS.uexp" 1595
"../../../Engine/Plugins/Interchange/Assets/Content/gltf/MaterialInstances/MI_Unlit_Blend.uasset" 1596
"../../../Engine/Plugins/Interchange/Assets/Content/gltf/MaterialInstances/MI_Unlit_Blend.uexp" 1597
"../../../Engine/Content/EngineMaterials/Good64x64TilingNoiseHighFreq.uasset" 1598
"../../../Engine/Content/EngineMaterials/Good64x64TilingNoiseHighFreq.uexp" 1599
"../../../Engine/Content/Functions/Engine_MaterialFunctions02/Texturing/ScreenAlignedPixelToPixelUVs.uasset" 1600
"../../../Engine/Content/Functions/Engine_MaterialFunctions02/Texturing/ScreenAlignedPixelToPixelUVs.uexp" 1601
"../../../Engine/Plugins/Interchange/Assets/Content/gltf/MaterialFunctions/MF_Temporal_Blur.uasset" 1602
"../../../Engine/Plugins/Interchange/Assets/Content/gltf/MaterialFunctions/MF_Temporal_Blur.uexp" 1603
"../../../Engine/Plugins/Interchange/Assets/Content/gltf/MaterialFunctions/MF_Specular.uasset" 1604
"../../../Engine/Plugins/Interchange/Assets/Content/gltf/MaterialFunctions/MF_Specular.uexp" 1605
"../../../Engine/Plugins/Interchange/Assets/Content/gltf/Textures/T_Anisotropy_Direction_Linear.uasset" 1606
"../../../Engine/Plugins/Interchange/Assets/Content/gltf/Textures/T_Anisotropy_Direction_Linear.uexp" 1607
"../../../Engine/Plugins/Interchange/Assets/Content/gltf/MaterialFunctions/MF_SpecularAnisotropy.uasset" 1608
"../../../Engine/Plugins/Interchange/Assets/Content/gltf/MaterialFunctions/MF_SpecularAnisotropy.uexp" 1609
"../../../Engine/Plugins/Interchange/Assets/Content/gltf/Textures/T_White_Linear.uasset" 1610
"../../../Engine/Plugins/Interchange/Assets/Content/gltf/Textures/T_White_Linear.uexp" 1611
"../../../Engine/Plugins/Interchange/Assets/Content/gltf/MaterialFunctions/MF_MetallicRoughness.uasset" 1612
"../../../Engine/Plugins/Interchange/Assets/Content/gltf/MaterialFunctions/MF_MetallicRoughness.uexp" 1613
"../../../Engine/Plugins/Interchange/Assets/Content/gltf/Textures/T_Generic_N.uasset" 1614
"../../../Engine/Plugins/Interchange/Assets/Content/gltf/Textures/T_Generic_N.uexp" 1615
"../../../Engine/Plugins/Interchange/Assets/Content/gltf/MaterialFunctions/MF_ScaleNormal.uasset" 1616
"../../../Engine/Plugins/Interchange/Assets/Content/gltf/MaterialFunctions/MF_ScaleNormal.uexp" 1617
"../../../Engine/Plugins/Interchange/Assets/Content/gltf/MaterialFunctions/MF_Fresnel_DS.uasset" 1618
"../../../Engine/Plugins/Interchange/Assets/Content/gltf/MaterialFunctions/MF_Fresnel_DS.uexp" 1619
"../../../Engine/Plugins/Interchange/Assets/Content/gltf/MaterialFunctions/MF_Iridescence.uasset" 1620
"../../../Engine/Plugins/Interchange/Assets/Content/gltf/MaterialFunctions/MF_Iridescence.uexp" 1621
"../../../Engine/Plugins/Interchange/Assets/Content/gltf/MaterialFunctions/MF_Occlusion.uasset" 1622
"../../../Engine/Plugins/Interchange/Assets/Content/gltf/MaterialFunctions/MF_Occlusion.uexp" 1623
"../../../Engine/Plugins/Interchange/Assets/Content/gltf/MaterialFunctions/MF_IOR.uasset" 1624
"../../../Engine/Plugins/Interchange/Assets/Content/gltf/MaterialFunctions/MF_IOR.uexp" 1625
"../../../Engine/Plugins/Interchange/Assets/Content/gltf/MaterialFunctions/MF_Transmission.uasset" 1626
"../../../Engine/Plugins/Interchange/Assets/Content/gltf/MaterialFunctions/MF_Transmission.uexp" 1627
"../../../Engine/Plugins/Interchange/Assets/Content/gltf/MaterialFunctions/MF_RotateNormals_TS.uasset" 1628
"../../../Engine/Plugins/Interchange/Assets/Content/gltf/MaterialFunctions/MF_RotateNormals_TS.uexp" 1629
"../../../Engine/Plugins/Interchange/Assets/Content/gltf/MaterialFunctions/MF_Normals.uasset" 1630
"../../../Engine/Plugins/Interchange/Assets/Content/gltf/MaterialFunctions/MF_Normals.uexp" 1631
"../../../Engine/Plugins/Interchange/Assets/Content/gltf/MaterialBodies/MF_Transmission_Body.uasset" 1632
"../../../Engine/Plugins/Interchange/Assets/Content/gltf/MaterialBodies/MF_Transmission_Body.uexp" 1633
"../../../Engine/Plugins/Interchange/Assets/Content/gltf/M_Transmission.uasset" 1634
"../../../Engine/Plugins/Interchange/Assets/Content/gltf/M_Transmission.uexp" 1635
"../../../Engine/Plugins/Interchange/Assets/Content/gltf/MaterialInstances/MI_Transmission_DS.uasset" 1636
"../../../Engine/Plugins/Interchange/Assets/Content/gltf/MaterialInstances/MI_Transmission_DS.uexp" 1637
"../../../Engine/Plugins/Interchange/Assets/Content/gltf/MaterialInstances/MI_Transmission.uasset" 1638
"../../../Engine/Plugins/Interchange/Assets/Content/gltf/MaterialInstances/MI_Transmission.uexp" 1639
"../../../Engine/Content/Functions/Engine_MaterialFunctions02/Math/AddComponents.uasset" 1640
"../../../Engine/Content/Functions/Engine_MaterialFunctions02/Math/AddComponents.uexp" 1641
"../../../Engine/Plugins/Interchange/Assets/Content/gltf/MaterialFunctions/MF_DiffuseSpecGloss.uasset" 1642
"../../../Engine/Plugins/Interchange/Assets/Content/gltf/MaterialFunctions/MF_DiffuseSpecGloss.uexp" 1643
"../../../Engine/Plugins/Interchange/Assets/Content/gltf/MaterialFunctions/MF_Emissive.uasset" 1644
"../../../Engine/Plugins/Interchange/Assets/Content/gltf/MaterialFunctions/MF_Emissive.uexp" 1645
"../../../Engine/Plugins/Interchange/Assets/Content/gltf/MaterialFunctions/MF_PerceivedBrightness.uasset" 1646
"../../../Engine/Plugins/Interchange/Assets/Content/gltf/MaterialFunctions/MF_PerceivedBrightness.uexp" 1647
"../../../Engine/Plugins/Interchange/Assets/Content/gltf/MaterialFunctions/MF_SpecGlossToMetalRoughness.uasset" 1648
"../../../Engine/Plugins/Interchange/Assets/Content/gltf/MaterialFunctions/MF_SpecGlossToMetalRoughness.uexp" 1649
"../../../Engine/Plugins/Interchange/Assets/Content/gltf/MaterialFunctions/MF_MaxComponentValue.uasset" 1650
"../../../Engine/Plugins/Interchange/Assets/Content/gltf/MaterialFunctions/MF_MaxComponentValue.uexp" 1651
"../../../Engine/Plugins/Interchange/Assets/Content/gltf/MaterialBodies/MF_SpecularGlossiness_Body.uasset" 1652
"../../../Engine/Plugins/Interchange/Assets/Content/gltf/MaterialBodies/MF_SpecularGlossiness_Body.uexp" 1653
"../../../Engine/Plugins/Interchange/Assets/Content/gltf/M_SpecularGlossiness.uasset" 1654
"../../../Engine/Plugins/Interchange/Assets/Content/gltf/M_SpecularGlossiness.uexp" 1655
"../../../Engine/Plugins/Interchange/Assets/Content/gltf/MaterialInstances/MI_SpecularGlossiness_Opaque_DS.uasset" 1656
"../../../Engine/Plugins/Interchange/Assets/Content/gltf/MaterialInstances/MI_SpecularGlossiness_Opaque_DS.uexp" 1657
"../../../Engine/Plugins/Interchange/Assets/Content/gltf/MaterialInstances/MI_SpecularGlossiness_Opaque.uasset" 1658
"../../../Engine/Plugins/Interchange/Assets/Content/gltf/MaterialInstances/MI_SpecularGlossiness_Opaque.uexp" 1659
"../../../Engine/Plugins/Interchange/Assets/Content/gltf/MaterialInstances/MI_SpecularGlossiness_Mask_DS.uasset" 1660
"../../../Engine/Plugins/Interchange/Assets/Content/gltf/MaterialInstances/MI_SpecularGlossiness_Mask_DS.uexp" 1661
"../../../Engine/Plugins/Interchange/Assets/Content/gltf/MaterialInstances/MI_SpecularGlossiness_Mask.uasset" 1662
"../../../Engine/Plugins/Interchange/Assets/Content/gltf/MaterialInstances/MI_SpecularGlossiness_Mask.uexp" 1663
"../../../Engine/Plugins/Interchange/Assets/Content/gltf/MaterialInstances/MI_SpecularGlossiness_Blend_DS.uasset" 1664
"../../../Engine/Plugins/Interchange/Assets/Content/gltf/MaterialInstances/MI_SpecularGlossiness_Blend_DS.uexp" 1665
"../../../Engine/Plugins/Interchange/Assets/Content/gltf/MaterialInstances/MI_SpecularGlossiness_Blend.uasset" 1666
"../../../Engine/Plugins/Interchange/Assets/Content/gltf/MaterialInstances/MI_SpecularGlossiness_Blend.uexp" 1667
"../../../Engine/Plugins/Interchange/Assets/Content/gltf/MaterialFunctions/MF_Sheen.uasset" 1668
"../../../Engine/Plugins/Interchange/Assets/Content/gltf/MaterialFunctions/MF_Sheen.uexp" 1669
"../../../Engine/Plugins/Interchange/Assets/Content/gltf/MaterialBodies/MF_Sheen_Body.uasset" 1670
"../../../Engine/Plugins/Interchange/Assets/Content/gltf/MaterialBodies/MF_Sheen_Body.uexp" 1671
"../../../Engine/Plugins/Interchange/Assets/Content/gltf/M_Sheen.uasset" 1672
"../../../Engine/Plugins/Interchange/Assets/Content/gltf/M_Sheen.uexp" 1673
"../../../Engine/Plugins/Interchange/Assets/Content/gltf/MaterialInstances/MI_Sheen_Opaque_DS.uasset" 1674
"../../../Engine/Plugins/Interchange/Assets/Content/gltf/MaterialInstances/MI_Sheen_Opaque_DS.uexp" 1675
"../../../Engine/Plugins/Interchange/Assets/Content/gltf/MaterialInstances/MI_Sheen_Opaque.uasset" 1676
"../../../Engine/Plugins/Interchange/Assets/Content/gltf/MaterialInstances/MI_Sheen_Opaque.uexp" 1677
"../../../Engine/Plugins/Interchange/Assets/Content/gltf/MaterialInstances/MI_Sheen_Mask_DS.uasset" 1678
"../../../Engine/Plugins/Interchange/Assets/Content/gltf/MaterialInstances/MI_Sheen_Mask_DS.uexp" 1679
"../../../Engine/Plugins/Interchange/Assets/Content/gltf/MaterialInstances/MI_Sheen_Mask.uasset" 1680
"../../../Engine/Plugins/Interchange/Assets/Content/gltf/MaterialInstances/MI_Sheen_Mask.uexp" 1681
"../../../Engine/Plugins/Interchange/Assets/Content/gltf/MaterialInstances/MI_Sheen_Blend_DS.uasset" 1682
"../../../Engine/Plugins/Interchange/Assets/Content/gltf/MaterialInstances/MI_Sheen_Blend_DS.uexp" 1683
"../../../Engine/Plugins/Interchange/Assets/Content/gltf/MaterialInstances/MI_Sheen_Blend.uasset" 1684
"../../../Engine/Plugins/Interchange/Assets/Content/gltf/MaterialInstances/MI_Sheen_Blend.uexp" 1685
"../../../Engine/Plugins/Interchange/Assets/Content/gltf/MaterialBodies/MF_Default_Body.uasset" 1686
"../../../Engine/Plugins/Interchange/Assets/Content/gltf/MaterialBodies/MF_Default_Body.uexp" 1687
"../../../Engine/Plugins/Interchange/Assets/Content/gltf/M_Default.uasset" 1688
"../../../Engine/Plugins/Interchange/Assets/Content/gltf/M_Default.uexp" 1689
"../../../Engine/Plugins/Interchange/Assets/Content/gltf/MaterialInstances/MI_Default_Opaque_DS.uasset" 1690
"../../../Engine/Plugins/Interchange/Assets/Content/gltf/MaterialInstances/MI_Default_Opaque_DS.uexp" 1691
"../../../Engine/Plugins/Interchange/Assets/Content/gltf/MaterialInstances/MI_Default_Opaque.uasset" 1692
"../../../Engine/Plugins/Interchange/Assets/Content/gltf/MaterialInstances/MI_Default_Opaque.uexp" 1693
"../../../Engine/Plugins/Interchange/Assets/Content/gltf/MaterialInstances/MI_Default_Mask_DS.uasset" 1694
"../../../Engine/Plugins/Interchange/Assets/Content/gltf/MaterialInstances/MI_Default_Mask_DS.uexp" 1695
"../../../Engine/Plugins/Interchange/Assets/Content/gltf/MaterialInstances/MI_Default_Mask.uasset" 1696
"../../../Engine/Plugins/Interchange/Assets/Content/gltf/MaterialInstances/MI_Default_Mask.uexp" 1697
"../../../Engine/Plugins/Interchange/Assets/Content/gltf/MaterialInstances/MI_Default_Blend_DS.uasset" 1698
"../../../Engine/Plugins/Interchange/Assets/Content/gltf/MaterialInstances/MI_Default_Blend_DS.uexp" 1699
"../../../Engine/Plugins/Interchange/Assets/Content/gltf/MaterialInstances/MI_Default_Blend.uasset" 1700
"../../../Engine/Plugins/Interchange/Assets/Content/gltf/MaterialInstances/MI_Default_Blend.uexp" 1701
"../../../Engine/Content/Functions/Engine_MaterialFunctions01/Texturing/FlattenNormal.uasset" 1702
"../../../Engine/Content/Functions/Engine_MaterialFunctions01/Texturing/FlattenNormal.uexp" 1703
"../../../Engine/Plugins/Interchange/Assets/Content/gltf/MaterialFunctions/MF_Clearcoat.uasset" 1704
"../../../Engine/Plugins/Interchange/Assets/Content/gltf/MaterialFunctions/MF_Clearcoat.uexp" 1705
"../../../Engine/Plugins/Interchange/Assets/Content/gltf/MaterialBodies/MF_ClearCoat_Body.uasset" 1706
"../../../Engine/Plugins/Interchange/Assets/Content/gltf/MaterialBodies/MF_ClearCoat_Body.uexp" 1707
"../../../Engine/Plugins/Interchange/Assets/Content/gltf/M_ClearCoat.uasset" 1708
"../../../Engine/Plugins/Interchange/Assets/Content/gltf/M_ClearCoat.uexp" 1709
"../../../Engine/Plugins/Interchange/Assets/Content/gltf/MaterialInstances/MI_ClearCoat_Opaque_DS.uasset" 1710
"../../../Engine/Plugins/Interchange/Assets/Content/gltf/MaterialInstances/MI_ClearCoat_Opaque_DS.uexp" 1711
"../../../Engine/Plugins/Interchange/Assets/Content/gltf/MaterialInstances/MI_ClearCoat_Opaque.uasset" 1712
"../../../Engine/Plugins/Interchange/Assets/Content/gltf/MaterialInstances/MI_ClearCoat_Opaque.uexp" 1713
"../../../Engine/Plugins/Interchange/Assets/Content/gltf/MaterialInstances/MI_ClearCoat_Mask_DS.uasset" 1714
"../../../Engine/Plugins/Interchange/Assets/Content/gltf/MaterialInstances/MI_ClearCoat_Mask_DS.uexp" 1715
"../../../Engine/Plugins/Interchange/Assets/Content/gltf/MaterialInstances/MI_ClearCoat_Mask.uasset" 1716
"../../../Engine/Plugins/Interchange/Assets/Content/gltf/MaterialInstances/MI_ClearCoat_Mask.uexp" 1717
"../../../Engine/Plugins/Interchange/Assets/Content/gltf/MaterialInstances/MI_ClearCoat_Blend_DS.uasset" 1718
"../../../Engine/Plugins/Interchange/Assets/Content/gltf/MaterialInstances/MI_ClearCoat_Blend_DS.uexp" 1719
"../../../Engine/Plugins/Interchange/Assets/Content/gltf/MaterialInstances/MI_ClearCoat_Blend.uasset" 1720
"../../../Engine/Plugins/Interchange/Assets/Content/gltf/MaterialInstances/MI_ClearCoat_Blend.uexp" 1721
"../../../Engine/Content/VREditor/TransformGizmo/Main.uasset" 1722
"../../../Engine/Content/VREditor/TransformGizmo/Main.uexp" 1723
"../../../Engine/Content/VREditor/TransformGizmo/Xray.uasset" 1724
"../../../Engine/Content/VREditor/TransformGizmo/Xray.uexp" 1725
"../../../Engine/Content/VREditor/TransformGizmo/SM_Sequencer_Node.ubulk" 1726
"../../../Engine/Content/VREditor/TransformGizmo/SM_Sequencer_Node.uasset" 1727
"../../../Engine/Content/VREditor/TransformGizmo/SM_Sequencer_Node.uexp" 1728
"../../../Engine/Content/VREditor/LaserPointer/VR_LaserPower_01.ubulk" 1729
"../../../Engine/Content/VREditor/LaserPointer/VR_LaserPower_01.uasset" 1730
"../../../Engine/Content/VREditor/LaserPointer/VR_LaserPower_01.uexp" 1731
"../../../Engine/Content/VREditor/TransformGizmo/TransformGizmoMaterial.uasset" 1732
"../../../Engine/Content/VREditor/TransformGizmo/TransformGizmoMaterial.uexp" 1733
"../../../Engine/Content/VREditor/TransformGizmo/TranslucentTransformGizmoMaterial.uasset" 1734
"../../../Engine/Content/VREditor/TransformGizmo/TranslucentTransformGizmoMaterial.uexp" 1735
"../../../Engine/Content/VREditor/TransformGizmo/BoundingBoxEdge.ubulk" 1736
"../../../Engine/Content/VREditor/TransformGizmo/BoundingBoxEdge.uasset" 1737
"../../../Engine/Content/VREditor/TransformGizmo/BoundingBoxEdge.uexp" 1738
"../../../Engine/Content/VREditor/TransformGizmo/BoundingBoxCorner.ubulk" 1739
"../../../Engine/Content/VREditor/TransformGizmo/BoundingBoxCorner.uasset" 1740
"../../../Engine/Content/VREditor/TransformGizmo/BoundingBoxCorner.uexp" 1741
"../../../Engine/Content/EngineSky/VolumetricClouds/T_CloudMask.ubulk" 1742
"../../../Engine/Content/EngineSky/VolumetricClouds/T_CloudMask.uasset" 1743
"../../../Engine/Content/EngineSky/VolumetricClouds/T_CloudMask.uexp" 1744
"../../../Engine/Content/EngineSky/VolumetricClouds/VT_Lightning.uasset" 1745
"../../../Engine/Content/EngineSky/VolumetricClouds/VT_Lightning.uexp" 1746
"../../../Engine/Content/EngineSky/VolumetricClouds/T_Profile_08.ubulk" 1747
"../../../Engine/Content/EngineSky/VolumetricClouds/T_Profile_08.uasset" 1748
"../../../Engine/Content/EngineSky/VolumetricClouds/T_Profile_08.uexp" 1749
"../../../Engine/Content/Functions/Engine_MaterialFunctions02/Utility/MakeFloat4.uasset" 1750
"../../../Engine/Content/Functions/Engine_MaterialFunctions02/Utility/MakeFloat4.uexp" 1751
"../../../Engine/Content/Functions/Engine_MaterialFunctions01/Units/Km-to-Cm.uasset" 1752
"../../../Engine/Content/Functions/Engine_MaterialFunctions01/Units/Km-to-Cm.uexp" 1753
"../../../Engine/Content/Functions/Engine_MaterialFunctions02/Utility/BreakOutFloat4Components.uasset" 1754
"../../../Engine/Content/Functions/Engine_MaterialFunctions02/Utility/BreakOutFloat4Components.uexp" 1755
"../../../Engine/Content/EngineSky/VolumetricClouds/T_CloudPattern.ubulk" 1756
"../../../Engine/Content/EngineSky/VolumetricClouds/T_CloudPattern.uasset" 1757
"../../../Engine/Content/EngineSky/VolumetricClouds/T_CloudPattern.uexp" 1758
"../../../Engine/Content/EngineSky/VolumetricClouds/VT_PerlinWorley_Balanced.uasset" 1759
"../../../Engine/Content/EngineSky/VolumetricClouds/VT_PerlinWorley_Balanced.uexp" 1760
"../../../Engine/Content/EngineSky/VolumetricClouds/m_SimpleVolumetricCloud.uasset" 1761
"../../../Engine/Content/EngineSky/VolumetricClouds/m_SimpleVolumetricCloud.uexp" 1762
"../../../Engine/Content/EngineSky/VolumetricClouds/m_SimpleVolumetricCloud_Inst.uasset" 1763
"../../../Engine/Content/EngineSky/VolumetricClouds/m_SimpleVolumetricCloud_Inst.uexp" 1764
"../../../Engine/Content/EditorMaterials/Camera/CineMat.uasset" 1765
"../../../Engine/Content/EditorMaterials/Camera/CineMat.uexp" 1766
"../../../Engine/Content/EditorMaterials/Camera/MI_CineMat_Rig.uasset" 1767
"../../../Engine/Content/EditorMaterials/Camera/MI_CineMat_Rig.uexp" 1768
"../../../Engine/Content/EditorMeshes/Camera/SM_RailRig_Track.ubulk" 1769
"../../../Engine/Content/EditorMeshes/Camera/SM_RailRig_Track.uasset" 1770
"../../../Engine/Content/EditorMeshes/Camera/SM_RailRig_Track.uexp" 1771
"../../../Engine/Content/EditorMeshes/Camera/SM_RailRig_Mount.ubulk" 1772
"../../../Engine/Content/EditorMeshes/Camera/SM_RailRig_Mount.uasset" 1773
"../../../Engine/Content/EditorMeshes/Camera/SM_RailRig_Mount.uexp" 1774
"../../../Engine/Content/EditorMeshes/Camera/SM_CraneRig_Mount.ubulk" 1775
"../../../Engine/Content/EditorMeshes/Camera/SM_CraneRig_Mount.uasset" 1776
"../../../Engine/Content/EditorMeshes/Camera/SM_CraneRig_Mount.uexp" 1777
"../../../Engine/Content/EditorMeshes/Camera/SM_CraneRig_Body.ubulk" 1778
"../../../Engine/Content/EditorMeshes/Camera/SM_CraneRig_Body.uasset" 1779
"../../../Engine/Content/EditorMeshes/Camera/SM_CraneRig_Body.uexp" 1780
"../../../Engine/Content/EditorMeshes/Camera/SM_CraneRig_Base.ubulk" 1781
"../../../Engine/Content/EditorMeshes/Camera/SM_CraneRig_Base.uasset" 1782
"../../../Engine/Content/EditorMeshes/Camera/SM_CraneRig_Base.uexp" 1783
"../../../Engine/Content/EditorMeshes/Camera/SM_CraneRig_Arm.ubulk" 1784
"../../../Engine/Content/EditorMeshes/Camera/SM_CraneRig_Arm.uasset" 1785
"../../../Engine/Content/EditorMeshes/Camera/SM_CraneRig_Arm.uexp" 1786
"../../../Engine/Content/EditorMaterials/Dataflow/DataflowVertexMaterial.uasset" 1787
"../../../Engine/Content/EditorMaterials/Dataflow/DataflowVertexMaterial.uexp" 1788
"../../../Engine/Content/EditorMaterials/Dataflow/DataflowTwoSidedVertexMaterial.uasset" 1789
"../../../Engine/Content/EditorMaterials/Dataflow/DataflowTwoSidedVertexMaterial.uexp" 1790
"../../../Engine/Content/Functions/Engine_MaterialFunctions01/Shading/PowerToRoughness.uasset" 1791
"../../../Engine/Content/Functions/Engine_MaterialFunctions01/Shading/PowerToRoughness.uexp" 1792
"../../../Engine/Content/Functions/Engine_MaterialFunctions01/Shading/ConvertFromDiffSpec.uasset" 1793
"../../../Engine/Content/Functions/Engine_MaterialFunctions01/Shading/ConvertFromDiffSpec.uexp" 1794
"../../../Engine/Content/EngineMaterials/Substrate/Volume/SubstrateSimpleVolumeLUT3D.uasset" 1795
"../../../Engine/Content/EngineMaterials/Substrate/Volume/SubstrateSimpleVolumeLUT3D.uexp" 1796
"../../../Engine/Content/EngineMaterials/Substrate/Volume/SubstrateSimpleVolumeEnvLUT3D.uasset" 1797
"../../../Engine/Content/EngineMaterials/Substrate/Volume/SubstrateSimpleVolumeEnvLUT3D.uexp" 1798
"../../../Engine/Content/EngineMaterials/Substrate/GLints2/AGlintTex2dArray2.uasset" 1799
"../../../Engine/Content/EngineMaterials/Substrate/GLints2/AGlintTex2dArray2.uexp" 1800
"../../../Engine/Content/EngineMaterials/Substrate/GLints/AGlintTex2dArray.uasset" 1801
"../../../Engine/Content/EngineMaterials/Substrate/GLints/AGlintTex2dArray.uexp" 1802
"../../../Engine/Content/ArtTools/RenderToTexture/Meshes/S_1_Unit_Plane.ubulk" 1803
"../../../Engine/Content/ArtTools/RenderToTexture/Meshes/S_1_Unit_Plane.uasset" 1804
"../../../Engine/Content/ArtTools/RenderToTexture/Meshes/S_1_Unit_Plane.uexp" 1805
"../../../Engine/Plugins/NNE/NNEDenoiser/Content/NNE_oidn2-3-0_rt_hdr_calb_cnrm_large__dyn__fp16_opset11_ForwardAlpha.uasset" 1806
"../../../Engine/Plugins/NNE/NNEDenoiser/Content/NNE_oidn2-3-0_rt_hdr_calb_cnrm_large__dyn__fp16_opset11_ForwardAlpha.uexp" 1807
"../../../Engine/Plugins/NNE/NNEDenoiser/Content/NNE_oidn2-3-0_rt_hdr_calb_cnrm_large__dyn__fp16_opset11_DenoiseAlpha.uasset" 1808
"../../../Engine/Plugins/NNE/NNEDenoiser/Content/NNE_oidn2-3-0_rt_hdr_calb_cnrm_large__dyn__fp16_opset11_DenoiseAlpha.uexp" 1809
"../../../Engine/Plugins/NNE/NNEDenoiser/Content/NNE_oidn2-3-0_rt_hdr_alb_nrm__dyn__fp16_opset11_ForwardAlpha.uasset" 1810
"../../../Engine/Plugins/NNE/NNEDenoiser/Content/NNE_oidn2-3-0_rt_hdr_alb_nrm__dyn__fp16_opset11_ForwardAlpha.uexp" 1811
"../../../Engine/Plugins/NNE/NNEDenoiser/Content/NNE_oidn2-3-0_rt_hdr_alb_nrm__dyn__fp16_opset11_DenoiseAlpha.uasset" 1812
"../../../Engine/Plugins/NNE/NNEDenoiser/Content/NNE_oidn2-3-0_rt_hdr_alb_nrm__dyn__fp16_opset11_DenoiseAlpha.uexp" 1813
"../../../Engine/Plugins/NNE/NNEDenoiser/Content/NNE_oidn2-3-0_rt_hdr_alb_nrm_small__dyn__fp16_opset11_ForwardAlpha.uasset" 1814
"../../../Engine/Plugins/NNE/NNEDenoiser/Content/NNE_oidn2-3-0_rt_hdr_alb_nrm_small__dyn__fp16_opset11_ForwardAlpha.uexp" 1815
"../../../Engine/Plugins/NNE/NNEDenoiser/Content/NNE_oidn2-3-0_rt_hdr_alb_nrm_small__dyn__fp16_opset11_DenoiseAlpha.uasset" 1816
"../../../Engine/Plugins/NNE/NNEDenoiser/Content/NNE_oidn2-3-0_rt_hdr_alb_nrm_small__dyn__fp16_opset11_DenoiseAlpha.uexp" 1817
"../../../Engine/Plugins/NNE/NNEDenoiser/Content/NNED_Oidn2-3_HighQuality_Alpha.uasset" 1818
"../../../Engine/Plugins/NNE/NNEDenoiser/Content/NNED_Oidn2-3_HighQuality_Alpha.uexp" 1819
"../../../Engine/Plugins/NNE/NNEDenoiser/Content/NNED_Oidn2-3_HighQuality.uasset" 1820
"../../../Engine/Plugins/NNE/NNEDenoiser/Content/NNED_Oidn2-3_HighQuality.uexp" 1821
"../../../Engine/Plugins/NNE/NNEDenoiser/Content/NNED_Oidn2-3_Fast_Alpha.uasset" 1822
"../../../Engine/Plugins/NNE/NNEDenoiser/Content/NNED_Oidn2-3_Fast_Alpha.uexp" 1823
"../../../Engine/Plugins/NNE/NNEDenoiser/Content/NNED_Oidn2-3_Fast.uasset" 1824
"../../../Engine/Plugins/NNE/NNEDenoiser/Content/NNED_Oidn2-3_Fast.uexp" 1825
"../../../Engine/Plugins/NNE/NNEDenoiser/Content/NNED_Oidn2-3_Balanced_Alpha.uasset" 1826
"../../../Engine/Plugins/NNE/NNEDenoiser/Content/NNED_Oidn2-3_Balanced_Alpha.uexp" 1827
"../../../Engine/Plugins/NNE/NNEDenoiser/Content/NNED_Oidn2-3_Balanced.uasset" 1828
"../../../Engine/Plugins/NNE/NNEDenoiser/Content/NNED_Oidn2-3_Balanced.uexp" 1829
"../../../Engine/Plugins/NNE/NNEDenoiser/Content/NNEDT_Oidn2-3_Balanced_Alpha.uasset" 1830
"../../../Engine/Plugins/NNE/NNEDenoiser/Content/NNEDT_Oidn2-3_Balanced_Alpha.uexp" 1831
"../../../Engine/Plugins/NNE/NNEDenoiser/Content/NNEDT_Oidn2-3_Balanced.uasset" 1832
"../../../Engine/Plugins/NNE/NNEDenoiser/Content/NNEDT_Oidn2-3_Balanced.uexp" 1833
"../../../Engine/Plugins/2D/Paper2D/Content/DummySprite.uasset" 1834
"../../../Engine/Plugins/2D/Paper2D/Content/DummySprite.uexp" 1835
"../../../Engine/Plugins/2D/Paper2D/Content/DefaultPaperTerrainMaterial.uasset" 1836
"../../../Engine/Plugins/2D/Paper2D/Content/DefaultPaperTerrainMaterial.uexp" 1837
"../../../Engine/Plugins/Animation/DeformerGraph/Content/Deformers/DG_LinearBlendSkin_Morph_Cloth_RecomputeNormals.uasset" 1838
"../../../Engine/Plugins/Animation/DeformerGraph/Content/Deformers/DG_LinearBlendSkin_Morph_Cloth_RecomputeNormals.uexp" 1839
"../../../Engine/Plugins/Animation/DeformerGraph/Content/Deformers/DG_LinearBlendSkin_Morph_Cloth.uasset" 1840
"../../../Engine/Plugins/Animation/DeformerGraph/Content/Deformers/DG_LinearBlendSkin_Morph_Cloth.uexp" 1841
"../../../Engine/Plugins/Animation/DeformerGraph/Content/DeformerFunctions/DG_Function_LinearBlendSkin_Morph_Cloth_PositionOnly.uasset" 1842
"../../../Engine/Plugins/Animation/DeformerGraph/Content/DeformerFunctions/DG_Function_LinearBlendSkin_Morph_Cloth_PositionOnly.uexp" 1843
"../../../Engine/Plugins/Animation/DeformerGraph/Content/DeformerFunctions/DG_Function_LinearBlendSkin_Morph_Cloth.uasset" 1844
"../../../Engine/Plugins/Animation/DeformerGraph/Content/DeformerFunctions/DG_Function_LinearBlendSkin_Morph_Cloth.uexp" 1845
"../../../Engine/Plugins/Animation/DeformerGraph/Content/DeformerFunctions/DG_Function_ComputeNormalsTangents.uasset" 1846
"../../../Engine/Plugins/Animation/DeformerGraph/Content/DeformerFunctions/DG_Function_ComputeNormalsTangents.uexp" 1847
"../../../Engine/Content/VREditor/TransformGizmo/StartRotationHandleIndicator.ubulk" 1848
"../../../Engine/Content/VREditor/TransformGizmo/StartRotationHandleIndicator.uasset" 1849
"../../../Engine/Content/VREditor/TransformGizmo/StartRotationHandleIndicator.uexp" 1850
"../../../Engine/Content/VREditor/Sounds/UI/Drop_Item_From_ContentBrowser.ubulk" 1851
"../../../Engine/Content/VREditor/Sounds/UI/Drop_Item_From_ContentBrowser.uasset" 1852
"../../../Engine/Content/VREditor/Sounds/UI/Drop_Item_From_ContentBrowser.uexp" 1853
"../../../Engine/Content/VREditor/TransformGizmo/PlaneTranslationHandle.ubulk" 1854
"../../../Engine/Content/VREditor/TransformGizmo/PlaneTranslationHandle.uasset" 1855
"../../../Engine/Content/VREditor/TransformGizmo/PlaneTranslationHandle.uexp" 1856
"../../../Engine/Content/VREditor/Sounds/UI/Object_Snaps_To_Grid.ubulk" 1857
"../../../Engine/Content/VREditor/Sounds/UI/Object_Snaps_To_Grid.uasset" 1858
"../../../Engine/Content/VREditor/Sounds/UI/Object_Snaps_To_Grid.uexp" 1859
"../../../Engine/Content/VREditor/Sounds/UI/Selection_Changes.ubulk" 1860
"../../../Engine/Content/VREditor/Sounds/UI/Selection_Changes.uasset" 1861
"../../../Engine/Content/VREditor/Sounds/UI/Selection_Changes.uexp" 1862
"../../../Engine/Content/VREditor/Sounds/UI/Object_Snaps_To_Another_Actor.ubulk" 1863
"../../../Engine/Content/VREditor/Sounds/UI/Object_Snaps_To_Another_Actor.uasset" 1864
"../../../Engine/Content/VREditor/Sounds/UI/Object_Snaps_To_Another_Actor.uexp" 1865
"../../../Engine/Content/VREditor/TransformGizmo/TranslucentTransformGizmoMaterial_Inst.uasset" 1866
"../../../Engine/Content/VREditor/TransformGizmo/TranslucentTransformGizmoMaterial_Inst.uexp" 1867
"../../../Engine/Content/VREditor/TransformGizmo/TransformGizmoFreeRotation.ubulk" 1868
"../../../Engine/Content/VREditor/TransformGizmo/TransformGizmoFreeRotation.uasset" 1869
"../../../Engine/Content/VREditor/TransformGizmo/TransformGizmoFreeRotation.uexp" 1870
"../../../Engine/Content/VREditor/Sounds/UI/Scaling_Down.ubulk" 1871
"../../../Engine/Content/VREditor/Sounds/UI/Scaling_Down.uasset" 1872
"../../../Engine/Content/VREditor/Sounds/UI/Scaling_Down.uexp" 1873
"../../../Engine/Content/VREditor/SnapGrid/SnapGridPlaneMesh.ubulk" 1874
"../../../Engine/Content/VREditor/SnapGrid/SnapGridPlaneMesh.uasset" 1875
"../../../Engine/Content/VREditor/SnapGrid/SnapGridPlaneMesh.uexp" 1876
"../../../Engine/Content/VREditor/Sounds/UI/Scaling_Up.ubulk" 1877
"../../../Engine/Content/VREditor/Sounds/UI/Scaling_Up.uasset" 1878
"../../../Engine/Content/VREditor/Sounds/UI/Scaling_Up.uexp" 1879
"../../../Engine/Content/VREditor/TransformGizmo/TransformGizmoMaterial_Inst.uasset" 1880
"../../../Engine/Content/VREditor/TransformGizmo/TransformGizmoMaterial_Inst.uexp" 1881
"../../../Engine/Content/VREditor/Sounds/UI/Gizmo_Handle_Clicked.ubulk" 1882
"../../../Engine/Content/VREditor/Sounds/UI/Gizmo_Handle_Clicked.uasset" 1883
"../../../Engine/Content/VREditor/Sounds/UI/Gizmo_Handle_Clicked.uexp" 1884
"../../../Engine/Content/VREditor/TransformGizmo/RotationHandleQuarter.ubulk" 1885
"../../../Engine/Content/VREditor/TransformGizmo/RotationHandleQuarter.uasset" 1886
"../../../Engine/Content/VREditor/TransformGizmo/RotationHandleQuarter.uexp" 1887
"../../../Engine/Content/VREditor/TransformGizmo/TranslateArrowHandle.ubulk" 1888
"../../../Engine/Content/VREditor/TransformGizmo/TranslateArrowHandle.uasset" 1889
"../../../Engine/Content/VREditor/TransformGizmo/TranslateArrowHandle.uexp" 1890
"../../../Engine/Content/VREditor/TransformGizmo/RotationHandleIndicator.ubulk" 1891
"../../../Engine/Content/VREditor/TransformGizmo/RotationHandleIndicator.uasset" 1892
"../../../Engine/Content/VREditor/TransformGizmo/RotationHandleIndicator.uexp" 1893
"../../../Engine/Content/VREditor/TransformGizmo/UniformScaleHandle.ubulk" 1894
"../../../Engine/Content/VREditor/TransformGizmo/UniformScaleHandle.uasset" 1895
"../../../Engine/Content/VREditor/TransformGizmo/UniformScaleHandle.uexp" 1896
"../../../Engine/Content/VREditor/TransformGizmo/RotationHandleFull.ubulk" 1897
"../../../Engine/Content/VREditor/TransformGizmo/RotationHandleFull.uasset" 1898
"../../../Engine/Content/VREditor/TransformGizmo/RotationHandleFull.uexp" 1899
"../../../Engine/Content/VREditor/Sounds/UI/Object_PickUp.ubulk" 1900
"../../../Engine/Content/VREditor/Sounds/UI/Object_PickUp.uasset" 1901
"../../../Engine/Content/VREditor/Sounds/UI/Object_PickUp.uexp" 1902
"../../../Engine/Content/EngineResources/LandscapeVisibilityLayerInfo.uasset" 1903
"../../../Engine/Content/EngineResources/LandscapeVisibilityLayerInfo.uexp" 1904
"Z:/CreationLayer/ZombieRepo/Content/BP/Enemies/AI/Behavior/NavJump/NL_EnemyAI.uasset" 1905
"Z:/CreationLayer/ZombieRepo/Content/BP/Enemies/AI/Behavior/NavJump/NL_EnemyAI.uexp" 1906
"Z:/CreationLayer/ZombieRepo/Content/LevelPrototyping/Textures/T_GridChecker_A.ubulk" 1907
"Z:/CreationLayer/ZombieRepo/Content/LevelPrototyping/Textures/T_GridChecker_A.uasset" 1908
"Z:/CreationLayer/ZombieRepo/Content/LevelPrototyping/Textures/T_GridChecker_A.uexp" 1909
"../../../Engine/Content/Functions/Engine_MaterialFunctions01/Gradient/LinearGradient.uasset" 1910
"../../../Engine/Content/Functions/Engine_MaterialFunctions01/Gradient/LinearGradient.uexp" 1911
"../../../Engine/Content/Functions/Engine_MaterialFunctions01/ImageAdjustment/CheapContrast.uasset" 1912
"../../../Engine/Content/Functions/Engine_MaterialFunctions01/ImageAdjustment/CheapContrast.uexp" 1913
"Z:/CreationLayer/ZombieRepo/Content/LevelPrototyping/Materials/MF_ProcGrid.uasset" 1914
"Z:/CreationLayer/ZombieRepo/Content/LevelPrototyping/Materials/MF_ProcGrid.uexp" 1915
"Z:/CreationLayer/ZombieRepo/Content/LevelPrototyping/Materials/M_PrototypeGrid.uasset" 1916
"Z:/CreationLayer/ZombieRepo/Content/LevelPrototyping/Materials/M_PrototypeGrid.uexp" 1917
"Z:/CreationLayer/ZombieRepo/Content/LevelPrototyping/Materials/MI_PrototypeGrid_TopDark.uasset" 1918
"Z:/CreationLayer/ZombieRepo/Content/LevelPrototyping/Materials/MI_PrototypeGrid_TopDark.uexp" 1919
"Z:/CreationLayer/ZombieRepo/Content/LevelPrototyping/Materials/MI_PrototypeGrid_Gray.uasset" 1920
"Z:/CreationLayer/ZombieRepo/Content/LevelPrototyping/Materials/MI_PrototypeGrid_Gray.uexp" 1921
"Z:/CreationLayer/ZombieRepo/Content/LevelPrototyping/Meshes/SM_Ramp.ubulk" 1922
"Z:/CreationLayer/ZombieRepo/Content/LevelPrototyping/Meshes/SM_Ramp.uasset" 1923
"Z:/CreationLayer/ZombieRepo/Content/LevelPrototyping/Meshes/SM_Ramp.uexp" 1924
"Z:/CreationLayer/ZombieRepo/Content/StarterContent/Materials/M_Basic_Wall.uasset" 1925
"Z:/CreationLayer/ZombieRepo/Content/StarterContent/Materials/M_Basic_Wall.uexp" 1926
"Z:/CreationLayer/ZombieRepo/Content/StarterContent/Shapes/Shape_Cylinder.ubulk" 1927
"Z:/CreationLayer/ZombieRepo/Content/StarterContent/Shapes/Shape_Cylinder.uasset" 1928
"Z:/CreationLayer/ZombieRepo/Content/StarterContent/Shapes/Shape_Cylinder.uexp" 1929
"Z:/CreationLayer/ZombieRepo/Content/LevelPrototyping/Meshes/SM_Cube.ubulk" 1930
"Z:/CreationLayer/ZombieRepo/Content/LevelPrototyping/Meshes/SM_Cube.uasset" 1931
"Z:/CreationLayer/ZombieRepo/Content/LevelPrototyping/Meshes/SM_Cube.uexp" 1932
"../../../Engine/Content/EngineSky/T_Sky_Stars.ubulk" 1933
"../../../Engine/Content/EngineSky/T_Sky_Stars.uasset" 1934
"../../../Engine/Content/EngineSky/T_Sky_Stars.uexp" 1935
"../../../Engine/Content/EngineSky/T_Sky_Clouds_M.ubulk" 1936
"../../../Engine/Content/EngineSky/T_Sky_Clouds_M.uasset" 1937
"../../../Engine/Content/EngineSky/T_Sky_Clouds_M.uexp" 1938
"../../../Engine/Content/EngineSky/T_Sky_Blue.ubulk" 1939
"../../../Engine/Content/EngineSky/T_Sky_Blue.uasset" 1940
"../../../Engine/Content/EngineSky/T_Sky_Blue.uexp" 1941
"../../../Engine/Content/EngineSky/M_Sky_Panning_Clouds2.uasset" 1942
"../../../Engine/Content/EngineSky/M_Sky_Panning_Clouds2.uexp" 1943
"../../../Engine/Content/EngineSky/SM_SkySphere.ubulk" 1944
"../../../Engine/Content/EngineSky/SM_SkySphere.uasset" 1945
"../../../Engine/Content/EngineSky/SM_SkySphere.uexp" 1946
"../../../Engine/Content/EngineSky/M_SimpleSkyDome.uasset" 1947
"../../../Engine/Content/EngineSky/M_SimpleSkyDome.uexp" 1948
"Z:/CreationLayer/ZombieRepo/Content/StarterContent/Shapes/Shape_Cube.ubulk" 1949
"Z:/CreationLayer/ZombieRepo/Content/StarterContent/Shapes/Shape_Cube.uasset" 1950
"Z:/CreationLayer/ZombieRepo/Content/StarterContent/Shapes/Shape_Cube.uexp" 1951
"Z:/CreationLayer/ZombieRepo/Content/LevelPrototyping/Meshes/SM_QuarterCylinder.ubulk" 1952
"Z:/CreationLayer/ZombieRepo/Content/LevelPrototyping/Meshes/SM_QuarterCylinder.uasset" 1953
"Z:/CreationLayer/ZombieRepo/Content/LevelPrototyping/Meshes/SM_QuarterCylinder.uexp" 1954
"Z:/CreationLayer/ZombieRepo/Content/StarterContent/Shapes/Shape_Wedge_A.ubulk" 1955
"Z:/CreationLayer/ZombieRepo/Content/StarterContent/Shapes/Shape_Wedge_A.uasset" 1956
"Z:/CreationLayer/ZombieRepo/Content/StarterContent/Shapes/Shape_Wedge_A.uexp" 1957
"Z:/CreationLayer/ZombieRepo/Content/StarterContent/Shapes/Shape_NarrowCapsule.ubulk" 1958
"Z:/CreationLayer/ZombieRepo/Content/StarterContent/Shapes/Shape_NarrowCapsule.uasset" 1959
"Z:/CreationLayer/ZombieRepo/Content/StarterContent/Shapes/Shape_NarrowCapsule.uexp" 1960
"Z:/CreationLayer/ZombieRepo/Content/WBP/HUD/WBP_Objective.uasset" 1961
"Z:/CreationLayer/ZombieRepo/Content/WBP/HUD/WBP_Objective.uexp" 1962
"Z:/CreationLayer/ZombieRepo/Content/GameModes/ObjectiveMode.uasset" 1963
"Z:/CreationLayer/ZombieRepo/Content/GameModes/ObjectiveMode.uexp" 1964
"Z:/CreationLayer/ZombieRepo/Content/LevelPrototyping/Levels/DevRooms/TestRoom3.uexp" 1965
"Z:/CreationLayer/ZombieRepo/Content/LevelPrototyping/Levels/DevRooms/TestRoom3.umap" 1966
"Z:/CreationLayer/ZombieRepo/Content/WBP/HUD/WBP_Survival.uasset" 1967
"Z:/CreationLayer/ZombieRepo/Content/WBP/HUD/WBP_Survival.uexp" 1968
"Z:/CreationLayer/ZombieRepo/Content/GameModes/SurvivalMode.uasset" 1969
"Z:/CreationLayer/ZombieRepo/Content/GameModes/SurvivalMode.uexp" 1970
"Z:/CreationLayer/ZombieRepo/Content/LevelPrototyping/Levels/DevRooms/TestRoom2.uexp" 1971
"Z:/CreationLayer/ZombieRepo/Content/LevelPrototyping/Levels/DevRooms/TestRoom2.umap" 1972
"Z:/CreationLayer/ZombieRepo/Content/WBP/HUD/WBP_Endless.uasset" 1973
"Z:/CreationLayer/ZombieRepo/Content/WBP/HUD/WBP_Endless.uexp" 1974
"Z:/CreationLayer/ZombieRepo/Content/GameModes/EndlessMode.uasset" 1975
"Z:/CreationLayer/ZombieRepo/Content/GameModes/EndlessMode.uexp" 1976
"Z:/CreationLayer/ZombieRepo/Content/LevelPrototyping/Levels/DevRooms/TestRoom1.uexp" 1977
"Z:/CreationLayer/ZombieRepo/Content/LevelPrototyping/Levels/DevRooms/TestRoom1.umap" 1978
"../../../Engine/Content/Maps/Entry_BuiltData.uasset" 1979
"../../../Engine/Content/Maps/Entry_BuiltData.uexp" 1980
"../../../Engine/Content/Maps/Entry.uexp" 1981
"../../../Engine/Content/Maps/Entry.umap" 1982
"Z:/CreationLayer/ZombieRepo/Content/StarterContent/Textures/T_Fire_Tiled_D.ubulk" 1983
"Z:/CreationLayer/ZombieRepo/Content/StarterContent/Textures/T_Fire_Tiled_D.uasset" 1984
"Z:/CreationLayer/ZombieRepo/Content/StarterContent/Textures/T_Fire_Tiled_D.uexp" 1985
"Z:/CreationLayer/ZombieRepo/Content/StarterContent/Textures/T_Fire_SubUV.ubulk" 1986
"Z:/CreationLayer/ZombieRepo/Content/StarterContent/Textures/T_Fire_SubUV.uasset" 1987
"Z:/CreationLayer/ZombieRepo/Content/StarterContent/Textures/T_Fire_SubUV.uexp" 1988
"Z:/CreationLayer/ZombieRepo/Content/StarterContent/Particles/Materials/M_Fire_SubUV.uasset" 1989
"Z:/CreationLayer/ZombieRepo/Content/StarterContent/Particles/Materials/M_Fire_SubUV.uexp" 1990
"Z:/CreationLayer/ZombieRepo/Content/StarterContent/Textures/T_Smoke_SubUV.ubulk" 1991
"Z:/CreationLayer/ZombieRepo/Content/StarterContent/Textures/T_Smoke_SubUV.uasset" 1992
"Z:/CreationLayer/ZombieRepo/Content/StarterContent/Textures/T_Smoke_SubUV.uexp" 1993
"Z:/CreationLayer/ZombieRepo/Content/StarterContent/Textures/T_Smoke_Tiled_D.ubulk" 1994
"Z:/CreationLayer/ZombieRepo/Content/StarterContent/Textures/T_Smoke_Tiled_D.uasset" 1995
"Z:/CreationLayer/ZombieRepo/Content/StarterContent/Textures/T_Smoke_Tiled_D.uexp" 1996
"Z:/CreationLayer/ZombieRepo/Content/StarterContent/Particles/Materials/M_smoke_subUV.uasset" 1997
"Z:/CreationLayer/ZombieRepo/Content/StarterContent/Particles/Materials/M_smoke_subUV.uexp" 1998
"Z:/CreationLayer/ZombieRepo/Content/StarterContent/Textures/T_Water_N.ubulk" 1999
"Z:/CreationLayer/ZombieRepo/Content/StarterContent/Textures/T_Water_N.uasset" 2000
"Z:/CreationLayer/ZombieRepo/Content/StarterContent/Textures/T_Water_N.uexp" 2001
"Z:/CreationLayer/ZombieRepo/Content/StarterContent/Particles/Materials/M_Heat_Distortion.uasset" 2002
"Z:/CreationLayer/ZombieRepo/Content/StarterContent/Particles/Materials/M_Heat_Distortion.uexp" 2003
"../../../Engine/Content/Functions/Engine_MaterialFunctions01/Gradient/RadialGradient.uasset" 2004
"../../../Engine/Content/Functions/Engine_MaterialFunctions01/Gradient/RadialGradient.uexp" 2005
"Z:/CreationLayer/ZombieRepo/Content/StarterContent/Particles/Materials/M_Radial_Gradient.uasset" 2006
"Z:/CreationLayer/ZombieRepo/Content/StarterContent/Particles/Materials/M_Radial_Gradient.uexp" 2007
"Z:/CreationLayer/ZombieRepo/Content/StarterContent/Particles/P_Fire.uasset" 2008
"Z:/CreationLayer/ZombieRepo/Content/StarterContent/Particles/P_Fire.uexp" 2009
"Z:/CreationLayer/ZombieRepo/Content/StarterContent/Textures/T_Spark_Core.ubulk" 2010
"Z:/CreationLayer/ZombieRepo/Content/StarterContent/Textures/T_Spark_Core.uasset" 2011
"Z:/CreationLayer/ZombieRepo/Content/StarterContent/Textures/T_Spark_Core.uexp" 2012
"Z:/CreationLayer/ZombieRepo/Content/StarterContent/Particles/Materials/M_Spark.uasset" 2013
"Z:/CreationLayer/ZombieRepo/Content/StarterContent/Particles/Materials/M_Spark.uexp" 2014
"Z:/CreationLayer/ZombieRepo/Content/StarterContent/Particles/P_Sparks.uasset" 2015
"Z:/CreationLayer/ZombieRepo/Content/StarterContent/Particles/P_Sparks.uexp" 2016
"Z:/CreationLayer/ZombieRepo/Content/WBP/MainMenu/WBP_Credits.uasset" 2017
"Z:/CreationLayer/ZombieRepo/Content/WBP/MainMenu/WBP_Credits.uexp" 2018
"Z:/CreationLayer/ZombieRepo/Content/WBP/MainMenu/PlaceHolderImages/20230416_171424.uasset" 2019
"Z:/CreationLayer/ZombieRepo/Content/WBP/MainMenu/PlaceHolderImages/20230416_171424.uexp" 2020
"Z:/CreationLayer/ZombieRepo/Content/WBP/MainMenu/WBP_LevelSelect.uasset" 2021
"Z:/CreationLayer/ZombieRepo/Content/WBP/MainMenu/WBP_LevelSelect.uexp" 2022
"Z:/CreationLayer/ZombieRepo/Content/WBP/MainMenu/WBP_GameSelect.uasset" 2023
"Z:/CreationLayer/ZombieRepo/Content/WBP/MainMenu/WBP_GameSelect.uexp" 2024
"Z:/CreationLayer/ZombieRepo/Content/WBP/MainMenu/WBP_MainMenu.uasset" 2025
"Z:/CreationLayer/ZombieRepo/Content/WBP/MainMenu/WBP_MainMenu.uexp" 2026
"Z:/CreationLayer/ZombieRepo/Content/GameModes/GM_MainMenu.uasset" 2027
"Z:/CreationLayer/ZombieRepo/Content/GameModes/GM_MainMenu.uexp" 2028
"Z:/CreationLayer/ZombieRepo/Content/LevelPrototyping/Levels/GameMaps/Main_Menu.uexp" 2029
"Z:/CreationLayer/ZombieRepo/Content/LevelPrototyping/Levels/GameMaps/Main_Menu.umap" 2030
