"Z:/CreationLayer/ZombieRepo/ZombieProj.uproject" 1
"../../../Engine/Plugins/AudioGameplay/AudioGameplay.uplugin" 2
"../../../Engine/Plugins/AudioGameplayVolume/AudioGameplayVolume.uplugin" 3
"../../../Engine/Plugins/BlueprintFileUtils/BlueprintFileUtils.uplugin" 4
"../../../Engine/Plugins/Bridge/Bridge.uplugin" 5
"../../../Engine/Plugins/ChaosCloth/ChaosCloth.uplugin" 6
"../../../Engine/Plugins/Chooser/Chooser.uplugin" 7
"../../../Engine/Plugins/AudioInsights/AudioInsights.uplugin" 8
"../../../Engine/Plugins/ChaosVD/ChaosVD.uplugin" 9
"../../../Engine/Plugins/ChaosClothAsset/ChaosClothAsset.uplugin" 10
"../../../Engine/Plugins/CmdLinkServer/CmdLinkServer.uplugin" 11
"../../../Engine/Plugins/DiscoveryBeaconReceiver/DiscoveryBeaconReceiver.uplugin" 12
"../../../Engine/Plugins/ChaosClothAssetEditor/ChaosClothAssetEditor.uplugin" 13
"../../../Engine/Plugins/EnhancedInput/EnhancedInput.uplugin" 14
"../../../Engine/Plugins/FastBuildController/FastBuildController.uplugin" 15
"../../../Engine/Plugins/Fab/Fab.uplugin" 16
"../../../Engine/Plugins/JsonBlueprintUtilities/JsonBlueprintUtilities.uplugin" 17
"../../../Engine/Plugins/MemoryUsageQueries/MemoryUsageQueries.uplugin" 18
"../../../Engine/Plugins/MeshPainting/MeshPainting.uplugin" 19
"../../../Engine/Plugins/PCG/PCG.uplugin" 20
"../../../Engine/Plugins/Mutable/Mutable.uplugin" 21
"../../../Engine/Plugins/RenderGraphInsights/RenderGraphInsights.uplugin" 22
"../../../Engine/Plugins/ScriptPlugin/ScriptPlugin.uplugin" 23
"../../../Engine/Plugins/UbaController/UbaController.uplugin" 24
"../../../Engine/Plugins/WorldMetrics/WorldMetrics.uplugin" 25
"../../../Engine/Plugins/XGEController/XGEController.uplugin" 26
"../../../Engine/Plugins/Compositing/Composure/Composure.uplugin" 27
"../../../Engine/Plugins/Compositing/LensDistortion/LensDistortion.uplugin" 28
"../../../Engine/Plugins/TraceUtilities/TraceUtilities.uplugin" 29
"../../../Engine/Plugins/Compositing/OpenColorIO/OpenColorIO.uplugin" 30
"../../../Engine/Plugins/Compositing/OpenCVLensDistortion/OpenCVLensDistortion.uplugin" 31
"../../../Engine/Plugins/Editor/AssetManagerEditor/AssetManagerEditor.uplugin" 32
"../../../Engine/Plugins/Editor/AssetReferenceRestrictions/AssetReferenceRestrictions.uplugin" 33
"../../../Engine/Plugins/Editor/AssetRegistryExport/AssetRegistryExport.uplugin" 34
"../../../Engine/Plugins/Editor/BlueprintHeaderView/BlueprintHeaderView.uplugin" 35
"../../../Engine/Plugins/Editor/ChangelistReview/ChangelistReview.uplugin" 36
"../../../Engine/Plugins/Editor/ColorGrading/ColorGrading.uplugin" 37
"../../../Engine/Plugins/Editor/ConsoleVariablesEditor/ConsoleVariables.uplugin" 38
"../../../Engine/Plugins/Editor/CryptoKeys/CryptoKeys.uplugin" 39
"../../../Engine/Plugins/Editor/DataValidation/DataValidation.uplugin" 40
"../../../Engine/Plugins/Editor/EditorDebugTools/EditorDebugTools.uplugin" 41
"../../../Engine/Plugins/Editor/DisplayClusterLaunch/DisplayClusterLaunch.uplugin" 42
"../../../Engine/Plugins/Editor/BlueprintMaterialTextureNodes/BlueprintMaterialTextureNodes.uplugin" 43
"../../../Engine/Plugins/Editor/EditorSysConfigAssistant/EditorSysConfigAssistant.uplugin" 44
"../../../Engine/Plugins/Editor/EditorScriptingUtilities/EditorScriptingUtilities.uplugin" 45
"../../../Engine/Plugins/Editor/GameplayTagsEditor/GameplayTagsEditor.uplugin" 46
"../../../Engine/Plugins/Editor/FacialAnimation/FacialAnimation.uplugin" 47
"../../../Engine/Plugins/Editor/GuidedTutorials/GuidedTutorials.uplugin" 48
"../../../Engine/Plugins/Editor/GeometryMode/GeometryMode.uplugin" 49
"../../../Engine/Plugins/Editor/LiveUpdateForSlate/LiveUpdateForSlate.uplugin" 50
"../../../Engine/Plugins/Editor/CurveEditorTools/CurveEditorTools.uplugin" 51
"../../../Engine/Plugins/Editor/MakeCookedEditorAsDLC/MakeCookedEditorAsDLC.uplugin" 52
"../../../Engine/Plugins/Editor/MaterialAnalyzer/MaterialAnalyzer.uplugin" 53
"../../../Engine/Plugins/Editor/EngineAssetDefinitions/EngineAssetDefinitions.uplugin" 54
"../../../Engine/Plugins/Editor/MacGraphicsSwitching/MacGraphicsSwitching.uplugin" 55
"../../../Engine/Plugins/Editor/MobileLauncherProfileWizard/MobileLauncherProfileWizard.uplugin" 56
"../../../Engine/Plugins/Editor/ModelingToolsEditorMode/ModelingToolsEditorMode.uplugin" 57
"../../../Engine/Plugins/Editor/ProxyLODPlugin/ProxyLODPlugin.uplugin" 58
"../../../Engine/Plugins/Editor/AssetSearch/AssetSearch.uplugin" 59
"../../../Engine/Plugins/Editor/ScriptableToolsEditorMode/ScriptableToolsEditorMode.uplugin" 60
"../../../Engine/Plugins/Editor/ModelViewViewModelPreview/ModelViewViewModelPreview.uplugin" 61
"../../../Engine/Plugins/Editor/SequencerAnimTools/SequencerAnimTools.uplugin" 62
"../../../Engine/Plugins/Editor/MeshLODToolset/MeshLODToolset.uplugin" 63
"../../../Engine/Plugins/Editor/StaticMeshEditorModeling/StaticMeshEditorModeling.uplugin" 64
"../../../Engine/Plugins/Editor/SpeedTreeImporter/SpeedTreeImporter.uplugin" 65
"../../../Engine/Plugins/LightWeightInstancesEditor/LightWeightInstancesEditor.uplugin" 66
"../../../Engine/Plugins/Editor/PluginBrowser/PluginBrowser.uplugin" 67
"../../../Engine/Plugins/Editor/StylusInput/StylusInput.uplugin" 68
"../../../Engine/Plugins/Editor/SampleToolsEditorMode/SampleToolsEditorMode.uplugin" 69
"../../../Engine/Plugins/Editor/UVEditor/UVEditor.uplugin" 70
"../../../Engine/Plugins/Editor/UMGWidgetPreview/UMGWidgetPreview.uplugin" 71
"../../../Engine/Plugins/Editor/WaveformEditor/WaveformEditor.uplugin" 72
"../../../Engine/Plugins/Interchange/Editor/InterchangeEditor.uplugin" 73
"../../../Engine/Plugins/Interchange/Runtime/Interchange.uplugin" 74
"../../../Engine/Plugins/Protocols/MQTT/MQTT.uplugin" 75
"../../../Engine/Plugins/NetcodeUnitTest/NetcodeUnitTest/NetcodeUnitTest.uplugin" 76
"../../../Engine/Plugins/NetcodeUnitTest/NUTUnrealEngine/NUTUnrealEngine.uplugin" 77
"../../../Engine/Plugins/PCGInterops/PCGExternalDataInterop/PCGExternalDataInterop.uplugin" 78
"../../../Engine/Plugins/Enterprise/AxFImporter/AxFImporter.uplugin" 79
"../../../Engine/Plugins/PCGInterops/PCGGeometryScriptInterop/PCGGeometryScriptInterop.uplugin" 80
"../../../Engine/Plugins/Editor/WorldPartitionHLODUtilities/WorldPartitionHLODUtilities.uplugin" 81
"../../../Engine/Plugins/Enterprise/DataprepEditor/DataprepEditor.uplugin" 82
"../../../Engine/Plugins/Enterprise/DatasmithC4DImporter/DatasmithC4DImporter.uplugin" 83
"../../../Engine/Plugins/Enterprise/DatasmithCADImporter/DatasmithCADImporter.uplugin" 84
"../../../Engine/Plugins/Enterprise/DatasmithContent/DatasmithContent.uplugin" 85
"../../../Engine/Plugins/Enterprise/GLTFExporter/GLTFExporter.uplugin" 86
"../../../Engine/Plugins/Enterprise/DatasmithImporter/DatasmithImporter.uplugin" 87
"../../../Engine/Plugins/Enterprise/DatasmithFBXImporter/DatasmithFBXImporter.uplugin" 88
"../../../Engine/Plugins/Importers/AlembicHairImporter/AlembicHairImporter.uplugin" 89
"../../../Engine/Plugins/Enterprise/LidarPointCloud/LidarPointCloud.uplugin" 90
"../../../Engine/Plugins/Enterprise/VariantManagerContent/VariantManagerContent.uplugin" 91
"../../../Engine/Plugins/Enterprise/VariantManager/VariantManager.uplugin" 92
"../../../Engine/Plugins/Importers/AlembicImporter/AlembicImporter.uplugin" 93
"../../../Engine/Plugins/Enterprise/MDLImporter/MDLImporter.uplugin" 94
"../../../Engine/Plugins/Importers/USDImporter/USDImporter.uplugin" 95
"../../../Engine/Plugins/Interchange/Assets/InterchangeAssets.uplugin" 96
"../../../Engine/Plugins/MovieScene/ActorSequence/ActorSequence.uplugin" 97
"../../../Engine/Plugins/MovieScene/LevelSequenceEditor/LevelSequenceEditor.uplugin" 98
"../../../Engine/Plugins/MovieScene/CustomizableSequencerTracks/CustomizableSequencerTracks.uplugin" 99
"../../../Engine/Plugins/MovieScene/ReplayTracks/ReplayTracks.uplugin" 100
"../../../Engine/Plugins/MovieScene/MovieRenderPipeline/MovieRenderPipeline.uplugin" 101
"../../../Engine/Plugins/MovieScene/SequencerScripting/SequencerScripting.uplugin" 102
"../../../Engine/Plugins/MovieScene/TemplateSequence/TemplateSequence.uplugin" 103
"../../../Engine/Plugins/MovieScene/MovieSceneTextTrack/MovieSceneTextTrack.uplugin" 104
"../../../Engine/Plugins/Online/EOSShared/EOSShared.uplugin" 105
"../../../Engine/Plugins/Importers/USDMultiUser/USDMultiUser.uplugin" 106
"../../../Engine/Plugins/Online/OnlineServices/OnlineServices.uplugin" 107
"../../../Engine/Plugins/Online/OnlineServicesEOS/OnlineServicesEOS.uplugin" 108
"../../../Engine/Plugins/Online/OnlineServicesEOSGS/OnlineServicesEOSGS.uplugin" 109
"../../../Engine/Plugins/Online/OnlineFramework/OnlineFramework.uplugin" 110
"../../../Engine/Plugins/Online/OnlineServicesOSSAdapter/OnlineServicesOSSAdapter.uplugin" 111
"../../../Engine/Plugins/Online/OnlineServicesNull/OnlineServicesNull.uplugin" 112
"../../../Engine/Plugins/Online/OnlineSubsystem/OnlineSubsystem.uplugin" 113
"../../../Engine/Plugins/Online/OnlineSubsystemAmazon/OnlineSubsystemAmazon.uplugin" 114
"../../../Engine/Plugins/Online/OnlineSubsystemEOS/OnlineSubsystemEOS.uplugin" 115
"../../../Engine/Plugins/Online/OnlineSubsystemFacebook/OnlineSubsystemFacebook.uplugin" 116
"../../../Engine/Plugins/Portal/LauncherChunkInstaller/LauncherChunkInstaller.uplugin" 117
"../../../Engine/Plugins/Online/OnlineSubsystemTencent/OnlineSubsystemTencent.uplugin" 118
"../../../Engine/Plugins/Online/OnlineSubsystemGoogle/OnlineSubsystemGoogle.uplugin" 119
"../../../Engine/Plugins/Online/OnlineSubsystemNull/OnlineSubsystemNull.uplugin" 120
"../../../Engine/Plugins/Online/OnlineSubsystemSteam/OnlineSubsystemSteam.uplugin" 121
"../../../Engine/Plugins/Online/OnlineSubsystemUtils/OnlineSubsystemUtils.uplugin" 122
"../../../Engine/Plugins/Tests/AutomationDriverTests/AutomationDriverTests.uplugin" 123
"../../../Engine/Plugins/Online/OnlineSubsystemApple/OnlineSubsystemApple.uplugin" 124
"../../../Engine/Plugins/Online/WebAuth/WebAuth.uplugin" 125
"../../../Engine/Plugins/Tests/CQTest/CQTest.uplugin" 126
"../../../Engine/Plugins/Tests/CQTestEnhancedInput/CQTestEnhancedInput.uplugin" 127
"../../../Engine/Plugins/Tests/EditorTests/EditorTests.uplugin" 128
"../../../Engine/Plugins/Tests/FunctionalTestingEditor/FunctionalTestingEditor.uplugin" 129
"../../../Engine/Plugins/Tests/InterchangeTests/InterchangeTests.uplugin" 130
"../../../Engine/Plugins/Tests/FbxAutomationTestBuilder/FbxAutomationTestBuilder.uplugin" 131
"../../../Engine/Plugins/Tests/PythonAutomationTest/PythonAutomationTest.uplugin" 132
"../../../Engine/Plugins/Messaging/MessagingDebugger/MessagingDebugger.uplugin" 133
"../../../Engine/Plugins/Tests/RHITests/RHITests.uplugin" 134
"../../../Engine/Plugins/Tests/RuntimeTests/RuntimeTests.uplugin" 135
"../../../Engine/Plugins/Tests/TestSamples/TestSamples.uplugin" 136
"../../../Engine/Plugins/Messaging/TcpMessaging/TcpMessaging.uplugin" 137
"../../../Engine/Plugins/Tests/TestFramework/TestFramework.uplugin" 138
"../../../Engine/Plugins/Tests/WidgetAutomationTests/WidgetAutomationTests.uplugin" 139
"../../../Engine/Plugins/Messaging/UdpMessaging/UdpMessaging.uplugin" 140
"../../../Engine/Plugins/NNE/NNERuntimeORT/NNERuntimeORT.uplugin" 141
"../../../Engine/Plugins/Performance/PerformanceMonitor/PerformanceMonitor.uplugin" 142
"../../../Engine/Plugins/Runtime/AndroidDeviceProfileSelector/AndroidDeviceProfileSelector.uplugin" 143
"../../../Engine/Plugins/Runtime/ActorLayerUtilities/ActorLayerUtilities.uplugin" 144
"../../../Engine/Plugins/Performance/AutomatedPerfTesting/AutomatedPerfTesting.uplugin" 145
"../../../Engine/Plugins/Runtime/AndroidFileServer/AndroidFileServer.uplugin" 146
"../../../Engine/Plugins/Runtime/AndroidBackgroundService/AndroidBackgroundService.uplugin" 147
"../../../Engine/Plugins/Runtime/AndroidMoviePlayer/AndroidMoviePlayer.uplugin" 148
"../../../Engine/Plugins/Runtime/AnimationBudgetAllocator/AnimationBudgetAllocator.uplugin" 149
"../../../Engine/Plugins/Runtime/AppleImageUtils/AppleImageUtils.uplugin" 150
"../../../Engine/Plugins/Online/OnlineBase/OnlineBase.uplugin" 151
"../../../Engine/Plugins/Runtime/AppleMoviePlayer/AppleMoviePlayer.uplugin" 152
"../../../Engine/Plugins/Runtime/AndroidPermission/AndroidPermission.uplugin" 153
"../../../Engine/Plugins/Runtime/ArchVisCharacter/ArchVisCharacter.uplugin" 154
"../../../Engine/Plugins/Runtime/AssetTags/AssetTags.uplugin" 155
"../../../Engine/Plugins/Runtime/AudioCapture/AudioCapture.uplugin" 156
"../../../Engine/Plugins/Runtime/AudioModulation/AudioModulation.uplugin" 157
"../../../Engine/Plugins/Runtime/AudioSynesthesia/AudioSynesthesia.uplugin" 158
"../../../Engine/Plugins/Runtime/AudioMotorSim/AudioMotorSim.uplugin" 159
"../../../Engine/Plugins/Runtime/ChunkDownloader/ChunkDownloader.uplugin" 160
"../../../Engine/Plugins/Runtime/CommonUI/CommonUI.uplugin" 161
"../../../Engine/Plugins/Runtime/ComputeFramework/ComputeFramework.uplugin" 162
"../../../Engine/Plugins/Runtime/CustomMeshComponent/CustomMeshComponent.uplugin" 163
"../../../Engine/Plugins/Runtime/CableComponent/CableComponent.uplugin" 164
"../../../Engine/Plugins/Runtime/DataRegistry/DataRegistry.uplugin" 165
"../../../Engine/Plugins/Online/EOSOverlayInputProvider/EOSOverlayInputProvider.uplugin" 166
"../../../Engine/Plugins/Runtime/Firebase/Firebase.uplugin" 167
"../../../Engine/Plugins/Runtime/ExampleDeviceProfileSelector/ExampleDeviceProfileSelector.uplugin" 168
"../../../Engine/Plugins/Runtime/GameInput/GameInput.uplugin" 169
"../../../Engine/Plugins/Runtime/GameFeatures/GameFeatures.uplugin" 170
"../../../Engine/Plugins/Runtime/GameplayAbilities/GameplayAbilities.uplugin" 171
"../../../Engine/Plugins/Runtime/GameplayInteractions/GameplayInteractions.uplugin" 172
"../../../Engine/Plugins/Runtime/GeometryCache/GeometryCache.uplugin" 173
"../../../Engine/Plugins/Runtime/GameplayBehaviorSmartObjects/GameplayBehaviorSmartObjects.uplugin" 174
"../../../Engine/Plugins/Runtime/GeometryProcessing/GeometryProcessing.uplugin" 175
"../../../Engine/Plugins/Runtime/GameplayStateTree/GameplayStateTree.uplugin" 176
"../../../Engine/Plugins/Online/SocketSubsystemEOS/SocketSubsystemEOS.uplugin" 177
"../../../Engine/Plugins/Runtime/GeoReferencing/GeoReferencing.uplugin" 178
"../../../Engine/Plugins/Runtime/GoogleCloudMessaging/GoogleCloudMessaging.uplugin" 179
"../../../Engine/Plugins/Runtime/GooglePAD/GooglePAD.uplugin" 180
"../../../Engine/Plugins/Runtime/HTTPChunkInstaller/HTTPChunkInstaller.uplugin" 181
"../../../Engine/Plugins/Runtime/HairStrands/HairStrands.uplugin" 182
"../../../Engine/Plugins/Runtime/InputDebugging/InputDebugging.uplugin" 183
"../../../Engine/Plugins/Runtime/HPMotionController/HPMotionController.uplugin" 184
"../../../Engine/Plugins/Runtime/InstancedActors/InstancedActors.uplugin" 185
"../../../Engine/Plugins/Runtime/Harmonix/Harmonix.uplugin" 186
"../../../Engine/Plugins/Runtime/IOSReplayKit/IOSReplayKit.uplugin" 187
"../../../Engine/Plugins/Runtime/LevelStreamingPersistence/LevelStreamingPersistence.uplugin" 188
"../../../Engine/Plugins/Runtime/LinuxDeviceProfileSelector/LinuxDeviceProfileSelector.uplugin" 189
"../../../Engine/Plugins/Runtime/LocationServicesBPLibrary/LocationServicesBPLibrary.uplugin" 190
"../../../Engine/Plugins/Runtime/LocationServicesIOSImpl/LocationServicesIOSImpl.uplugin" 191
"../../../Engine/Plugins/Runtime/MassEntity/MassEntity.uplugin" 192
"../../../Engine/Plugins/Runtime/MassGameplay/MassGameplay.uplugin" 193
"../../../Engine/Plugins/Runtime/MeshModelingToolset/MeshModelingToolset.uplugin" 194
"../../../Engine/Plugins/Runtime/Metasound/Metasound.uplugin" 195
"../../../Engine/Plugins/Runtime/MIDIDevice/MIDIDevice.uplugin" 196
"../../../Engine/Plugins/Runtime/LiveLinkOvernDisplay/LiveLinkOverNDisplay.uplugin" 197
"../../../Engine/Plugins/Runtime/MixedRealityCaptureFramework/MixedRealityCaptureFramework.uplugin" 198
"../../../Engine/Plugins/Runtime/ApexDestruction/ApexDestruction.uplugin" 199
"../../../Engine/Plugins/Runtime/AudioWidgets/AudioWidgets.uplugin" 200
"../../../Engine/Plugins/Runtime/MobileFSR/MobileFSR.uplugin" 201
"../../../Engine/Plugins/Runtime/LocationServicesAndroidImpl/LocationServicesAndroidImpl.uplugin" 202
"../../../Engine/Plugins/Runtime/ModelViewViewModel/ModelViewViewModel.uplugin" 203
"../../../Engine/Plugins/Runtime/ModularGameplay/ModularGameplay.uplugin" 204
"../../../Engine/Plugins/Runtime/MultiServerReplication/MultiServerReplication.uplugin" 205
"../../../Engine/Plugins/Runtime/MsQuic/MsQuic.uplugin" 206
"../../../Engine/Plugins/Runtime/MobilePatchingUtils/MobilePatchingUtils.uplugin" 207
"../../../Engine/Plugins/Runtime/nDisplayModularFeatures/nDisplayModularFeatures.uplugin" 208
"../../../Engine/Plugins/Runtime/nDisplay/nDisplay.uplugin" 209
"../../../Engine/Plugins/Runtime/NavCorridor/NavCorridor.uplugin" 210
"../../../Engine/Plugins/Runtime/MicrosoftSpatialAudio/MicroSoftSpatialSound.uplugin" 211
"../../../Engine/Plugins/Runtime/NetworkPredictionExtras/NetworkPredictionExtras.uplugin" 212
"../../../Engine/Plugins/Runtime/NetworkPredictionInsights/NetworkPredictionInsights.uplugin" 213
"../../../Engine/Plugins/Runtime/NetworkPrediction/NetworkPrediction.uplugin" 214
"../../../Engine/Plugins/Runtime/OpenXR/OpenXR.uplugin" 215
"../../../Engine/Plugins/Runtime/OpenXRMsftHandInteraction/OpenXRMsftHandInteraction.uplugin" 216
"../../../Engine/Plugins/Runtime/OpenXREyeTracker/OpenXREyeTracker.uplugin" 217
"../../../Engine/Plugins/Runtime/OpenCV/OpenCV.uplugin" 218
"../../../Engine/Plugins/Runtime/OpenXRHandTracking/OpenXRHandTracking.uplugin" 219
"../../../Engine/Plugins/Runtime/OSC/OSC.uplugin" 220
"../../../Engine/Plugins/Runtime/OptionalMobileFeaturesBPLibrary/OptionalMobileFeaturesBPLibrary.uplugin" 221
"../../../Engine/Plugins/Runtime/OpenXRViveTracker/OpenXRViveTracker.uplugin" 222
"../../../Engine/Plugins/Runtime/ProceduralMeshComponent/ProceduralMeshComponent.uplugin" 223
"../../../Engine/Plugins/Runtime/PreLoadScreenMoviePlayer/PreLoadScreenMoviePlayer.uplugin" 224
"../../../Engine/Plugins/Runtime/PropertyAccess/PropertyAccessEditor.uplugin" 225
"../../../Engine/Plugins/Runtime/PropertyBindingUtils/PropertyBindingUtils.uplugin" 226
"../../../Engine/Plugins/Runtime/RenderTrace/RenderTrace.uplugin" 227
"../../../Engine/Plugins/Runtime/ReplicationGraph/ReplicationGraph.uplugin" 228
"../../../Engine/Plugins/Runtime/ReplicationSystemTestPlugin/ReplicationSystemTestPlugin.uplugin" 229
"../../../Engine/Plugins/Runtime/ScriptableToolsFramework/ScriptableToolsFramework.uplugin" 230
"../../../Engine/Plugins/Runtime/RigVM/RigVM.uplugin" 231
"../../../Engine/Plugins/Runtime/SignificanceManager/SignificanceManager.uplugin" 232
"../../../Engine/Plugins/Runtime/SkeletalMerging/SkeletalMerging.uplugin" 233
"../../../Engine/Plugins/Runtime/ResonanceAudio/ResonanceAudio.uplugin" 234
"../../../Engine/Plugins/Runtime/SoundMod/SoundMod.uplugin" 235
"../../../Engine/Plugins/Runtime/GeometryScripting/GeometryScripting.uplugin" 236
"../../../Engine/Plugins/Runtime/SoundCueTemplates/SoundCueTemplates.uplugin" 237
"../../../Engine/Plugins/Runtime/SoundFields/SoundFields.uplugin" 238
"../../../Engine/Plugins/Runtime/Soundscape/Soundscape.uplugin" 239
"../../../Engine/Plugins/Runtime/SmartObjects/SmartObjects.uplugin" 240
"../../../Engine/Plugins/Runtime/Synthesis/Synthesis.uplugin" 241
"../../../Engine/Plugins/Runtime/HDRIBackdrop/HDRIBackdrop.uplugin" 242
"../../../Engine/Plugins/Runtime/WarpUtils/WarpUtils.uplugin" 243
"../../../Engine/Plugins/Runtime/Spatialization/Spatialization.uplugin" 244
"../../../Engine/Plugins/Runtime/WebBrowserNativeProxy/WebBrowserNativeProxy.uplugin" 245
"../../../Engine/Plugins/Runtime/StateTree/StateTree.uplugin" 246
"../../../Engine/Plugins/Runtime/WebBrowserWidget/WebBrowserWidget.uplugin" 247
"../../../Engine/Plugins/Runtime/WaveTable/WaveTable.uplugin" 248
"../../../Engine/Plugins/Runtime/SunPosition/SunPosition.uplugin" 249
"../../../Engine/Plugins/Slate/SlateInsights/SlateInsights.uplugin" 250
"../../../Engine/Plugins/Runtime/USDCore/USDCore.uplugin" 251
"../../../Engine/Plugins/Runtime/SoundUtilities/SoundUtilities.uplugin" 252
"../../../Engine/Plugins/NNE/NNEDenoiser/NNEDenoiser.uplugin" 253
"../../../Engine/Plugins/Runtime/IOSDeviceProfileSelector/IOSDeviceProfileSelector.uplugin" 254
"../../../Engine/Plugins/MovieScene/MoviePipelineMaskRenderPass/MoviePipelineMaskRenderPass.uplugin" 255
"../../../Engine/Plugins/Slate/SlateScripting/SlateScripting.uplugin" 256
"../../../Engine/Plugins/Runtime/WindowsDeviceProfileSelector/WindowsDeviceProfileSelector.uplugin" 257
"../../../Engine/Plugins/Runtime/WindowsMoviePlayer/WindowsMoviePlayer.uplugin" 258
"../../../Engine/Plugins/Runtime/ZoneGraph/ZoneGraph.uplugin" 259
"../../../Engine/Plugins/Runtime/WorldConditions/WorldConditions.uplugin" 260
"../../../Engine/Plugins/VirtualProduction/CameraCalibration/CameraCalibration.uplugin" 261
"../../../Engine/Plugins/Runtime/XRBase/XRBase.uplugin" 262
"../../../Engine/Plugins/VirtualProduction/CameraCalibrationML/CameraCalibrationML.uplugin" 263
"../../../Engine/Plugins/Runtime/ZoneGraphAnnotations/ZoneGraphAnnotations.uplugin" 264
"../../../Engine/Plugins/VirtualProduction/CameraCalibrationCore/CameraCalibrationCore.uplugin" 265
"../../../Engine/Plugins/VirtualProduction/CaptureData/CaptureData.uplugin" 266
"../../../Engine/Plugins/VirtualProduction/CompositePlane/CompositePlane.uplugin" 267
"../../../Engine/Plugins/VirtualProduction/DataCharts/DataCharts.uplugin" 268
"../../../Engine/Plugins/VirtualProduction/EpicStageApp/EpicStageApp.uplugin" 269
"../../../Engine/Plugins/VirtualProduction/ICVFX/ICVFX.uplugin" 270
"../../../Engine/Plugins/VirtualProduction/LensComponent/LensComponent.uplugin" 271
"../../../Engine/Plugins/VirtualProduction/LevelSnapshots/LevelSnapshots.uplugin" 272
"../../../Engine/Plugins/VirtualProduction/LiveLinkCamera/LiveLinkCamera.uplugin" 273
"../../../Engine/Plugins/VirtualProduction/LiveLinkFreeD/LiveLinkFreeD.uplugin" 274
"../../../Engine/Plugins/VirtualProduction/ICVFXTesting/ICVFXTesting.uplugin" 275
"../../../Engine/Plugins/VirtualProduction/LiveLinkLens/LiveLinkLens.uplugin" 276
"../../../Engine/Plugins/VirtualProduction/LiveLinkInputDevice/LiveLinkInputDevice.uplugin" 277
"../../../Engine/Plugins/VirtualProduction/LiveLinkMasterLockit/LiveLinkMasterLockit.uplugin" 278
"../../../Engine/Plugins/VirtualProduction/LiveLinkPrestonMDR/LiveLinkPrestonMDR.uplugin" 279
"../../../Engine/Plugins/VirtualProduction/LiveLinkVRPN/LiveLinkVRPN.uplugin" 280
"../../../Engine/Plugins/VirtualProduction/LiveLinkXR/LiveLinkXR.uplugin" 281
"../../../Engine/Plugins/VirtualProduction/MultiUserTakes/MultiUserTakes.uplugin" 282
"../../../Engine/Plugins/VirtualProduction/RemoteControlInterception/RemoteControlInterception.uplugin" 283
"../../../Engine/Plugins/VirtualProduction/RemoteControl/RemoteControl.uplugin" 284
"../../../Engine/Plugins/VirtualProduction/RemoteControlProtocolDMX/RemoteControlProtocolDMX.uplugin" 285
"../../../Engine/Plugins/2D/Paper2D/Paper2D.uplugin" 286
"../../../Engine/Plugins/VirtualProduction/RemoteControlProtocolOSC/RemoteControlProtocolOSC.uplugin" 287
"../../../Engine/Plugins/VirtualProduction/RemoteControlWebInterface/RemoteControlWebInterface.uplugin" 288
"../../../Engine/Plugins/VirtualProduction/SequencerPlaylists/SequencerPlaylists.uplugin" 289
"../../../Engine/Plugins/VirtualProduction/RemoteControlProtocolMIDI/RemoteControlProtocolMIDI.uplugin" 290
"../../../Engine/Plugins/VirtualProduction/StageMonitoring/StageMonitoring.uplugin" 291
"../../../Engine/Plugins/VirtualProduction/Takes/Takes.uplugin" 292
"../../../Engine/Plugins/VirtualProduction/Switchboard/Switchboard.uplugin" 293
"../../../Engine/Plugins/VirtualProduction/TimedDataMonitor/TimedDataMonitor.uplugin" 294
"../../../Engine/Plugins/VirtualProduction/TextureShare/TextureShare.uplugin" 295
"../../../Engine/Plugins/VirtualProduction/VirtualCamera/VirtualCamera.uplugin" 296
"../../../Engine/Plugins/VirtualProduction/VirtualScouting/VirtualScouting.uplugin" 297
"../../../Engine/Plugins/AI/EnvironmentQueryEditor/EnvironmentQueryEditor.uplugin" 298
"../../../Engine/Plugins/AI/MassAI/MassAI.uplugin" 299
"../../../Engine/Plugins/AI/AISupport/AISupport.uplugin" 300
"../../../Engine/Plugins/AI/HTNPlanner/HTNPlanner.uplugin" 301
"../../../Engine/Plugins/VirtualProduction/VirtualCameraCore/VirtualCameraCore.uplugin" 302
"../../../Engine/Plugins/AI/MassCrowd/MassCrowd.uplugin" 303
"../../../Engine/Plugins/AI/MLAdapter/MLAdapter.uplugin" 304
"../../../Engine/Plugins/Animation/ACLPlugin/ACLPlugin.uplugin" 305
"../../../Engine/Plugins/Animation/AnimationData/AnimationData.uplugin" 306
"../../../Engine/Plugins/Animation/AnimationWarping/AnimationWarping.uplugin" 307
"../../../Engine/Plugins/Animation/AnimatorKit/AnimatorKit.uplugin" 308
"../../../Engine/Plugins/Animation/AnimationModifierLibrary/AnimationModifierLibrary.uplugin" 309
"../../../Engine/Plugins/Animation/AnimationLocomotionLibrary/AnimationLocomotionLibrary.uplugin" 310
"../../../Engine/Plugins/Animation/BlendStack/BlendStack.uplugin" 311
"../../../Engine/Plugins/Animation/ControlRig/ControlRig.uplugin" 312
"../../../Engine/Plugins/Animation/ControlRigModules/ControlRigModules.uplugin" 313
"../../../Engine/Plugins/Animation/GameplayInsights/GameplayInsights.uplugin" 314
"../../../Engine/Plugins/Animation/ControlRigSpline/ControlRigSpline.uplugin" 315
"../../../Engine/Plugins/Animation/IKRig/IKRig.uplugin" 316
"../../../Engine/Plugins/Cameras/CameraShakePreviewer/CameraShakePreviewer.uplugin" 317
"../../../Engine/Plugins/Animation/LiveLink/LiveLink.uplugin" 318
"../../../Engine/Plugins/Animation/LiveLinkCurveDebugUI/LiveLinkCurveDebugUI.uplugin" 319
"../../../Engine/Plugins/Cameras/EngineCameras/EngineCameras.uplugin" 320
"../../../Engine/Plugins/Compression/OodleNetwork/OodleNetwork.uplugin" 321
"../../../Engine/Plugins/Animation/PerformanceCaptureCore/PerformanceCaptureCore.uplugin" 322
"../../../Engine/Plugins/Animation/MotionWarping/MotionWarping.uplugin" 323
"../../../Engine/Plugins/Developer/CLionSourceCodeAccess/CLionSourceCodeAccess.uplugin" 324
"../../../Engine/Plugins/Animation/LiveLinkHub/LiveLinkHub.uplugin" 325
"../../../Engine/Plugins/Developer/BlankPlugin/BlankPlugin.uplugin" 326
"../../../Engine/Plugins/Developer/AnimationSharing/AnimationSharing.uplugin" 327
"../../../Engine/Plugins/Animation/RigLogic/RigLogic.uplugin" 328
"../../../Engine/Plugins/Developer/CodeLiteSourceCodeAccess/CodeLiteSourceCodeAccess.uplugin" 329
"../../../Engine/Plugins/Animation/DeformerGraph/DeformerGraph.uplugin" 330
"../../../Engine/Plugins/Animation/PoseSearch/PoseSearch.uplugin" 331
"../../../Engine/Plugins/Cameras/GameplayCameras/GameplayCameras.uplugin" 332
"../../../Engine/Plugins/Developer/DumpGPUServices/DumpGPUServices.uplugin" 333
"../../../Engine/Plugins/Developer/FieldNotificationTrace/FieldNotificationTrace.uplugin" 334
"../../../Engine/Plugins/Developer/GitSourceControl/GitSourceControl.uplugin" 335
"../../../Engine/Plugins/Developer/KDevelopSourceCodeAccess/KDevelopSourceCodeAccess.uplugin" 336
"../../../Engine/Plugins/Developer/N10XSourceCodeAccess/N10XSourceCodeAccess.uplugin" 337
"../../../Engine/Plugins/Developer/NullSourceCodeAccess/NullSourceCodeAccess.uplugin" 338
"../../../Engine/Plugins/Developer/PerforceSourceControl/PerforceSourceControl.uplugin" 339
"../../../Engine/Plugins/Developer/PixWinPlugin/PixWinPlugin.uplugin" 340
"../../../Engine/Plugins/Developer/OneSkyLocalizationService/OneSkyLocalizationService.uplugin" 341
"../../../Engine/Plugins/Developer/PluginUtils/PluginUtils.uplugin" 342
"../../../Engine/Plugins/Developer/TraceSourceFiltering/TraceSourceFilters.uplugin" 343
"../../../Engine/Plugins/Developer/PlasticSourceControl/PlasticSourceControl.uplugin" 344
"../../../Engine/Plugins/Developer/UObjectPlugin/UObjectPlugin.uplugin" 345
"../../../Engine/Plugins/Animation/BlendSpaceMotionAnalysis/BlendSpaceMotionAnalysis.uplugin" 346
"../../../Engine/Plugins/Developer/TraceDataFiltering/TraceDataFilters.uplugin" 347
"../../../Engine/Plugins/Developer/VisualStudioSourceCodeAccess/VisualStudioSourceCodeAccess.uplugin" 348
"../../../Engine/Plugins/Developer/XcodeGPUDebuggerPlugin/XcodeGPUDebuggerPlugin.uplugin" 349
"../../../Engine/Plugins/Developer/XCodeSourceCodeAccess/XCodeSourceCodeAccess.uplugin" 350
"../../../Engine/Plugins/Developer/VisualStudioCodeSourceCodeAccess/VisualStudioCodeSourceCodeAccess.uplugin" 351
"../../../Engine/Plugins/Experimental/ActorPalette/ActorPalette.uplugin" 352
"../../../Engine/Plugins/Experimental/AbilitySystemGameFeatureActions/AbilitySystemGameFeatureActions.uplugin" 353
"../../../Engine/Plugins/Experimental/ActorModifierCore/ActorModifierCore.uplugin" 354
"../../../Engine/Plugins/Developer/TextureFormatOodle/TextureFormatOodle.uplugin" 355
"../../../Engine/Plugins/Experimental/AnimNext/AnimNext.uplugin" 356
"../../../Engine/Plugins/Developer/PropertyAccessNode/PropertyAccessNode.uplugin" 357
"../../../Engine/Plugins/Experimental/AnimToTexture/AnimToTexture.uplugin" 358
"../../../Engine/Plugins/Experimental/AnimNextAnimGraph/AnimNextAnimGraph.uplugin" 359
"../../../Engine/Plugins/Experimental/AnimNextStateTree/AnimNextStateTree.uplugin" 360
"../../../Engine/Plugins/Experimental/AutomationUtils/AutomationUtils.uplugin" 361
"../../../Engine/Plugins/Experimental/AvalancheDisplayCluster/AvalancheDisplayCluster.uplugin" 362
"../../../Engine/Plugins/Experimental/AnimNextChooser/AnimNextChooser.uplugin" 363
"../../../Engine/Plugins/Experimental/AppleVision/AppleVision.uplugin" 364
"../../../Engine/Plugins/Developer/SubversionSourceControl/SubversionSourceControl.uplugin" 365
"../../../Engine/Plugins/Developer/RiderSourceCodeAccess/RiderSourceCodeAccess.uplugin" 366
"../../../Engine/Plugins/Experimental/Avalanche/Avalanche.uplugin" 367
"../../../Engine/Plugins/Experimental/AdvancedRenamer/AdvancedRenamer.uplugin" 368
"../../../Engine/Plugins/Experimental/BlueprintSnapNodes/BlueprintSnapNodes.uplugin" 369
"../../../Engine/Plugins/Experimental/BackChannel/BackChannel.uplugin" 370
"../../../Engine/Plugins/Experimental/BlueprintStats/BlueprintStats.uplugin" 371
"../../../Engine/Plugins/Experimental/Buoyancy/Buoyancy.uplugin" 372
"../../../Engine/Plugins/Experimental/ChaosCachingUSD/ChaosCachingUSD.uplugin" 373
"../../../Engine/Plugins/Experimental/ChaosCaching/ChaosCaching.uplugin" 374
"../../../Engine/Plugins/Experimental/ChaosClothEditor/ChaosClothEditor.uplugin" 375
"../../../Engine/Plugins/Experimental/ChaosModularVehicle/ChaosModularVehicle.uplugin" 376
"../../../Engine/Plugins/Experimental/ChaosEditor/ChaosEditor.uplugin" 377
"../../../Engine/Plugins/Experimental/ChaosNiagara/ChaosNiagara.uplugin" 378
"../../../Engine/Plugins/Experimental/ChaosModularVehicleExamples/ChaosModularVehicleExamples.uplugin" 379
"../../../Engine/Plugins/Experimental/ChaosVehiclesPlugin/ChaosVehiclesPlugin.uplugin" 380
"../../../Engine/Plugins/Experimental/ChaosSolverPlugin/ChaosSolverPlugin.uplugin" 381
"../../../Engine/Plugins/Experimental/ChaosUserDataPT/ChaosUserDataPT.uplugin" 382
"../../../Engine/Plugins/Experimental/CharacterAI/CharacterAI.uplugin" 383
"../../../Engine/Plugins/Experimental/CineCameraRigs/CineCameraRigs.uplugin" 384
"../../../Engine/Plugins/Experimental/CineCameraSceneCapture/CineCameraSceneCapture.uplugin" 385
"../../../Engine/Plugins/Experimental/CodeEditor/CodeEditor.uplugin" 386
"../../../Engine/Plugins/Experimental/ChaosFlesh/ChaosFlesh.uplugin" 387
"../../../Engine/Plugins/Experimental/ColorCorrectRegions/ColorCorrectRegions.uplugin" 388
"../../../Engine/Plugins/Experimental/CommonConversation/CommonConversation.uplugin" 389
"../../../Engine/Plugins/Experimental/CinematicPrestreaming/CinematicPrestreaming.uplugin" 390
"../../../Engine/Plugins/Experimental/ControlFlows/ControlFlows.uplugin" 391
"../../../Engine/Plugins/Experimental/Dataflow/Dataflow.uplugin" 392
"../../../Engine/Plugins/Experimental/ClonerEffector/ClonerEffector.uplugin" 393
"../../../Engine/Plugins/Experimental/DaySequence/DaySequence.uplugin" 394
"../../../Engine/Plugins/Experimental/CodeView/CodeView.uplugin" 395
"../../../Engine/Plugins/Developer/RenderDocPlugin/RenderDocPlugin.uplugin" 396
"../../../Engine/Plugins/Experimental/DefaultInstallBundleManager/DefaultInstallBundleManager.uplugin" 397
"../../../Engine/Plugins/Experimental/EditorDataStorage/EditorDataStorage.uplugin" 398
"../../../Engine/Plugins/Experimental/DynamicMaterial/DynamicMaterial.uplugin" 399
"../../../Engine/Plugins/Experimental/CustomDetailsView/CustomDetailsView.uplugin" 400
"../../../Engine/Plugins/Experimental/EditorDataStorageFeatures/EditorDataStorageFeatures.uplugin" 401
"../../../Engine/Plugins/Experimental/EditorTelemetry/EditorTelemetry.uplugin" 402
"../../../Engine/Plugins/Experimental/EditorPerformance/EditorPerformance.uplugin" 403
"../../../Engine/Plugins/Experimental/FloatingProperties/FloatingProperties.uplugin" 404
"../../../Engine/Plugins/Experimental/Fracture/Fracture.uplugin" 405
"../../../Engine/Plugins/Experimental/FieldSystemPlugin/FieldSystemPlugin.uplugin" 406
"../../../Engine/Plugins/Experimental/FullBodyIK/FullBodyIK.uplugin" 407
"../../../Engine/Plugins/Experimental/GameInputWindows/GameInputWindows.uplugin" 408
"../../../Engine/Plugins/Experimental/GameplayGraph/GameplayGraph.uplugin" 409
"../../../Engine/Plugins/Experimental/Gauntlet/Gauntlet.uplugin" 410
"../../../Engine/Plugins/Experimental/GameplayTargetingSystem/TargetingSystem.uplugin" 411
"../../../Engine/Plugins/Experimental/GeometryFlow/GeometryFlow.uplugin" 412
"../../../Engine/Plugins/Experimental/GeometryCollectionPlugin/GeometryCollectionPlugin.uplugin" 413
"../../../Engine/Plugins/Experimental/GameplayBehaviors/GameplayBehaviors.uplugin" 414
"../../../Engine/Plugins/Experimental/GeometryMask/GeometryMask.uplugin" 415
"../../../Engine/Plugins/Experimental/GizmoEdMode/GizmoEdMode.uplugin" 416
"../../../Engine/Plugins/Experimental/HairModelingToolset/HairModelingToolset.uplugin" 417
"../../../Engine/Plugins/Experimental/GizmoFramework/GizmoFramework.uplugin" 418
"../../../Engine/Plugins/Runtime/WebMMoviePlayer/WebMMoviePlayer.uplugin" 419
"../../../Engine/Plugins/Experimental/GPULightmass/GPULightmass.uplugin" 420
"../../../Engine/Plugins/Experimental/HairCardGenerator/HairCardGenerator.uplugin" 421
"../../../Engine/Plugins/Experimental/GeometryCacheAbcFile/GeometryCacheAbcFile.uplugin" 422
"../../../Engine/Plugins/Experimental/ImagePlate/ImagePlate.uplugin" 423
"../../../Engine/Plugins/Experimental/ImpostorBaker/ImpostorBaker.uplugin" 424
"../../../Engine/Plugins/Experimental/HairStrandsMutable/HairStrandsMutable.uplugin" 425
"../../../Engine/Plugins/Experimental/InstanceDataObjectFixupTool/InstanceDataObjectFixupTool.uplugin" 426
"../../../Engine/Plugins/Experimental/ImageWidgets/ImageWidgets.uplugin" 427
"../../../Engine/Plugins/Experimental/Iris/Iris.uplugin" 428
"../../../Engine/Plugins/Experimental/InlineMaterialInstance/InlineMaterialInstance.uplugin" 429
"../../../Engine/Plugins/Experimental/JWT/JWT.uplugin" 430
"../../../Engine/Plugins/Experimental/Landmass/Landmass.uplugin" 431
"../../../Engine/Plugins/Experimental/LandscapePatch/LandscapePatch.uplugin" 432
"../../../Engine/Plugins/Experimental/LearningAgents/LearningAgents.uplugin" 433
"../../../Engine/Plugins/Experimental/LiveLinkFaceImporter/LiveLinkFaceImporter.uplugin" 434
"../../../Engine/Plugins/Experimental/LiveLinkOpenVR/LiveLinkOpenVR.uplugin" 435
"../../../Engine/Plugins/Experimental/MeshModelingToolsetExp/MeshModelingToolsetExp.uplugin" 436
"../../../Engine/Plugins/Experimental/LowLevelNetTrace/LowLevelNetTrace.uplugin" 437
"../../../Engine/Plugins/Experimental/LocalizableMessage/LocalizableMessage.uplugin" 438
"../../../Engine/Plugins/Experimental/MotorSimOutputMotoSynth/MotorSimOutputMotoSynth.uplugin" 439
"../../../Engine/Plugins/Experimental/MoverExamples/MoverExamples.uplugin" 440
"../../../Engine/Plugins/Experimental/Mover/Mover.uplugin" 441
"../../../Engine/Plugins/Experimental/MoverTests/MoverTests.uplugin" 442
"../../../Engine/Plugins/Experimental/NaniteDisplacedMesh/NaniteDisplacedMesh.uplugin" 443
"../../../Engine/Plugins/Experimental/MotoSynth/MotoSynth.uplugin" 444
"../../../Engine/Plugins/Experimental/MutablePopulation/MutablePopulation.uplugin" 445
"../../../Engine/Plugins/Experimental/NFORDenoise/NFORDenoise.uplugin" 446
"../../../Engine/Plugins/Experimental/NNERuntimeBasicCpu/NNERuntimeBasicCpu.uplugin" 447
"../../../Engine/Plugins/Experimental/NNERuntimeRDG/NNERuntimeRDG.uplugin" 448
"../../../Engine/Plugins/Experimental/NNERuntimeIREE/NNERuntimeIREE.uplugin" 449
"../../../Engine/Plugins/Experimental/OpenImageDenoise/OpenImageDenoise.uplugin" 450
"../../../Engine/Plugins/Experimental/OperatorStack/OperatorStack.uplugin" 451
"../../../Engine/Plugins/Experimental/OptiXDenoise/OptiXDenoise.uplugin" 452
"../../../Engine/Plugins/Experimental/PanoramicCapture/PanoramicCapture.uplugin" 453
"../../../Engine/Plugins/Experimental/PCGBiomeSample/PCGBiomeSample.uplugin" 454
"../../../Engine/Plugins/Experimental/NeuralRendering/NeuralRendering.uplugin" 455
"../../../Engine/Plugins/Experimental/PCGBiomeCore/PCGBiomeCore.uplugin" 456
"../../../Engine/Plugins/Experimental/PhysicsControl/PhysicsControl.uplugin" 457
"../../../Engine/Plugins/Experimental/PlatformCrypto/PlatformCrypto.uplugin" 458
"../../../Engine/Plugins/Experimental/PixelStreamingPlayer/PixelStreamingPlayer.uplugin" 459
"../../../Engine/Plugins/Experimental/PluginAudit/PluginAudit.uplugin" 460
"../../../Engine/Plugins/Experimental/PlainProps/PlainProps.uplugin" 461
"../../../Engine/Plugins/Experimental/LiveLinkControlRig/LiveLinkControlRig.uplugin" 462
"../../../Engine/Plugins/Experimental/PlanarCutPlugin/PlanarCut.uplugin" 463
"../../../Engine/Plugins/Experimental/PluginReferenceViewer/PluginReferenceViewer.uplugin" 464
"../../../Engine/Plugins/Experimental/PostProcessMaterialChainGraph/PostProcessMaterialChainGraph.uplugin" 465
"../../../Engine/Plugins/Experimental/PluginTemplateTool/PluginTemplateTool.uplugin" 466
"../../../Engine/Plugins/Experimental/PropertyAnimatorCore/PropertyAnimatorCore.uplugin" 467
"../../../Engine/Plugins/Experimental/PythonFoundationPackages/PythonFoundationPackages.uplugin" 468
"../../../Engine/Plugins/Experimental/QuicMessaging/QuicMessaging.uplugin" 469
"../../../Engine/Plugins/Experimental/RawInput/RawInput.uplugin" 470
"../../../Engine/Plugins/Experimental/RazerChromaDevices/RazerChromaDevices.uplugin" 471
"../../../Engine/Plugins/Experimental/PythonScriptPlugin/PythonScriptPlugin.uplugin" 472
"../../../Engine/Plugins/Experimental/RenderGrid/RenderGrid.uplugin" 473
"../../../Engine/Plugins/Experimental/RemoteSession/RemoteSession.uplugin" 474
"../../../Engine/Plugins/Experimental/ScreenReader/ScreenReader.uplugin" 475
"../../../Engine/Plugins/Experimental/SerializationUtils/SerializationUtils.uplugin" 476
"../../../Engine/Plugins/Experimental/RigLogicAnimNext/RigLogicAnimNext.uplugin" 477
"../../../Engine/Plugins/Experimental/SecuritySandbox/SecuritySandbox.uplugin" 478
"../../../Engine/Plugins/Experimental/Shotgrid/Shotgrid.uplugin" 479
"../../../Engine/Plugins/Experimental/SimpleHMD/SimpleHMD.uplugin" 480
"../../../Engine/Plugins/Experimental/SkeletalReduction/SkeletalReduction.uplugin" 481
"../../../Engine/Plugins/Experimental/PropertyAnimator/PropertyAnimator.uplugin" 482
"../../../Engine/Plugins/Experimental/RemoteControlComponents/RemoteControlComponents.uplugin" 483
"../../../Engine/Plugins/Experimental/SlateModelViewViewModel/SlateModelViewViewModel.uplugin" 484
"../../../Engine/Plugins/Experimental/StateGraph/StateGraph.uplugin" 485
"../../../Engine/Plugins/Experimental/SlateScreenReader/SlateScreenReader.uplugin" 486
"../../../Engine/Plugins/Experimental/StormSyncAvalancheBridge/StormSyncAvalancheBridge.uplugin" 487
"../../../Engine/Plugins/Experimental/StormSync/StormSync.uplugin" 488
"../../../Engine/Plugins/Experimental/StructUtils/StructUtils.uplugin" 489
"../../../Engine/Plugins/Experimental/StudioTelemetry/StudioTelemetry.uplugin" 490
"../../../Engine/Plugins/Experimental/SurfaceEffects/SurfaceEffects.uplugin" 491
"../../../Engine/Plugins/Experimental/SVGImporter/SVGImporter.uplugin" 492
"../../../Engine/Plugins/Experimental/TargetDeviceServicesScripting/TargetDeviceServicesScripting.uplugin" 493
"../../../Engine/Plugins/Experimental/TextToSpeech/TextToSpeech.uplugin" 494
"../../../Engine/Plugins/Experimental/Text3D/Text3D.uplugin" 495
"../../../Engine/Plugins/Experimental/RigLogicMutable/RigLogicMutable.uplugin" 496
"../../../Engine/Plugins/Experimental/TextureGraph/TextureGraph.uplugin" 497
"../../../Engine/Plugins/Experimental/TextureMediaPlayer/TextureMediaPlayer.uplugin" 498
"../../../Engine/Plugins/Experimental/ToolPresets/ToolPresets.uplugin" 499
"../../../Engine/Plugins/Experimental/WaterAdvanced/WaterAdvanced.uplugin" 500
"../../../Engine/Plugins/Experimental/UserToolBoxCore/UserToolBoxCore.uplugin" 501
"../../../Engine/Plugins/Experimental/WaterExtras/WaterExtras.uplugin" 502
"../../../Engine/Plugins/Experimental/WebSocketMessaging/WebSocketMessaging.uplugin" 503
"../../../Engine/Plugins/Experimental/VirtualHeightfieldMesh/VirtualHeightfieldMesh.uplugin" 504
"../../../Engine/Plugins/Media/AjaMedia/AjaMedia.uplugin" 505
"../../../Engine/Plugins/Experimental/UIFramework/UIFramework.uplugin" 506
"../../../Engine/Plugins/Experimental/UserToolBoxBasicCommand/UserToolBoxBasicCommand.uplugin" 507
"../../../Engine/Plugins/Experimental/TetMeshing/TetMeshing.uplugin" 508
"../../../Engine/Plugins/Experimental/Volumetrics/Volumetrics.uplugin" 509
"../../../Engine/Plugins/FX/Niagara/Niagara.uplugin" 510
"../../../Engine/Plugins/Experimental/Water/Water.uplugin" 511
"../../../Engine/Plugins/Experimental/WaveFunctionCollapse/WaveFunctionCollapse.uplugin" 512
"../../../Engine/Plugins/Experimental/VirtualProductionUtilities/VirtualProductionUtilities.uplugin" 513
"../../../Engine/Plugins/Experimental/XRCreativeFramework/XRCreativeFramework.uplugin" 514
"../../../Engine/Plugins/Experimental/WidgetEditorToolPalette/WidgetEditorToolPalette.uplugin" 515
"../../../Engine/Plugins/FX/ExampleCustomDataInterface/ExampleCustomDataInterface.uplugin" 516
"../../../Engine/Plugins/FX/NiagaraMRQ/NiagaraMRQ.uplugin" 517
"../../../Engine/Plugins/FX/CascadeToNiagaraConverter/CascadeToNiagaraConverter.uplugin" 518
"../../../Engine/Plugins/FX/NiagaraFluids/NiagaraFluids.uplugin" 519
"../../../Engine/Plugins/Media/AndroidCamera/AndroidCamera.uplugin" 520
"../../../Engine/Plugins/FX/NiagaraSimCaching/NiagaraSimCaching.uplugin" 521
"../../../Engine/Plugins/Media/AndroidMedia/AndroidMedia.uplugin" 522
"../../../Engine/Plugins/Experimental/WebSocketNetworking/WebSocketNetworking.uplugin" 523
"../../../Engine/Plugins/Media/AppleProResDecoderElectra/AppleProResDecoderElectra.uplugin" 524
"../../../Engine/Plugins/Media/AppleProResMedia/AppleProResMedia.uplugin" 525
"../../../Engine/Plugins/Media/AudioCaptureTimecodeProvider/AudioCaptureTimecodeProvider.uplugin" 526
"../../../Engine/Plugins/Media/AvfMedia/AvfMedia.uplugin" 527
"../../../Engine/Plugins/Media/BinkMedia/BinkMedia.uplugin" 528
"../../../Engine/Plugins/Media/AvidDNxMedia/AvidDNxMedia.uplugin" 529
"../../../Engine/Plugins/Media/BlackmagicMedia/BlackmagicMedia.uplugin" 530
"../../../Engine/Plugins/Media/D3D12VideoDecodersElectra/D3D12VideoDecodersElectra.uplugin" 531
"../../../Engine/Plugins/Media/ElectraCDM/ElectraCDM.uplugin" 532
"../../../Engine/Plugins/Media/AvidDNxHDDecoderElectra/AvidDNxHDDecoderElectra.uplugin" 533
"../../../Engine/Plugins/Media/FlacDecoderElectra/FlacDecoderElectra.uplugin" 534
"../../../Engine/Plugins/Media/ElectraUtil/ElectraUtil.uplugin" 535
"../../../Engine/Plugins/Media/HAPDecoderElectra/HAPDecoderElectra.uplugin" 536
"../../../Engine/Plugins/Media/ElectraSubtitles/ElectraSubtitles.uplugin" 537
"../../../Engine/Plugins/Media/HardwareEncoders/HardwareEncoders.uplugin" 538
"../../../Engine/Plugins/Media/HAPMedia/HAPMedia.uplugin" 539
"../../../Engine/Plugins/Media/ImgMedia/ImgMedia.uplugin" 540
"../../../Engine/Plugins/Media/LinearTimecode/LinearTimecode.uplugin" 541
"../../../Engine/Plugins/Media/ElectraCodecs/ElectraCodecs.uplugin" 542
"../../../Engine/Plugins/Media/MediaCompositing/MediaCompositing.uplugin" 543
"../../../Engine/Plugins/Media/MediaFrameworkUtilities/MediaFrameworkUtilities.uplugin" 544
"../../../Engine/Plugins/Media/MediaIOFramework/MediaIOFramework.uplugin" 545
"../../../Engine/Plugins/Media/MediaMovieStreamer/MediaMovieStreamer.uplugin" 546
"../../../Engine/Plugins/Media/MediaPlate/MediaPlate.uplugin" 547
"../../../Engine/Plugins/Media/MfMedia/MfMedia.uplugin" 548
"../../../Engine/Plugins/Web/HttpBlueprint/HttpBlueprint.uplugin" 549
"../../../Engine/Plugins/Media/NDIMedia/NDIMedia.uplugin" 550
"../../../Engine/Plugins/Media/PixelCapture/PixelCapture.uplugin" 551
"../../../Engine/Plugins/Media/ElectraPlayer/ElectraPlayer.uplugin" 552
"../../../Engine/Plugins/Media/OpusDecoderElectra/OpusDecoderElectra.uplugin" 553
"../../../Engine/Plugins/Media/PixelStreaming2/PixelStreaming2.uplugin" 554
"../../../Engine/Plugins/Media/WebMMedia/WebMMedia.uplugin" 555
"../../../Engine/Plugins/Media/WmfMedia/WmfMedia.uplugin" 556
"../../../Engine/Plugins/Media/VPxDecoderElectra/VPxDecoderElectra.uplugin" 557
"../../../Engine/Plugins/Media/TimecodeSynchronizer/TimecodeSynchronizer.uplugin" 558
"../../../Engine/Plugins/Media/MediaPlayerEditor/MediaPlayerEditor.uplugin" 559
"../../../Engine/Plugins/Online/VoiceChat/VoiceChat/VoiceChat.uplugin" 560
"../../../Engine/Plugins/Online/VoiceChat/EOSVoiceChat/EOSVoiceChat.uplugin" 561
"../../../Engine/Plugins/Media/PixelStreaming/PixelStreaming.uplugin" 562
"../../../Engine/Plugins/Editor/ContentBrowser/ContentBrowserAliasDataSource/ContentBrowserAliasDataSource.uplugin" 563
"../../../Engine/Plugins/VirtualProduction/DMX/DatasmithMVR/DatasmithMVR.uplugin" 564
"../../../Engine/Plugins/Editor/ContentBrowser/ContentBrowserAssetDataSource/ContentBrowserAssetDataSource.uplugin" 565
"../../../Engine/Plugins/Experimental/VirtualProduction/VPRoles/VPRoles.uplugin" 566
"../../../Engine/Plugins/Editor/ContentBrowser/ContentBrowserClassDataSource/ContentBrowserClassDataSource.uplugin" 567
"../../../Engine/Plugins/VirtualProduction/DMX/DMXControlConsole/DMXControlConsole.uplugin" 568
"../../../Engine/Plugins/VirtualProduction/DMX/DMXProtocol/DMXProtocol.uplugin" 569
"../../../Engine/Plugins/VirtualProduction/DMX/DMXPixelMapping/DMXPixelMapping.uplugin" 570
"../../../Engine/Plugins/VirtualProduction/DMX/DMXDisplayCluster/DMXDisplayCluster.uplugin" 571
"../../../Engine/Plugins/Editor/Localization/PortableObjectFileDataSource/PortableObjectFileDataSource.uplugin" 572
"../../../Engine/Plugins/VirtualProduction/DMX/DMXEngine/DMXEngine.uplugin" 573
"../../../Engine/Plugins/VirtualProduction/DMX/DMXGDTF/DMXGDTF.uplugin" 574
"../../../Engine/Plugins/Developer/Concert/ConcertMain/ConcertMain.uplugin" 575
"../../../Engine/Plugins/Experimental/VirtualProduction/VPSettings/VPSettings.uplugin" 576
"../../../Engine/Plugins/Editor/ContentBrowser/ContentBrowserFileDataSource/ContentBrowserFileDataSource.uplugin" 577
"../../../Engine/Plugins/VirtualProduction/DMX/DMXModularFeatures/DMXModularFeatures.uplugin" 578
"../../../Engine/Plugins/VirtualProduction/Rivermax/RivermaxSync/RivermaxSync.uplugin" 579
"../../../Engine/Plugins/VirtualProduction/DMX/DMXFixtures/DMXFixtures.uplugin" 580
"../../../Engine/Plugins/VirtualProduction/Rivermax/RivermaxMedia/RivermaxMedia.uplugin" 581
"../../../Engine/Plugins/Online/IOS/OnlineSubsystemIOS/OnlineSubsystemIOS.uplugin" 582
"../../../Engine/Plugins/Experimental/Animation/HierarchyTableBuiltin/HierarchyTableBuiltin.uplugin" 583
"../../../Engine/Plugins/Runtime/Advertising/IOSTapJoy/IOSTapJoy.uplugin" 584
"../../../Engine/Plugins/Experimental/Animation/CurveExpression/CurveExpression.uplugin" 585
"../../../Engine/Plugins/Experimental/Animation/MotionTrajectory/MotionTrajectory.uplugin" 586
"../../../Engine/Plugins/Online/Android/AndroidFetchBackgroundDownload/AndroidFetchBackgroundDownload.uplugin" 587
"../../../Engine/Plugins/Runtime/Analytics/AnalyticsMulticast/AnalyticsMulticast.uplugin" 588
"../../../Engine/Plugins/Online/Android/OnlineSubsystemGooglePlay/OnlineSubsystemGooglePlay.uplugin" 589
"../../../Engine/Plugins/Experimental/Animation/Optimus/Optimus.uplugin" 590
"../../../Engine/Plugins/Experimental/VirtualProduction/LedWallCalibration/LedWallCalibration.uplugin" 591
"../../../Engine/Plugins/Runtime/Analytics/AnalyticsBlueprintLibrary/AnalyticsBlueprintLibrary.uplugin" 592
"../../../Engine/Plugins/Experimental/Animation/ContextualAnimation/ContextualAnimation.uplugin" 593
"../../../Engine/Plugins/Runtime/Analytics/FileLogging/FileLogging.uplugin" 594
"../../../Engine/Plugins/Experimental/Animation/HierarchyTable/HierarchyTable.uplugin" 595
"../../../Engine/Plugins/Experimental/Compositing/HoldoutComposite/HoldoutComposite.uplugin" 596
"../../../Engine/Plugins/Experimental/Workspace/Workspace.uplugin" 597
"../../../Engine/Plugins/VirtualProduction/Rivermax/RivermaxCore/RivermaxCore.uplugin" 598
"../../../Engine/Plugins/Runtime/Steam/SteamAudio/SteamAudio.uplugin" 599
"../../../Engine/Plugins/Runtime/XR/XRVisualization/XRVisualization.uplugin" 600
"../../../Engine/Plugins/Runtime/Analytics/Flurry/Flurry.uplugin" 601
"../../../Engine/Plugins/Runtime/XR/XRScribe/XRScribe.uplugin" 602
"../../../Engine/Plugins/Runtime/Database/ADOSupport/ADOSupport.uplugin" 603
"../../../Engine/Plugins/Experimental/Animation/SkeletalMeshModelingTools/SkeletalMeshModelingTools.uplugin" 604
"../../../Engine/Plugins/Runtime/Database/DatabaseSupport/DatabaseSupport.uplugin" 605
"../../../Engine/Plugins/Runtime/MeshReconstruction/DummyMeshReconstructor/DummyMeshReconstructor.uplugin" 606
"../../../Engine/Plugins/Runtime/Database/RemoteDatabaseSupport/RemoteDatabaseSupport.uplugin" 607
"../../../Engine/Plugins/Runtime/Steam/SteamController/SteamController.uplugin" 608
"../../../Engine/Plugins/Runtime/AR/ARUtilities/ARUtilities.uplugin" 609
"../../../Engine/Plugins/Runtime/Nvidia/GeForceNOWWrapper/GeForceNOWWrapper.uplugin" 610
"../../../Engine/Plugins/Runtime/Database/SQLiteCore/SQLiteCore.uplugin" 611
"../../../Engine/Plugins/Runtime/Database/SQLiteSupport/SQLiteSupport.uplugin" 612
"../../../Engine/Plugins/Runtime/Steam/SteamShared/SteamShared.uplugin" 613
"../../../Engine/Plugins/Experimental/MetaHuman/MetaHumanRuntime/MetaHumanRuntime.uplugin" 614
"../../../Engine/Plugins/Experimental/CharacterFXEditor/ExampleCharacterFXEditor/ExampleCharacterFXEditor.uplugin" 615
"../../../Engine/Plugins/Runtime/Nvidia/Reflex/Reflex.uplugin" 616
"../../../Engine/Plugins/Runtime/Steam/SteamSockets/SteamSockets.uplugin" 617
"../../../Engine/Plugins/Experimental/PCGInterops/PCGNiagaraInterop/PCGNiagaraInterop.uplugin" 618
"../../../Engine/Plugins/Animation/MLDeformer/ChaosClothGenerator/ChaosClothGenerator.uplugin" 619
"../../../Engine/Plugins/Runtime/PacketHandlers/AESGCMHandlerComponent/AESGCMHandlerComponent.uplugin" 620
"../../../Engine/Plugins/Experimental/CharacterFXEditor/BaseCharacterFXEditor/BaseCharacterFXEditor.uplugin" 621
"../../../Engine/Plugins/Runtime/PacketHandlers/AESHandlerComponent/AESHandlerComponent.uplugin" 622
"../../../Engine/Plugins/Animation/MLDeformer/NearestNeighborModel/NearestNeighborModel.uplugin" 623
"../../../Engine/Plugins/Runtime/Windows/WinDualShock/WinDualShock.uplugin" 624
"../../../Engine/Plugins/Animation/MLDeformer/VertexDeltaModel/VertexDeltaModel.uplugin" 625
"../../../Engine/Plugins/Experimental/Web/WebAPI/WebAPI.uplugin" 626
"../../../Engine/Plugins/Runtime/PacketHandlers/DTLSHandlerComponent/DTLSHandlerComponent.uplugin" 627
"../../../Engine/Plugins/Experimental/Enterprise/DatasmithInterchange/DatasmithInterchange.uplugin" 628
"../../../Engine/Plugins/Experimental/Enterprise/DataprepGeometryOperations/DataprepGeometryOperations.uplugin" 629
"../../../Engine/Plugins/Experimental/Enterprise/DatasmithRuntime/DatasmithRuntime.uplugin" 630
"../../../Engine/Plugins/Runtime/Windows/XInputDevice/XInputDevice.uplugin" 631
"../../../Engine/Plugins/Experimental/PCGInterops/PCGWaterInterop/PCGWaterInterop.uplugin" 632
"../../../Engine/Plugins/Animation/MLDeformer/ChaosFleshGenerator/ChaosFleshGenerator.uplugin" 633
"../../../Engine/Plugins/Editor/ObjectMixer/LightMixer/LightMixer.uplugin" 634
"../../../Engine/Plugins/Animation/MLDeformer/MLDeformerFramework/MLDeformerFramework.uplugin" 635
"../../../Engine/Plugins/Editor/ObjectMixer/ObjectMixer/ObjectMixer.uplugin" 636
"../../../Engine/Plugins/Experimental/AVCodecs/AMFCodecs/AMFCodecs.uplugin" 637
"../../../Engine/Plugins/Animation/MLDeformer/NeuralMorphModel/NeuralMorphModel.uplugin" 638
"../../../Engine/Plugins/Experimental/AVCodecs/AVCodecsCore/AVCodecsCore.uplugin" 639
"../../../Engine/Plugins/Experimental/AVCodecs/VTCodecs/VTCodecs.uplugin" 640
"../../../Engine/Plugins/Experimental/AVCodecs/NVCodecs/NVCodecs.uplugin" 641
"../../../Engine/Plugins/Experimental/AVCodecs/LibVpxCodecs/LibVpxCodecs.uplugin" 642
"../../../Engine/Plugins/Experimental/AVCodecs/WMFCodecs/WMFCodecs.uplugin" 643
"../../../Engine/Plugins/Developer/Concert/ConcertUI/ConcertSharedSlate/ConcertSharedSlate.uplugin" 644
"../../../Engine/Plugins/Developer/Concert/ConcertScripting/ConcertReplicationScripting/ConcertReplicationScripting.uplugin" 645
"../../../Engine/Plugins/Developer/Concert/ConcertSync/ConcertSyncClient/ConcertSyncClient.uplugin" 646
"../../../Engine/Plugins/Runtime/AR/Google/GoogleARCore/GoogleARCore.uplugin" 647
"../../../Engine/Plugins/Runtime/AR/Google/GoogleARCoreServices/GoogleARCoreServices.uplugin" 648
"../../../Engine/Plugins/Developer/Concert/ConcertUI/ConcertClientSharedSlate/ConcertClientSharedSlate.uplugin" 649
"../../../Engine/Plugins/Runtime/AR/AppleAR/AppleARKitFaceSupport/AppleARKitFaceSupport.uplugin" 650
"../../../Engine/Plugins/Runtime/AR/AppleAR/AppleARKit/AppleARKit.uplugin" 651
"../../../Engine/Plugins/Developer/Concert/ConcertSync/ConcertSyncServer/ConcertSyncServer.uplugin" 652
"../../../Engine/Plugins/Developer/Concert/ConcertSync/ConcertSyncTest/ConcertSyncTest.uplugin" 653
"../../../Engine/Plugins/Developer/Concert/ConcertSync/ConcertSyncCore/ConcertSyncCore.uplugin" 654
"../../../Engine/Plugins/Developer/Concert/ConcertApp/MultiUserClient/MultiUserClient.uplugin" 655
"../../../Engine/Plugins/Developer/Concert/ConcertInsights/ConcertInsightsClient/ConcertInsightsClient.uplugin" 656
"../../../Engine/Plugins/Developer/Concert/ConcertApp/MultiUserServer/MultiUserServer.uplugin" 657
"../../../Engine/Plugins/Developer/Concert/ConcertApp/DisasterRecoveryClient/DisasterRecoveryClient.uplugin" 658
"../../../Engine/Plugins/Developer/Concert/ConcertInsights/ConcertInsightsCore/ConcertInsightsCore.uplugin" 659
"../../../Engine/Plugins/Developer/Concert/ConcertInsights/ConcertInsightsVisualizer/ConcertInsightsVisualizer.uplugin" 660
"../../../Engine/Plugins/Experimental/MetaHuman/MetaHumanSDK/MetaHumanSDK.uplugin" 661
"../../../Engine/Plugins/Developer/Concert/ConcertInsights/ConcertInsightsServer/ConcertInsightsServer.uplugin" 662
"../../../Engine/Plugins/Runtime/Analytics/Adjust/Adjust.uplugin" 663
"../../../Engine/Content/Internationalization/icudt64l/cnvalias.icu" 664
"../../../Engine/Content/Internationalization/icudt64l/res_index.res" 665
"../../../Engine/Content/Internationalization/icudt64l/plurals.res" 666
"../../../Engine/Content/Internationalization/icudt64l/lang/en.res" 667
"../../../Engine/Content/Internationalization/icudt64l/lang/pool.res" 668
"../../../Engine/Content/Internationalization/icudt64l/lang/root.res" 669
"../../../Engine/Content/Internationalization/icudt64l/region/en.res" 670
"../../../Engine/Content/Internationalization/icudt64l/region/pool.res" 671
"../../../Engine/Content/Internationalization/icudt64l/region/root.res" 672
"../../../Engine/Content/Internationalization/icudt64l/windowsZones.res" 673
"../../../Engine/Content/Internationalization/icudt64l/zoneinfo64.res" 674
"../../../Engine/Content/Internationalization/icudt64l/keyTypeData.res" 675
"../../../Engine/Content/Internationalization/icudt64l/timezoneTypes.res" 676
"../../../Engine/Content/Internationalization/icudt64l/likelySubtags.res" 677
"../../../Engine/Content/Internationalization/icudt64l/en_US.res" 678
"../../../Engine/Content/Internationalization/icudt64l/pool.res" 679
"../../../Engine/Content/Internationalization/icudt64l/en.res" 680
"../../../Engine/Content/Internationalization/icudt64l/root.res" 681
"../../../Engine/Content/Internationalization/icudt64l/supplementalData.res" 682
"../../../Engine/Config/ConfigRedirects.ini" 683
"C:/Users/bizza/AppData/Local/UnrealEngine/5.5/Saved/Config/WindowsEditor/Manifest.ini" 684
"../../../Engine/Config/BaseEngine.ini" 685
"../../../Engine/Config/Windows/BaseWindowsEngine.ini" 686
"../../../../CreationLayer/ZombieRepo/Config/DefaultEngine.ini" 687
"../../../Engine/Config/Windows/WindowsEngine.ini" 688
"../../../Engine/Config/BaseGame.ini" 689
"../../../../CreationLayer/ZombieRepo/Config/DefaultGame.ini" 690
"../../../Engine/Config/Windows/WindowsGame.ini" 691
"Z:/CreationLayer/ZombieRepo/Saved/Config/WindowsEditor/Game.ini" 692
"../../../Engine/Config/BaseInput.ini" 693
"../../../Engine/Config/Windows/BaseWindowsInput.ini" 694
"../../../../CreationLayer/ZombieRepo/Config/DefaultInput.ini" 695
"../../../Engine/Config/Windows/WindowsInput.ini" 696
"../../../Engine/Config/BaseDeviceProfiles.ini" 697
"../../../Engine/Config/BaseGameUserSettings.ini" 698
"Z:/CreationLayer/ZombieRepo/Saved/Config/WindowsEditor/GameUserSettings.ini" 699
"../../../Engine/Config/BaseScalability.ini" 700
"../../../Engine/Config/BaseRuntimeOptions.ini" 701
"../../../Engine/Config/BaseInstallBundle.ini" 702
"../../../Engine/Config/BaseHardware.ini" 703
"../../../Engine/Config/BaseLightmass.ini" 704
"../../../Engine/Config/BaseEditor.ini" 705
"../../../../CreationLayer/ZombieRepo/Config/DefaultEditor.ini" 706
"Z:/CreationLayer/ZombieRepo/Saved/Config/WindowsEditor/Editor.ini" 707
"../../../Engine/Config/BaseEditorPerProjectUserSettings.ini" 708
"../../../../CreationLayer/ZombieRepo/Config/DefaultEditorPerProjectUserSettings.ini" 709
"../../../Engine/Config/Windows/WindowsEditorPerProjectUserSettings.ini" 710
"Z:/CreationLayer/ZombieRepo/Saved/Config/WindowsEditor/EditorPerProjectUserSettings.ini" 711
"../../../Engine/Config/BaseEditorSettings.ini" 712
"C:/Users/bizza/AppData/Local/UnrealEngine/5.5/Saved/Config/WindowsEditor/EditorSettings.ini" 713
"../../../Engine/Config/BaseEditorKeyBindings.ini" 714
"C:/Users/bizza/AppData/Local/UnrealEngine/5.5/Saved/Config/WindowsEditor/EditorKeyBindings.ini" 715
"../../../Engine/Config/IOS/BaseIOSEngine.ini" 716
"../../../Engine/Config/Mac/BaseMacEngine.ini" 717
"../../../Engine/Binaries/Win64/BootstrapPackagedGame-Win64-Shipping.target" 718
"../../../Engine/Binaries/Win64/BuildPatchTool-Win64-Shipping.target" 719
"../../../Engine/Binaries/Win64/CrashReportClient-Win64-Shipping.target" 720
"../../../Engine/Config/Android/BaseAndroidEngine.ini" 721
"../../../Engine/Config/TVOS/TVOSEngine.ini" 722
"../../../Engine/Binaries/Win64/CrashReportClientEditor-Win64-Shipping.target" 723
"../../../Engine/Config/Android/AndroidEngine.ini" 724
"../../../Engine/Config/IOS/BaseIOSGame.ini" 725
"../../../Engine/Config/Linux/BaseLinuxEngine.ini" 726
"../../../Engine/Config/LinuxArm64/BaseLinuxArm64Engine.ini" 727
"../../../Engine/Platforms/VisionOS/Config/BaseVisionOSEngine.ini" 728
"../../../Engine/Config/Mac/MacGame.ini" 729
"../../../Engine/Binaries/Win64/DatasmithCADWorker.target" 730
"../../../Engine/Binaries/Win64/EpicWebHelper-Win64-Shipping.target" 731
"../../../Engine/Binaries/Win64/InterchangeWorker.target" 732
"../../../Engine/Config/Unix/UnixEngine.ini" 733
"../../../Engine/Binaries/Win64/LiveCodingConsole.target" 734
"../../../Engine/Config/IOS/IOSGame.ini" 735
"../../../Engine/Config/LinuxArm64/LinuxArm64Engine.ini" 736
"../../../Engine/Config/Linux/LinuxEngine.ini" 737
"../../../Engine/Platforms/VisionOS/Config/VisionOSEngine.ini" 738
"../../../Engine/Config/Android/BaseAndroidGame.ini" 739
"../../../Engine/Binaries/Win64/LiveLinkHub.target" 740
"../../../Engine/Config/Mac/BaseMacInput.ini" 741
"../../../Engine/Config/Linux/LinuxGame.ini" 742
"../../../Engine/Config/Android/AndroidScalability.ini" 743
"../../../Engine/Config/IOS/IOSScalability.ini" 744
"../../../Engine/Config/IOS/BaseIOSInstallBundle.ini" 745
"../../../Engine/Config/Android/BaseAndroidInstallBundle.ini" 746
"../../../Engine/Binaries/Win64/ShaderCompileWorker.target" 747
"../../../Engine/Binaries/Win64/SwitchboardListener.target" 748
"../../../Engine/Binaries/Win64/SwitchboardListenerHelper.target" 749
"../../../Engine/Binaries/Win64/UnrealEditor-Win64-DebugGame.target" 750
"../../../Engine/Binaries/Win64/UnrealEditor.target" 751
"../../../Engine/Config/PluginBase.ini" 752
"../../../Engine/Plugins/ChaosVD/Config/DefaultChaosVD.ini" 753
"../../../Engine/Plugins/EnhancedInput/Config/BaseEnhancedInput.ini" 754
"../../../Engine/Plugins/Fab/Config/BaseFab.ini" 755
"../../../Engine/Plugins/TraceUtilities/Config/BaseTraceUtilities.ini" 756
"../../../Engine/Plugins/Editor/EditorScriptingUtilities/Config/BaseEditorScriptingUtilities.ini" 757
"../../../Engine/Plugins/Interchange/Assets/Config/BaseInterchangeAssets.ini" 758
"../../../Engine/Plugins/Interchange/Runtime/Config/BaseInterchange.ini" 759
"../../../Engine/Plugins/Enterprise/DatasmithContent/Config/BaseDatasmithContent.ini" 760
"../../../Engine/Plugins/Enterprise/GLTFExporter/Config/BaseGLTFExporter.ini" 761
"../../../Engine/Plugins/Enterprise/GLTFExporter/Config/DefaultGLTFExporter.ini" 762
"../../../Engine/Plugins/Enterprise/VariantManagerContent/Config/BaseVariantManagerContent.ini" 763
"../../../Engine/Plugins/Runtime/HairStrands/Config/BaseHairStrands.ini" 764
"../../../Engine/Plugins/Runtime/Metasound/Config/BaseMetasound.ini" 765
"../../../Engine/Plugins/Runtime/Metasound/Config/DefaultMetasound.ini" 766
"../../../Engine/Plugins/Runtime/RigVM/Config/BaseRigVM.ini" 767
"../../../Engine/Plugins/Runtime/Synthesis/Config/BaseSynthesis.ini" 768
"../../../Engine/Plugins/Runtime/StateTree/Config/BaseStateTree.ini" 769
"../../../Engine/Plugins/Runtime/USDCore/Config/BaseUSDCore.ini" 770
"../../../Engine/Plugins/2D/Paper2D/Config/BasePaper2D.ini" 771
"../../../Engine/Plugins/VirtualProduction/Takes/Config/BaseTakes.ini" 772
"../../../Engine/Plugins/Animation/ControlRig/Config/BaseControlRig.ini" 773
"../../../Engine/Plugins/Animation/DeformerGraph/Config/BaseDeformerGraph.ini" 774
"../../../Engine/Plugins/Animation/IKRig/Config/BaseIKRig.ini" 775
"../../../Engine/Plugins/Animation/LiveLink/Config/BaseLiveLink.ini" 776
"../../../Engine/Plugins/Cameras/GameplayCameras/Config/BaseGameplayCameras.ini" 777
"../../../Engine/Plugins/Experimental/FullBodyIK/Config/BaseFullBodyIK.ini" 778
"../../../Engine/Plugins/Experimental/ToolPresets/Config/BaseToolPresets.ini" 779
"../../../Engine/Plugins/FX/Niagara/Config/BaseNiagara.ini" 780
"../../../Engine/Plugins/Experimental/Compositing/HoldoutComposite/Config/BaseHoldoutComposite.ini" 781
"../../../Engine/Plugins/Experimental/MetaHuman/MetaHumanSDK/Config/BaseMetaHumanSDK.ini" 782
"../../../Engine/Plugins/Developer/Concert/ConcertSync/ConcertSyncCore/Config/BaseConcertSyncCore.ini" 783
"../../../Engine/Plugins/ChaosVD/Config/Engine.ini" 784
"../../../Engine/Plugins/EnhancedInput/Config/Input.ini" 785
"../../../Engine/Plugins/NNE/NNEDenoiser/Config/Game.ini" 786
"../../../Engine/Plugins/Runtime/InputDebugging/Config/Input.ini" 787
"../../../Engine/Plugins/Runtime/RigVM/Config/Editor.ini" 788
"../../../Engine/Plugins/Runtime/Windows/XInputDevice/Config/Input.ini" 789
"../../../Engine/Plugins/Editor/ModelingToolsEditorMode/Binaries/Win64/UnrealEditor.modules" 790
"../../../Engine/Plugins/Runtime/MeshModelingToolset/Binaries/Win64/UnrealEditor.modules" 791
"../../../Engine/Plugins/Experimental/MeshModelingToolsetExp/Binaries/Win64/UnrealEditor.modules" 792
"../../../Engine/Plugins/Editor/MeshLODToolset/Binaries/Win64/UnrealEditor.modules" 793
"../../../Engine/Plugins/Experimental/ToolPresets/Binaries/Win64/UnrealEditor.modules" 794
"../../../Engine/Plugins/Editor/StylusInput/Binaries/Win64/UnrealEditor.modules" 795
"../../../Engine/Plugins/Runtime/GeometryProcessing/Binaries/Win64/UnrealEditor.modules" 796
"../../../Engine/Plugins/Editor/ProxyLODPlugin/Binaries/Win64/UnrealEditor.modules" 797
"../../../Engine/Plugins/Experimental/PlanarCutPlugin/Binaries/Win64/UnrealEditor.modules" 798
"../../../Engine/Plugins/Experimental/GeometryFlow/Binaries/Win64/UnrealEditor.modules" 799
"../../../Engine/Plugins/Editor/EditorScriptingUtilities/Binaries/Win64/UnrealEditor.modules" 800
"../../../Engine/Plugins/Bridge/Binaries/Win64/UnrealEditor.modules" 801
"../../../Engine/Plugins/Experimental/MetaHuman/MetaHumanSDK/Binaries/Win64/UnrealEditor.modules" 802
"../../../Engine/Plugins/Animation/ControlRig/Binaries/Win64/UnrealEditor.modules" 803
"../../../Engine/Plugins/Runtime/HairStrands/Binaries/Win64/UnrealEditor.modules" 804
"../../../Engine/Plugins/Animation/RigLogic/Binaries/Win64/UnrealEditor.modules" 805
"../../../Engine/Plugins/Runtime/RigVM/Binaries/Win64/UnrealEditor.modules" 806
"../../../Engine/Plugins/Experimental/PythonScriptPlugin/Binaries/Win64/UnrealEditor.modules" 807
"../../../Engine/Plugins/MovieScene/LevelSequenceEditor/Binaries/Win64/UnrealEditor.modules" 808
"../../../Engine/Plugins/Runtime/PropertyAccess/Binaries/Win64/UnrealEditor.modules" 809
"../../../Engine/Plugins/MovieScene/SequencerScripting/Binaries/Win64/UnrealEditor.modules" 810
"../../../Engine/Plugins/FX/Niagara/Binaries/Win64/UnrealEditor.modules" 811
"../../../Engine/Plugins/Runtime/GeometryCache/Binaries/Win64/UnrealEditor.modules" 812
"../../../Engine/Plugins/Animation/DeformerGraph/Binaries/Win64/UnrealEditor.modules" 813
"../../../Engine/Plugins/Editor/ContentBrowser/ContentBrowserFileDataSource/Binaries/Win64/UnrealEditor.modules" 814
"../../../Engine/Plugins/Runtime/ComputeFramework/Binaries/Win64/UnrealEditor.modules" 815
"../../../Engine/Plugins/ChaosCloth/Binaries/Win64/UnrealEditor.modules" 816
"../../../Engine/Plugins/Experimental/ChaosCaching/Binaries/Win64/UnrealEditor.modules" 817
"../../../Engine/Plugins/VirtualProduction/Takes/Binaries/Win64/UnrealEditor.modules" 818
"../../../Engine/Plugins/Runtime/AudioCapture/Binaries/Win64/UnrealEditor.modules" 819
"../../../Engine/Plugins/ChaosVD/Binaries/Win64/UnrealEditor.modules" 820
"../../../Engine/Plugins/CmdLinkServer/Binaries/Win64/UnrealEditor.modules" 821
"../../../Engine/Plugins/EnhancedInput/Binaries/Win64/UnrealEditor.modules" 822
"../../../Engine/Plugins/Editor/DataValidation/Binaries/Win64/UnrealEditor.modules" 823
"../../../Engine/Plugins/FastBuildController/Binaries/Win64/UnrealEditor.modules" 824
"../../../Engine/Plugins/Fab/Binaries/Win64/UnrealEditor.modules" 825
"../../../Engine/Plugins/Interchange/Runtime/Binaries/Win64/UnrealEditor.modules" 826
"../../../Engine/Plugins/Online/EOSShared/Binaries/Win64/UnrealEditor.modules" 827
"../../../Engine/Plugins/Runtime/USDCore/Binaries/Win64/UnrealEditor.modules" 828
"../../../Engine/Plugins/Enterprise/VariantManagerContent/Binaries/Win64/UnrealEditor.modules" 829
"../../../Engine/Plugins/Enterprise/VariantManager/Binaries/Win64/UnrealEditor.modules" 830
"../../../Engine/Plugins/Animation/LiveLink/Binaries/Win64/UnrealEditor.modules" 831
"../../../Engine/Plugins/Developer/Concert/ConcertSync/ConcertSyncClient/Binaries/Win64/UnrealEditor.modules" 832
"../../../Engine/Plugins/Editor/ContentBrowser/ContentBrowserAssetDataSource/Binaries/Win64/UnrealEditor.modules" 833
"../../../Engine/Plugins/Developer/Concert/ConcertSync/ConcertSyncCore/Binaries/Win64/UnrealEditor.modules" 834
"../../../Engine/Plugins/Developer/Concert/ConcertMain/Binaries/Win64/UnrealEditor.modules" 835
"../../../Engine/Plugins/Runtime/Database/SQLiteCore/Binaries/Win64/UnrealEditor.modules" 836
"../../../Engine/Plugins/MeshPainting/Binaries/Win64/UnrealEditor.modules" 837
"../../../Engine/Plugins/Interchange/Editor/Binaries/Win64/UnrealEditor.modules" 838
"../../../Engine/Plugins/RenderGraphInsights/Binaries/Win64/UnrealEditor.modules" 839
"../../../Engine/Plugins/TraceUtilities/Binaries/Win64/UnrealEditor.modules" 840
"../../../Engine/Plugins/UbaController/Binaries/Win64/UnrealEditor.modules" 841
"../../../Engine/Plugins/WorldMetrics/Binaries/Win64/UnrealEditor.modules" 842
"../../../Engine/Plugins/XGEController/Binaries/Win64/UnrealEditor.modules" 843
"../../../Engine/Plugins/Editor/AssetManagerEditor/Binaries/Win64/UnrealEditor.modules" 844
"../../../Engine/Plugins/Editor/BlueprintHeaderView/Binaries/Win64/UnrealEditor.modules" 845
"../../../Engine/Plugins/Editor/ChangelistReview/Binaries/Win64/UnrealEditor.modules" 846
"../../../Engine/Plugins/Editor/ColorGrading/Binaries/Win64/UnrealEditor.modules" 847
"../../../Engine/Plugins/Editor/ObjectMixer/ObjectMixer/Binaries/Win64/UnrealEditor.modules" 848
"../../../Engine/Plugins/Editor/CryptoKeys/Binaries/Win64/UnrealEditor.modules" 849
"../../../Engine/Plugins/Editor/EditorDebugTools/Binaries/Win64/UnrealEditor.modules" 850
"../../../Engine/Plugins/Editor/CurveEditorTools/Binaries/Win64/UnrealEditor.modules" 851
"../../../Engine/Plugins/Editor/EngineAssetDefinitions/Binaries/Win64/UnrealEditor.modules" 852
"../../../Engine/Plugins/Editor/GameplayTagsEditor/Binaries/Win64/UnrealEditor.modules" 853
"../../../Engine/Plugins/Editor/FacialAnimation/Binaries/Win64/UnrealEditor.modules" 854
"../../../Engine/Plugins/Editor/GeometryMode/Binaries/Win64/UnrealEditor.modules" 855
"../../../Engine/Plugins/Editor/MaterialAnalyzer/Binaries/Win64/UnrealEditor.modules" 856
"../../../Engine/Plugins/Editor/MobileLauncherProfileWizard/Binaries/Win64/UnrealEditor.modules" 857
"../../../Engine/Plugins/Editor/PluginBrowser/Binaries/Win64/UnrealEditor.modules" 858
"../../../Engine/Plugins/Developer/PluginUtils/Binaries/Win64/UnrealEditor.modules" 859
"../../../Engine/Plugins/Editor/SequencerAnimTools/Binaries/Win64/UnrealEditor.modules" 860
"../../../Engine/Plugins/Editor/SpeedTreeImporter/Binaries/Win64/UnrealEditor.modules" 861
"../../../Engine/Plugins/Editor/UVEditor/Binaries/Win64/UnrealEditor.modules" 862
"../../../Engine/Plugins/Editor/WorldPartitionHLODUtilities/Binaries/Win64/UnrealEditor.modules" 863
"../../../Engine/Plugins/Editor/UMGWidgetPreview/Binaries/Win64/UnrealEditor.modules" 864
"../../../Engine/Plugins/Enterprise/DatasmithContent/Binaries/Win64/UnrealEditor.modules" 865
"../../../Engine/Plugins/Enterprise/GLTFExporter/Binaries/Win64/UnrealEditor.modules" 866
"../../../Engine/Plugins/Importers/AlembicImporter/Binaries/Win64/UnrealEditor.modules" 867
"../../../Engine/Plugins/MovieScene/ActorSequence/Binaries/Win64/UnrealEditor.modules" 868
"../../../Engine/Plugins/Online/OnlineBase/Binaries/Win64/UnrealEditor.modules" 869
"../../../Engine/Plugins/Online/OnlineSubsystem/Binaries/Win64/UnrealEditor.modules" 870
"../../../Engine/Plugins/Portal/LauncherChunkInstaller/Binaries/Win64/UnrealEditor.modules" 871
"../../../Engine/Plugins/Online/OnlineSubsystemNull/Binaries/Win64/UnrealEditor.modules" 872
"../../../Engine/Plugins/Online/OnlineSubsystemUtils/Binaries/Win64/UnrealEditor.modules" 873
"../../../Engine/Plugins/Online/OnlineServices/Binaries/Win64/UnrealEditor.modules" 874
"../../../Engine/Plugins/Tests/InterchangeTests/Binaries/Win64/UnrealEditor.modules" 875
"../../../Engine/Plugins/Messaging/TcpMessaging/Binaries/Win64/UnrealEditor.modules" 876
"../../../Engine/Plugins/Messaging/UdpMessaging/Binaries/Win64/UnrealEditor.modules" 877
"../../../Engine/Plugins/NNE/NNEDenoiser/Binaries/Win64/UnrealEditor.modules" 878
"../../../Engine/Plugins/NNE/NNERuntimeORT/Binaries/Win64/UnrealEditor.modules" 879
"../../../Engine/Plugins/Runtime/ActorLayerUtilities/Binaries/Win64/UnrealEditor.modules" 880
"../../../Engine/Plugins/Runtime/AndroidDeviceProfileSelector/Binaries/Win64/UnrealEditor.modules" 881
"../../../Engine/Plugins/Runtime/AndroidFileServer/Binaries/Win64/UnrealEditor.modules" 882
"../../../Engine/Plugins/Runtime/AndroidPermission/Binaries/Win64/UnrealEditor.modules" 883
"../../../Engine/Plugins/Runtime/AppleImageUtils/Binaries/Win64/UnrealEditor.modules" 884
"../../../Engine/Plugins/Runtime/ArchVisCharacter/Binaries/Win64/UnrealEditor.modules" 885
"../../../Engine/Plugins/Runtime/AssetTags/Binaries/Win64/UnrealEditor.modules" 886
"../../../Engine/Plugins/Runtime/ChunkDownloader/Binaries/Win64/UnrealEditor.modules" 887
"../../../Engine/Plugins/Runtime/CableComponent/Binaries/Win64/UnrealEditor.modules" 888
"../../../Engine/Plugins/Runtime/CustomMeshComponent/Binaries/Win64/UnrealEditor.modules" 889
"../../../Engine/Plugins/Runtime/ExampleDeviceProfileSelector/Binaries/Win64/UnrealEditor.modules" 890
"../../../Engine/Plugins/Runtime/GooglePAD/Binaries/Win64/UnrealEditor.modules" 891
"../../../Engine/Plugins/Runtime/InputDebugging/Binaries/Win64/UnrealEditor.modules" 892
"../../../Engine/Plugins/Runtime/LocationServicesBPLibrary/Binaries/Win64/UnrealEditor.modules" 893
"../../../Engine/Plugins/Runtime/Metasound/Binaries/Win64/UnrealEditor.modules" 894
"../../../Engine/Plugins/Runtime/AudioWidgets/Binaries/Win64/UnrealEditor.modules" 895
"../../../Engine/Plugins/Runtime/AudioSynesthesia/Binaries/Win64/UnrealEditor.modules" 896
"../../../Engine/Plugins/Runtime/WaveTable/Binaries/Win64/UnrealEditor.modules" 897
"../../../Engine/Plugins/Runtime/MobilePatchingUtils/Binaries/Win64/UnrealEditor.modules" 898
"../../../Engine/Plugins/Runtime/MsQuic/Binaries/Win64/UnrealEditor.modules" 899
"../../../Engine/Plugins/Runtime/ProceduralMeshComponent/Binaries/Win64/UnrealEditor.modules" 900
"../../../Engine/Plugins/Runtime/ResonanceAudio/Binaries/Win64/UnrealEditor.modules" 901
"../../../Engine/Plugins/Runtime/SoundFields/Binaries/Win64/UnrealEditor.modules" 902
"../../../Engine/Plugins/Runtime/Synthesis/Binaries/Win64/UnrealEditor.modules" 903
"../../../Engine/Plugins/Runtime/WebMMoviePlayer/Binaries/Win64/UnrealEditor.modules" 904
"../../../Engine/Plugins/Media/WebMMedia/Binaries/Win64/UnrealEditor.modules" 905
"../../../Engine/Plugins/Runtime/WindowsDeviceProfileSelector/Binaries/Win64/UnrealEditor.modules" 906
"../../../Engine/Plugins/Runtime/WindowsMoviePlayer/Binaries/Win64/UnrealEditor.modules" 907
"../../../Engine/Plugins/2D/Paper2D/Binaries/Win64/UnrealEditor.modules" 908
"../../../Engine/Plugins/AI/EnvironmentQueryEditor/Binaries/Win64/UnrealEditor.modules" 909
"../../../Engine/Plugins/AI/AISupport/Binaries/Win64/UnrealEditor.modules" 910
"../../../Engine/Plugins/Animation/ACLPlugin/Binaries/Win64/UnrealEditor.modules" 911
"../../../Engine/Plugins/Animation/AnimationData/Binaries/Win64/UnrealEditor.modules" 912
"../../../Engine/Plugins/Animation/AnimationModifierLibrary/Binaries/Win64/UnrealEditor.modules" 913
"../../../Engine/Plugins/Animation/BlendSpaceMotionAnalysis/Binaries/Win64/UnrealEditor.modules" 914
"../../../Engine/Plugins/Animation/ControlRigSpline/Binaries/Win64/UnrealEditor.modules" 915
"../../../Engine/Plugins/Animation/IKRig/Binaries/Win64/UnrealEditor.modules" 916
"../../../Engine/Plugins/Experimental/FullBodyIK/Binaries/Win64/UnrealEditor.modules" 917
"../../../Engine/Plugins/Cameras/CameraShakePreviewer/Binaries/Win64/UnrealEditor.modules" 918
"../../../Engine/Plugins/Cameras/GameplayCameras/Binaries/Win64/UnrealEditor.modules" 919
"../../../Engine/Plugins/Runtime/StateTree/Binaries/Win64/UnrealEditor.modules" 920
"../../../Engine/Plugins/MovieScene/TemplateSequence/Binaries/Win64/UnrealEditor.modules" 921
"../../../Engine/Plugins/Cameras/EngineCameras/Binaries/Win64/UnrealEditor.modules" 922
"../../../Engine/Plugins/Compression/OodleNetwork/Binaries/Win64/UnrealEditor.modules" 923
"../../../Engine/Plugins/Developer/CLionSourceCodeAccess/Binaries/Win64/UnrealEditor.modules" 924
"../../../Engine/Plugins/Developer/AnimationSharing/Binaries/Win64/UnrealEditor.modules" 925
"../../../Engine/Plugins/Runtime/SignificanceManager/Binaries/Win64/UnrealEditor.modules" 926
"../../../Engine/Plugins/Developer/DumpGPUServices/Binaries/Win64/UnrealEditor.modules" 927
"../../../Engine/Plugins/Developer/GitSourceControl/Binaries/Win64/UnrealEditor.modules" 928
"../../../Engine/Plugins/Developer/N10XSourceCodeAccess/Binaries/Win64/UnrealEditor.modules" 929
"../../../Engine/Plugins/Developer/PerforceSourceControl/Binaries/Win64/UnrealEditor.modules" 930
"../../../Engine/Plugins/Developer/PixWinPlugin/Binaries/Win64/UnrealEditor.modules" 931
"../../../Engine/Plugins/Developer/RenderDocPlugin/Binaries/Win64/UnrealEditor.modules" 932
"../../../Engine/Plugins/Developer/PropertyAccessNode/Binaries/Win64/UnrealEditor.modules" 933
"../../../Engine/Plugins/Developer/PlasticSourceControl/Binaries/Win64/UnrealEditor.modules" 934
"../../../Engine/Plugins/Developer/TextureFormatOodle/Binaries/Win64/UnrealEditor.modules" 935
"../../../Engine/Plugins/Developer/RiderSourceCodeAccess/Binaries/Win64/UnrealEditor.modules" 936
"../../../Engine/Plugins/Developer/SubversionSourceControl/Binaries/Win64/UnrealEditor.modules" 937
"../../../Engine/Plugins/Developer/UObjectPlugin/Binaries/Win64/UnrealEditor.modules" 938
"../../../Engine/Plugins/Developer/VisualStudioSourceCodeAccess/Binaries/Win64/UnrealEditor.modules" 939
"../../../Engine/Plugins/Developer/VisualStudioCodeSourceCodeAccess/Binaries/Win64/UnrealEditor.modules" 940
"../../../Engine/Plugins/Experimental/AdvancedRenamer/Binaries/Win64/UnrealEditor.modules" 941
"../../../Engine/Plugins/Experimental/AutomationUtils/Binaries/Win64/UnrealEditor.modules" 942
"../../../Engine/Plugins/Experimental/BackChannel/Binaries/Win64/UnrealEditor.modules" 943
"../../../Engine/Plugins/Experimental/ChaosEditor/Binaries/Win64/UnrealEditor.modules" 944
"../../../Engine/Plugins/Experimental/GeometryCollectionPlugin/Binaries/Win64/UnrealEditor.modules" 945
"../../../Engine/Plugins/Experimental/Fracture/Binaries/Win64/UnrealEditor.modules" 946
"../../../Engine/Plugins/Experimental/ChaosSolverPlugin/Binaries/Win64/UnrealEditor.modules" 947
"../../../Engine/Plugins/Experimental/Dataflow/Binaries/Win64/UnrealEditor.modules" 948
"../../../Engine/Plugins/Experimental/CharacterFXEditor/BaseCharacterFXEditor/Binaries/Win64/UnrealEditor.modules" 949
"../../../Engine/Plugins/Experimental/ChaosNiagara/Binaries/Win64/UnrealEditor.modules" 950
"../../../Engine/Plugins/Experimental/ChaosUserDataPT/Binaries/Win64/UnrealEditor.modules" 951
"../../../Engine/Plugins/Experimental/CharacterAI/Binaries/Win64/UnrealEditor.modules" 952
"../../../Engine/Plugins/Experimental/EditorDataStorage/Binaries/Win64/UnrealEditor.modules" 953
"../../../Engine/Plugins/Experimental/EditorPerformance/Binaries/Win64/UnrealEditor.modules" 954
"../../../Engine/Plugins/Experimental/StudioTelemetry/Binaries/Win64/UnrealEditor.modules" 955
"../../../Engine/Plugins/Experimental/EditorTelemetry/Binaries/Win64/UnrealEditor.modules" 956
"../../../Engine/Plugins/Experimental/LocalizableMessage/Binaries/Win64/UnrealEditor.modules" 957
"../../../Engine/Plugins/Experimental/NFORDenoise/Binaries/Win64/UnrealEditor.modules" 958
"../../../Engine/Plugins/Experimental/PlatformCrypto/Binaries/Win64/UnrealEditor.modules" 959
"../../../Engine/Plugins/Experimental/SkeletalReduction/Binaries/Win64/UnrealEditor.modules" 960
"../../../Engine/Plugins/FX/NiagaraSimCaching/Binaries/Win64/UnrealEditor.modules" 961
"../../../Engine/Plugins/Media/AndroidMedia/Binaries/Win64/UnrealEditor.modules" 962
"../../../Engine/Plugins/Media/AvfMedia/Binaries/Win64/UnrealEditor.modules" 963
"../../../Engine/Plugins/Media/ImgMedia/Binaries/Win64/UnrealEditor.modules" 964
"../../../Engine/Plugins/Media/MediaPlayerEditor/Binaries/Win64/UnrealEditor.modules" 965
"../../../Engine/Plugins/Media/MediaCompositing/Binaries/Win64/UnrealEditor.modules" 966
"../../../Engine/Plugins/Media/MediaPlate/Binaries/Win64/UnrealEditor.modules" 967
"../../../Engine/Plugins/Experimental/Compositing/HoldoutComposite/Binaries/Win64/UnrealEditor.modules" 968
"../../../Engine/Plugins/Media/WmfMedia/Binaries/Win64/UnrealEditor.modules" 969
"../../../Engine/Plugins/Editor/ContentBrowser/ContentBrowserClassDataSource/Binaries/Win64/UnrealEditor.modules" 970
"../../../Engine/Plugins/Editor/Localization/PortableObjectFileDataSource/Binaries/Win64/UnrealEditor.modules" 971
"../../../Engine/Plugins/Experimental/Animation/SkeletalMeshModelingTools/Binaries/Win64/UnrealEditor.modules" 972
"../../../Engine/Plugins/Runtime/Windows/XInputDevice/Binaries/Win64/UnrealEditor.modules" 973
"../../../Engine/Plugins/Editor/ObjectMixer/LightMixer/Binaries/Win64/UnrealEditor.modules" 974
"../../../Engine/Config/BaseSourceControlSettings.ini" 975
"C:/Users/bizza/AppData/Local/UnrealEngine/5.5/Saved/Config/WindowsEditor/SourceControlSettings.ini" 976
"../../../Engine/Content/Internationalization/icudt64l/coll/ucadata.icu" 977
"../../../Engine/Content/Internationalization/icudt64l/coll/en_US.res" 978
"../../../Engine/Content/Internationalization/icudt64l/coll/en.res" 979
"../../../Engine/Content/Internationalization/icudt64l/coll/root.res" 980
"../../../Engine/Content/Certificates/ThirdParty/cacert.pem" 981
"../../../Engine/Config/ConsoleVariables.ini" 982
"../../../Engine/Binaries/Win64/Android/UnrealEditor.modules" 983
"../../../Engine/Binaries/Win64/IOS/UnrealEditor.modules" 984
"../../../Engine/Binaries/Win64/Linux/UnrealEditor.modules" 985
"../../../Engine/Binaries/Win64/LinuxArm64/UnrealEditor.modules" 986
"../../../Engine/Content/Localization/Editor/en/Editor.locres" 987
"../../../Engine/Content/Localization/EditorTutorials/en/EditorTutorials.locres" 988
"../../../Engine/Content/Localization/Keywords/en/Keywords.locres" 989
"../../../Engine/Content/Localization/Category/en/Category.locres" 990
"../../../Engine/Content/Localization/ToolTips/en/ToolTips.locres" 991
"../../../Engine/Content/Localization/PropertyNames/en/PropertyNames.locres" 992
"../../../Engine/Content/Localization/Engine/en/Engine.locres" 993
"../../../Engine/Plugins/Online/OnlineSubsystem/Content/Localization/OnlineSubsystem/en/OnlineSubsystem.locres" 994
"../../../Engine/Plugins/Online/OnlineSubsystemUtils/Content/Localization/OnlineSubsystemUtils/en/OnlineSubsystemUtils.locres" 995
"../../../Engine/Plugins/Online/IOS/OnlineSubsystemIOS/Content/Localization/OnlineSubsystemIOS/en/OnlineSubsystemIOS.locres" 996
"../../../Engine/Plugins/Online/Android/OnlineSubsystemGooglePlay/Content/Localization/OnlineSubsystemGooglePlay/en/OnlineSubsystemGooglePlay.locres" 997
"../../../Engine/Content/Internationalization/icudt64l/numberingSystems.res" 998
"../../../Engine/Content/Internationalization/icudt64l/curr/supplementalData.res" 999
"../../../Engine/Content/Internationalization/icudt64l/curr/en.res" 1000
"../../../Engine/Content/Internationalization/icudt64l/curr/pool.res" 1001
"../../../Engine/Content/Internationalization/icudt64l/curr/root.res" 1002
"../../../Engine/Content/Internationalization/icudt64l/lang/af.res" 1003
"../../../Engine/Content/Internationalization/icudt64l/region/af.res" 1004
"../../../Engine/Content/Internationalization/icudt64l/lang/agq.res" 1005
"../../../Engine/Content/Internationalization/icudt64l/region/agq.res" 1006
"../../../Engine/Content/Internationalization/icudt64l/lang/ak.res" 1007
"../../../Engine/Content/Internationalization/icudt64l/region/ak.res" 1008
"../../../Engine/Content/Internationalization/icudt64l/lang/am.res" 1009
"../../../Engine/Content/Internationalization/icudt64l/region/am.res" 1010
"../../../Engine/Content/Internationalization/icudt64l/lang/ar.res" 1011
"../../../Engine/Content/Internationalization/icudt64l/region/ar.res" 1012
"../../../Engine/Content/Internationalization/icudt64l/region/ar_AE.res" 1013
"../../../Engine/Content/Internationalization/icudt64l/lang/ar_EG.res" 1014
"../../../Engine/Content/Internationalization/icudt64l/lang/ar_LY.res" 1015
"../../../Engine/Content/Internationalization/icudt64l/region/ar_LY.res" 1016
"../../../Engine/Content/Internationalization/icudt64l/lang/ar_SA.res" 1017
"../../../Engine/Content/Internationalization/icudt64l/region/ar_SA.res" 1018
"../../../Engine/Content/Internationalization/icudt64l/lang/as.res" 1019
"../../../Engine/Content/Internationalization/icudt64l/region/as.res" 1020
"../../../Engine/Content/Internationalization/icudt64l/lang/asa.res" 1021
"../../../Engine/Content/Internationalization/icudt64l/region/asa.res" 1022
"../../../Engine/Content/Internationalization/icudt64l/lang/ast.res" 1023
"../../../Engine/Content/Internationalization/icudt64l/region/ast.res" 1024
"../../../Engine/Content/Internationalization/icudt64l/lang/az.res" 1025
"../../../Engine/Content/Internationalization/icudt64l/lang/az_Cyrl.res" 1026
"../../../Engine/Content/Internationalization/icudt64l/lang/az_AZ.res" 1027
"../../../Engine/Content/Internationalization/icudt64l/lang/az_Latn_AZ.res" 1028
"../../../Engine/Content/Internationalization/icudt64l/lang/az_Latn.res" 1029
"../../../Engine/Content/Internationalization/icudt64l/region/az_AZ.res" 1030
"../../../Engine/Content/Internationalization/icudt64l/region/az_Latn_AZ.res" 1031
"../../../Engine/Content/Internationalization/icudt64l/region/az_Latn.res" 1032
"../../../Engine/Content/Internationalization/icudt64l/region/az.res" 1033
"../../../Engine/Content/Internationalization/icudt64l/region/az_Cyrl.res" 1034
"../../../Engine/Content/Internationalization/icudt64l/lang/bas.res" 1035
"../../../Engine/Content/Internationalization/icudt64l/region/bas.res" 1036
"../../../Engine/Content/Internationalization/icudt64l/lang/be.res" 1037
"../../../Engine/Content/Internationalization/icudt64l/region/be.res" 1038
"../../../Engine/Content/Internationalization/icudt64l/lang/bem.res" 1039
"../../../Engine/Content/Internationalization/icudt64l/region/bem.res" 1040
"../../../Engine/Content/Internationalization/icudt64l/lang/bez.res" 1041
"../../../Engine/Content/Internationalization/icudt64l/region/bez.res" 1042
"../../../Engine/Content/Internationalization/icudt64l/lang/bg.res" 1043
"../../../Engine/Content/Internationalization/icudt64l/region/bg.res" 1044
"../../../Engine/Content/Internationalization/icudt64l/lang/bm.res" 1045
"../../../Engine/Content/Internationalization/icudt64l/region/bm.res" 1046
"../../../Engine/Content/Internationalization/icudt64l/lang/bn.res" 1047
"../../../Engine/Content/Internationalization/icudt64l/region/bn.res" 1048
"../../../Engine/Content/Internationalization/icudt64l/lang/bn_IN.res" 1049
"../../../Engine/Content/Internationalization/icudt64l/region/bn_IN.res" 1050
"../../../Engine/Content/Internationalization/icudt64l/lang/bo.res" 1051
"../../../Engine/Content/Internationalization/icudt64l/region/bo.res" 1052
"../../../Engine/Content/Internationalization/icudt64l/region/bo_IN.res" 1053
"../../../Engine/Content/Internationalization/icudt64l/lang/br.res" 1054
"../../../Engine/Content/Internationalization/icudt64l/region/br.res" 1055
"../../../Engine/Content/Internationalization/icudt64l/lang/brx.res" 1056
"../../../Engine/Content/Internationalization/icudt64l/region/brx.res" 1057
"../../../Engine/Content/Internationalization/icudt64l/lang/bs.res" 1058
"../../../Engine/Content/Internationalization/icudt64l/lang/bs_Cyrl.res" 1059
"../../../Engine/Content/Internationalization/icudt64l/lang/bs_BA.res" 1060
"../../../Engine/Content/Internationalization/icudt64l/lang/bs_Latn_BA.res" 1061
"../../../Engine/Content/Internationalization/icudt64l/lang/bs_Latn.res" 1062
"../../../Engine/Content/Internationalization/icudt64l/region/bs_BA.res" 1063
"../../../Engine/Content/Internationalization/icudt64l/region/bs_Latn_BA.res" 1064
"../../../Engine/Content/Internationalization/icudt64l/region/bs_Latn.res" 1065
"../../../Engine/Content/Internationalization/icudt64l/region/bs.res" 1066
"../../../Engine/Content/Internationalization/icudt64l/region/bs_Cyrl.res" 1067
"../../../Engine/Content/Internationalization/icudt64l/lang/ca.res" 1068
"../../../Engine/Content/Internationalization/icudt64l/region/ca.res" 1069
"../../../Engine/Content/Internationalization/icudt64l/lang/ccp.res" 1070
"../../../Engine/Content/Internationalization/icudt64l/region/ccp.res" 1071
"../../../Engine/Content/Internationalization/icudt64l/lang/ce.res" 1072
"../../../Engine/Content/Internationalization/icudt64l/region/ce.res" 1073
"../../../Engine/Content/Internationalization/icudt64l/lang/ceb.res" 1074
"../../../Engine/Content/Internationalization/icudt64l/region/ceb.res" 1075
"../../../Engine/Content/Internationalization/icudt64l/lang/cgg.res" 1076
"../../../Engine/Content/Internationalization/icudt64l/region/cgg.res" 1077
"../../../Engine/Content/Internationalization/icudt64l/lang/chr.res" 1078
"../../../Engine/Content/Internationalization/icudt64l/region/chr.res" 1079
"../../../Engine/Content/Internationalization/icudt64l/lang/ckb.res" 1080
"../../../Engine/Content/Internationalization/icudt64l/region/ckb.res" 1081
"../../../Engine/Content/Internationalization/icudt64l/lang/cs.res" 1082
"../../../Engine/Content/Internationalization/icudt64l/region/cs.res" 1083
"../../../Engine/Content/Internationalization/icudt64l/lang/cy.res" 1084
"../../../Engine/Content/Internationalization/icudt64l/region/cy.res" 1085
"../../../Engine/Content/Internationalization/icudt64l/lang/da.res" 1086
"../../../Engine/Content/Internationalization/icudt64l/region/da.res" 1087
"../../../Engine/Content/Internationalization/icudt64l/lang/dav.res" 1088
"../../../Engine/Content/Internationalization/icudt64l/region/dav.res" 1089
"../../../Engine/Content/Internationalization/icudt64l/lang/de.res" 1090
"../../../Engine/Content/Internationalization/icudt64l/lang/de_AT.res" 1091
"../../../Engine/Content/Internationalization/icudt64l/region/de_AT.res" 1092
"../../../Engine/Content/Internationalization/icudt64l/region/de.res" 1093
"../../../Engine/Content/Internationalization/icudt64l/lang/de_CH.res" 1094
"../../../Engine/Content/Internationalization/icudt64l/region/de_CH.res" 1095
"../../../Engine/Content/Internationalization/icudt64l/lang/de_LU.res" 1096
"../../../Engine/Content/Internationalization/icudt64l/lang/dje.res" 1097
"../../../Engine/Content/Internationalization/icudt64l/region/dje.res" 1098
"../../../Engine/Content/Internationalization/icudt64l/lang/dsb.res" 1099
"../../../Engine/Content/Internationalization/icudt64l/region/dsb.res" 1100
"../../../Engine/Content/Internationalization/icudt64l/lang/dua.res" 1101
"../../../Engine/Content/Internationalization/icudt64l/region/dua.res" 1102
"../../../Engine/Content/Internationalization/icudt64l/lang/dyo.res" 1103
"../../../Engine/Content/Internationalization/icudt64l/region/dyo.res" 1104
"../../../Engine/Content/Internationalization/icudt64l/lang/dz.res" 1105
"../../../Engine/Content/Internationalization/icudt64l/region/dz.res" 1106
"../../../Engine/Content/Internationalization/icudt64l/lang/ebu.res" 1107
"../../../Engine/Content/Internationalization/icudt64l/region/ebu.res" 1108
"../../../Engine/Content/Internationalization/icudt64l/lang/ee.res" 1109
"../../../Engine/Content/Internationalization/icudt64l/region/ee.res" 1110
"../../../Engine/Content/Internationalization/icudt64l/lang/el.res" 1111
"../../../Engine/Content/Internationalization/icudt64l/region/el.res" 1112
"../../../Engine/Content/Internationalization/icudt64l/lang/en_001.res" 1113
"../../../Engine/Content/Internationalization/icudt64l/lang/en_150.res" 1114
"../../../Engine/Content/Internationalization/icudt64l/region/en_150.res" 1115
"../../../Engine/Content/Internationalization/icudt64l/lang/en_AG.res" 1116
"../../../Engine/Content/Internationalization/icudt64l/region/en_AG.res" 1117
"../../../Engine/Content/Internationalization/icudt64l/lang/en_AI.res" 1118
"../../../Engine/Content/Internationalization/icudt64l/region/en_AI.res" 1119
"../../../Engine/Content/Internationalization/icudt64l/lang/en_AT.res" 1120
"../../../Engine/Content/Internationalization/icudt64l/region/en_AT.res" 1121
"../../../Engine/Content/Internationalization/icudt64l/lang/en_AU.res" 1122
"../../../Engine/Content/Internationalization/icudt64l/region/en_AU.res" 1123
"../../../Engine/Content/Internationalization/icudt64l/lang/en_BB.res" 1124
"../../../Engine/Content/Internationalization/icudt64l/region/en_BB.res" 1125
"../../../Engine/Content/Internationalization/icudt64l/lang/en_BE.res" 1126
"../../../Engine/Content/Internationalization/icudt64l/region/en_BE.res" 1127
"../../../Engine/Content/Internationalization/icudt64l/lang/en_BM.res" 1128
"../../../Engine/Content/Internationalization/icudt64l/region/en_BM.res" 1129
"../../../Engine/Content/Internationalization/icudt64l/lang/en_BS.res" 1130
"../../../Engine/Content/Internationalization/icudt64l/region/en_BS.res" 1131
"../../../Engine/Content/Internationalization/icudt64l/lang/en_BW.res" 1132
"../../../Engine/Content/Internationalization/icudt64l/region/en_BW.res" 1133
"../../../Engine/Content/Internationalization/icudt64l/lang/en_BZ.res" 1134
"../../../Engine/Content/Internationalization/icudt64l/region/en_BZ.res" 1135
"../../../Engine/Content/Internationalization/icudt64l/lang/en_CA.res" 1136
"../../../Engine/Content/Internationalization/icudt64l/region/en_CA.res" 1137
"../../../Engine/Content/Internationalization/icudt64l/lang/en_CC.res" 1138
"../../../Engine/Content/Internationalization/icudt64l/region/en_CC.res" 1139
"../../../Engine/Content/Internationalization/icudt64l/lang/en_CH.res" 1140
"../../../Engine/Content/Internationalization/icudt64l/region/en_CH.res" 1141
"../../../Engine/Content/Internationalization/icudt64l/lang/en_CK.res" 1142
"../../../Engine/Content/Internationalization/icudt64l/region/en_CK.res" 1143
"../../../Engine/Content/Internationalization/icudt64l/lang/en_CM.res" 1144
"../../../Engine/Content/Internationalization/icudt64l/region/en_CM.res" 1145
"../../../Engine/Content/Internationalization/icudt64l/lang/en_CX.res" 1146
"../../../Engine/Content/Internationalization/icudt64l/region/en_CX.res" 1147
"../../../Engine/Content/Internationalization/icudt64l/lang/en_CY.res" 1148
"../../../Engine/Content/Internationalization/icudt64l/region/en_CY.res" 1149
"../../../Engine/Content/Internationalization/icudt64l/lang/en_DE.res" 1150
"../../../Engine/Content/Internationalization/icudt64l/region/en_DE.res" 1151
"../../../Engine/Content/Internationalization/icudt64l/lang/en_DG.res" 1152
"../../../Engine/Content/Internationalization/icudt64l/region/en_DG.res" 1153
"../../../Engine/Content/Internationalization/icudt64l/lang/en_DK.res" 1154
"../../../Engine/Content/Internationalization/icudt64l/region/en_DK.res" 1155
"../../../Engine/Content/Internationalization/icudt64l/lang/en_DM.res" 1156
"../../../Engine/Content/Internationalization/icudt64l/region/en_DM.res" 1157
"../../../Engine/Content/Internationalization/icudt64l/lang/en_ER.res" 1158
"../../../Engine/Content/Internationalization/icudt64l/region/en_ER.res" 1159
"../../../Engine/Content/Internationalization/icudt64l/lang/en_FI.res" 1160
"../../../Engine/Content/Internationalization/icudt64l/region/en_FI.res" 1161
"../../../Engine/Content/Internationalization/icudt64l/lang/en_FJ.res" 1162
"../../../Engine/Content/Internationalization/icudt64l/region/en_FJ.res" 1163
"../../../Engine/Content/Internationalization/icudt64l/lang/en_FK.res" 1164
"../../../Engine/Content/Internationalization/icudt64l/region/en_FK.res" 1165
"../../../Engine/Content/Internationalization/icudt64l/lang/en_FM.res" 1166
"../../../Engine/Content/Internationalization/icudt64l/region/en_FM.res" 1167
"../../../Engine/Content/Internationalization/icudt64l/lang/en_GB.res" 1168
"../../../Engine/Content/Internationalization/icudt64l/region/en_GB.res" 1169
"../../../Engine/Content/Internationalization/icudt64l/lang/en_GD.res" 1170
"../../../Engine/Content/Internationalization/icudt64l/region/en_GD.res" 1171
"../../../Engine/Content/Internationalization/icudt64l/lang/en_GG.res" 1172
"../../../Engine/Content/Internationalization/icudt64l/region/en_GG.res" 1173
"../../../Engine/Content/Internationalization/icudt64l/lang/en_GH.res" 1174
"../../../Engine/Content/Internationalization/icudt64l/region/en_GH.res" 1175
"../../../Engine/Content/Internationalization/icudt64l/lang/en_GI.res" 1176
"../../../Engine/Content/Internationalization/icudt64l/region/en_GI.res" 1177
"../../../Engine/Content/Internationalization/icudt64l/lang/en_GM.res" 1178
"../../../Engine/Content/Internationalization/icudt64l/region/en_GM.res" 1179
"../../../Engine/Content/Internationalization/icudt64l/lang/en_GY.res" 1180
"../../../Engine/Content/Internationalization/icudt64l/region/en_GY.res" 1181
"../../../Engine/Content/Internationalization/icudt64l/lang/en_HK.res" 1182
"../../../Engine/Content/Internationalization/icudt64l/region/en_HK.res" 1183
"../../../Engine/Content/Internationalization/icudt64l/lang/en_IE.res" 1184
"../../../Engine/Content/Internationalization/icudt64l/region/en_IE.res" 1185
"../../../Engine/Content/Internationalization/icudt64l/lang/en_IL.res" 1186
"../../../Engine/Content/Internationalization/icudt64l/region/en_IL.res" 1187
"../../../Engine/Content/Internationalization/icudt64l/lang/en_IM.res" 1188
"../../../Engine/Content/Internationalization/icudt64l/region/en_IM.res" 1189
"../../../Engine/Content/Internationalization/icudt64l/lang/en_IN.res" 1190
"../../../Engine/Content/Internationalization/icudt64l/region/en_IN.res" 1191
"../../../Engine/Content/Internationalization/icudt64l/lang/en_IO.res" 1192
"../../../Engine/Content/Internationalization/icudt64l/region/en_IO.res" 1193
"../../../Engine/Content/Internationalization/icudt64l/lang/en_JE.res" 1194
"../../../Engine/Content/Internationalization/icudt64l/region/en_JE.res" 1195
"../../../Engine/Content/Internationalization/icudt64l/lang/en_JM.res" 1196
"../../../Engine/Content/Internationalization/icudt64l/region/en_JM.res" 1197
"../../../Engine/Content/Internationalization/icudt64l/lang/en_KE.res" 1198
"../../../Engine/Content/Internationalization/icudt64l/region/en_KE.res" 1199
"../../../Engine/Content/Internationalization/icudt64l/lang/en_KI.res" 1200
"../../../Engine/Content/Internationalization/icudt64l/region/en_KI.res" 1201
"../../../Engine/Content/Internationalization/icudt64l/lang/en_KN.res" 1202
"../../../Engine/Content/Internationalization/icudt64l/region/en_KN.res" 1203
"../../../Engine/Content/Internationalization/icudt64l/lang/en_KY.res" 1204
"../../../Engine/Content/Internationalization/icudt64l/region/en_KY.res" 1205
"../../../Engine/Content/Internationalization/icudt64l/lang/en_LC.res" 1206
"../../../Engine/Content/Internationalization/icudt64l/region/en_LC.res" 1207
"../../../Engine/Content/Internationalization/icudt64l/lang/en_LR.res" 1208
"../../../Engine/Content/Internationalization/icudt64l/region/en_LR.res" 1209
"../../../Engine/Content/Internationalization/icudt64l/lang/en_LS.res" 1210
"../../../Engine/Content/Internationalization/icudt64l/region/en_LS.res" 1211
"../../../Engine/Content/Internationalization/icudt64l/lang/en_MG.res" 1212
"../../../Engine/Content/Internationalization/icudt64l/region/en_MG.res" 1213
"../../../Engine/Content/Internationalization/icudt64l/lang/en_MO.res" 1214
"../../../Engine/Content/Internationalization/icudt64l/region/en_MO.res" 1215
"../../../Engine/Content/Internationalization/icudt64l/lang/en_MS.res" 1216
"../../../Engine/Content/Internationalization/icudt64l/region/en_MS.res" 1217
"../../../Engine/Content/Internationalization/icudt64l/lang/en_MT.res" 1218
"../../../Engine/Content/Internationalization/icudt64l/region/en_MT.res" 1219
"../../../Engine/Content/Internationalization/icudt64l/lang/en_MU.res" 1220
"../../../Engine/Content/Internationalization/icudt64l/region/en_MU.res" 1221
"../../../Engine/Content/Internationalization/icudt64l/lang/en_MW.res" 1222
"../../../Engine/Content/Internationalization/icudt64l/region/en_MW.res" 1223
"../../../Engine/Content/Internationalization/icudt64l/lang/en_MY.res" 1224
"../../../Engine/Content/Internationalization/icudt64l/region/en_MY.res" 1225
"../../../Engine/Content/Internationalization/icudt64l/lang/en_NA.res" 1226
"../../../Engine/Content/Internationalization/icudt64l/region/en_NA.res" 1227
"../../../Engine/Content/Internationalization/icudt64l/lang/en_NF.res" 1228
"../../../Engine/Content/Internationalization/icudt64l/region/en_NF.res" 1229
"../../../Engine/Content/Internationalization/icudt64l/lang/en_NG.res" 1230
"../../../Engine/Content/Internationalization/icudt64l/region/en_NG.res" 1231
"../../../Engine/Content/Internationalization/icudt64l/lang/en_NL.res" 1232
"../../../Engine/Content/Internationalization/icudt64l/region/en_NL.res" 1233
"../../../Engine/Content/Internationalization/icudt64l/lang/en_NR.res" 1234
"../../../Engine/Content/Internationalization/icudt64l/region/en_NR.res" 1235
"../../../Engine/Content/Internationalization/icudt64l/lang/en_NU.res" 1236
"../../../Engine/Content/Internationalization/icudt64l/region/en_NU.res" 1237
"../../../Engine/Content/Internationalization/icudt64l/lang/en_NZ.res" 1238
"../../../Engine/Content/Internationalization/icudt64l/region/en_NZ.res" 1239
"../../../Engine/Content/Internationalization/icudt64l/lang/en_PG.res" 1240
"../../../Engine/Content/Internationalization/icudt64l/region/en_PG.res" 1241
"../../../Engine/Content/Internationalization/icudt64l/lang/en_PH.res" 1242
"../../../Engine/Content/Internationalization/icudt64l/region/en_PH.res" 1243
"../../../Engine/Content/Internationalization/icudt64l/lang/en_PK.res" 1244
"../../../Engine/Content/Internationalization/icudt64l/region/en_PK.res" 1245
"../../../Engine/Content/Internationalization/icudt64l/lang/en_PN.res" 1246
"../../../Engine/Content/Internationalization/icudt64l/region/en_PN.res" 1247
"../../../Engine/Content/Internationalization/icudt64l/lang/en_PW.res" 1248
"../../../Engine/Content/Internationalization/icudt64l/region/en_PW.res" 1249
"../../../Engine/Content/Internationalization/icudt64l/lang/en_RW.res" 1250
"../../../Engine/Content/Internationalization/icudt64l/region/en_RW.res" 1251
"../../../Engine/Content/Internationalization/icudt64l/lang/en_SB.res" 1252
"../../../Engine/Content/Internationalization/icudt64l/region/en_SB.res" 1253
"../../../Engine/Content/Internationalization/icudt64l/lang/en_SC.res" 1254
"../../../Engine/Content/Internationalization/icudt64l/region/en_SC.res" 1255
"../../../Engine/Content/Internationalization/icudt64l/lang/en_SD.res" 1256
"../../../Engine/Content/Internationalization/icudt64l/region/en_SD.res" 1257
"../../../Engine/Content/Internationalization/icudt64l/lang/en_SE.res" 1258
"../../../Engine/Content/Internationalization/icudt64l/region/en_SE.res" 1259
"../../../Engine/Content/Internationalization/icudt64l/lang/en_SG.res" 1260
"../../../Engine/Content/Internationalization/icudt64l/region/en_SG.res" 1261
"../../../Engine/Content/Internationalization/icudt64l/lang/en_SH.res" 1262
"../../../Engine/Content/Internationalization/icudt64l/region/en_SH.res" 1263
"../../../Engine/Content/Internationalization/icudt64l/lang/en_SI.res" 1264
"../../../Engine/Content/Internationalization/icudt64l/region/en_SI.res" 1265
"../../../Engine/Content/Internationalization/icudt64l/lang/en_SL.res" 1266
"../../../Engine/Content/Internationalization/icudt64l/region/en_SL.res" 1267
"../../../Engine/Content/Internationalization/icudt64l/lang/en_SS.res" 1268
"../../../Engine/Content/Internationalization/icudt64l/region/en_SS.res" 1269
"../../../Engine/Content/Internationalization/icudt64l/lang/en_SX.res" 1270
"../../../Engine/Content/Internationalization/icudt64l/region/en_SX.res" 1271
"../../../Engine/Content/Internationalization/icudt64l/lang/en_SZ.res" 1272
"../../../Engine/Content/Internationalization/icudt64l/region/en_SZ.res" 1273
"../../../Engine/Content/Internationalization/icudt64l/lang/en_TC.res" 1274
"../../../Engine/Content/Internationalization/icudt64l/region/en_TC.res" 1275
"../../../Engine/Content/Internationalization/icudt64l/lang/en_TK.res" 1276
"../../../Engine/Content/Internationalization/icudt64l/region/en_TK.res" 1277
"../../../Engine/Content/Internationalization/icudt64l/lang/en_TO.res" 1278
"../../../Engine/Content/Internationalization/icudt64l/region/en_TO.res" 1279
"../../../Engine/Content/Internationalization/icudt64l/lang/en_TT.res" 1280
"../../../Engine/Content/Internationalization/icudt64l/region/en_TT.res" 1281
"../../../Engine/Content/Internationalization/icudt64l/lang/en_TV.res" 1282
"../../../Engine/Content/Internationalization/icudt64l/region/en_TV.res" 1283
"../../../Engine/Content/Internationalization/icudt64l/lang/en_TZ.res" 1284
"../../../Engine/Content/Internationalization/icudt64l/region/en_TZ.res" 1285
"../../../Engine/Content/Internationalization/icudt64l/lang/en_UG.res" 1286
"../../../Engine/Content/Internationalization/icudt64l/region/en_UG.res" 1287
"../../../Engine/Content/Internationalization/icudt64l/lang/en_VC.res" 1288
"../../../Engine/Content/Internationalization/icudt64l/region/en_VC.res" 1289
"../../../Engine/Content/Internationalization/icudt64l/lang/en_VG.res" 1290
"../../../Engine/Content/Internationalization/icudt64l/region/en_VG.res" 1291
"../../../Engine/Content/Internationalization/icudt64l/lang/en_VU.res" 1292
"../../../Engine/Content/Internationalization/icudt64l/region/en_VU.res" 1293
"../../../Engine/Content/Internationalization/icudt64l/lang/en_WS.res" 1294
"../../../Engine/Content/Internationalization/icudt64l/region/en_WS.res" 1295
"../../../Engine/Content/Internationalization/icudt64l/lang/en_ZA.res" 1296
"../../../Engine/Content/Internationalization/icudt64l/region/en_ZA.res" 1297
"../../../Engine/Content/Internationalization/icudt64l/lang/en_ZM.res" 1298
"../../../Engine/Content/Internationalization/icudt64l/region/en_ZM.res" 1299
"../../../Engine/Content/Internationalization/icudt64l/lang/en_ZW.res" 1300
"../../../Engine/Content/Internationalization/icudt64l/region/en_ZW.res" 1301
"../../../Engine/Content/Internationalization/icudt64l/lang/eo.res" 1302
"../../../Engine/Content/Internationalization/icudt64l/region/eo.res" 1303
"../../../Engine/Content/Internationalization/icudt64l/lang/es.res" 1304
"../../../Engine/Content/Internationalization/icudt64l/lang/es_419.res" 1305
"../../../Engine/Content/Internationalization/icudt64l/region/es_419.res" 1306
"../../../Engine/Content/Internationalization/icudt64l/region/es.res" 1307
"../../../Engine/Content/Internationalization/icudt64l/lang/es_AR.res" 1308
"../../../Engine/Content/Internationalization/icudt64l/region/es_AR.res" 1309
"../../../Engine/Content/Internationalization/icudt64l/lang/es_BO.res" 1310
"../../../Engine/Content/Internationalization/icudt64l/region/es_BO.res" 1311
"../../../Engine/Content/Internationalization/icudt64l/lang/es_BR.res" 1312
"../../../Engine/Content/Internationalization/icudt64l/region/es_BR.res" 1313
"../../../Engine/Content/Internationalization/icudt64l/lang/es_BZ.res" 1314
"../../../Engine/Content/Internationalization/icudt64l/region/es_BZ.res" 1315
"../../../Engine/Content/Internationalization/icudt64l/lang/es_CL.res" 1316
"../../../Engine/Content/Internationalization/icudt64l/region/es_CL.res" 1317
"../../../Engine/Content/Internationalization/icudt64l/lang/es_CO.res" 1318
"../../../Engine/Content/Internationalization/icudt64l/region/es_CO.res" 1319
"../../../Engine/Content/Internationalization/icudt64l/lang/es_CR.res" 1320
"../../../Engine/Content/Internationalization/icudt64l/region/es_CR.res" 1321
"../../../Engine/Content/Internationalization/icudt64l/lang/es_CU.res" 1322
"../../../Engine/Content/Internationalization/icudt64l/region/es_CU.res" 1323
"../../../Engine/Content/Internationalization/icudt64l/lang/es_DO.res" 1324
"../../../Engine/Content/Internationalization/icudt64l/region/es_DO.res" 1325
"../../../Engine/Content/Internationalization/icudt64l/lang/es_EC.res" 1326
"../../../Engine/Content/Internationalization/icudt64l/region/es_EC.res" 1327
"../../../Engine/Content/Internationalization/icudt64l/lang/es_GT.res" 1328
"../../../Engine/Content/Internationalization/icudt64l/region/es_GT.res" 1329
"../../../Engine/Content/Internationalization/icudt64l/lang/es_HN.res" 1330
"../../../Engine/Content/Internationalization/icudt64l/region/es_HN.res" 1331
"../../../Engine/Content/Internationalization/icudt64l/lang/es_MX.res" 1332
"../../../Engine/Content/Internationalization/icudt64l/region/es_MX.res" 1333
"../../../Engine/Content/Internationalization/icudt64l/lang/es_NI.res" 1334
"../../../Engine/Content/Internationalization/icudt64l/region/es_NI.res" 1335
"../../../Engine/Content/Internationalization/icudt64l/lang/es_PA.res" 1336
"../../../Engine/Content/Internationalization/icudt64l/region/es_PA.res" 1337
"../../../Engine/Content/Internationalization/icudt64l/lang/es_PE.res" 1338
"../../../Engine/Content/Internationalization/icudt64l/region/es_PE.res" 1339
"../../../Engine/Content/Internationalization/icudt64l/lang/es_PR.res" 1340
"../../../Engine/Content/Internationalization/icudt64l/region/es_PR.res" 1341
"../../../Engine/Content/Internationalization/icudt64l/lang/es_PY.res" 1342
"../../../Engine/Content/Internationalization/icudt64l/region/es_PY.res" 1343
"../../../Engine/Content/Internationalization/icudt64l/lang/es_SV.res" 1344
"../../../Engine/Content/Internationalization/icudt64l/region/es_SV.res" 1345
"../../../Engine/Content/Internationalization/icudt64l/lang/es_US.res" 1346
"../../../Engine/Content/Internationalization/icudt64l/region/es_US.res" 1347
"../../../Engine/Content/Internationalization/icudt64l/lang/es_UY.res" 1348
"../../../Engine/Content/Internationalization/icudt64l/region/es_UY.res" 1349
"../../../Engine/Content/Internationalization/icudt64l/lang/es_VE.res" 1350
"../../../Engine/Content/Internationalization/icudt64l/region/es_VE.res" 1351
"../../../Engine/Content/Internationalization/icudt64l/lang/et.res" 1352
"../../../Engine/Content/Internationalization/icudt64l/region/et.res" 1353
"../../../Engine/Content/Internationalization/icudt64l/lang/eu.res" 1354
"../../../Engine/Content/Internationalization/icudt64l/region/eu.res" 1355
"../../../Engine/Content/Internationalization/icudt64l/lang/ewo.res" 1356
"../../../Engine/Content/Internationalization/icudt64l/region/ewo.res" 1357
"../../../Engine/Content/Internationalization/icudt64l/lang/fa.res" 1358
"../../../Engine/Content/Internationalization/icudt64l/lang/fa_AF.res" 1359
"../../../Engine/Content/Internationalization/icudt64l/region/fa_AF.res" 1360
"../../../Engine/Content/Internationalization/icudt64l/region/fa.res" 1361
"../../../Engine/Content/Internationalization/icudt64l/lang/ff.res" 1362
"../../../Engine/Content/Internationalization/icudt64l/lang/ff_Latn.res" 1363
"../../../Engine/Content/Internationalization/icudt64l/region/ff.res" 1364
"../../../Engine/Content/Internationalization/icudt64l/region/ff_Latn.res" 1365
"../../../Engine/Content/Internationalization/icudt64l/lang/ff_CM.res" 1366
"../../../Engine/Content/Internationalization/icudt64l/lang/ff_Latn_CM.res" 1367
"../../../Engine/Content/Internationalization/icudt64l/region/ff_CM.res" 1368
"../../../Engine/Content/Internationalization/icudt64l/region/ff_Latn_CM.res" 1369
"../../../Engine/Content/Internationalization/icudt64l/lang/ff_GN.res" 1370
"../../../Engine/Content/Internationalization/icudt64l/lang/ff_Latn_GN.res" 1371
"../../../Engine/Content/Internationalization/icudt64l/region/ff_GN.res" 1372
"../../../Engine/Content/Internationalization/icudt64l/region/ff_Latn_GN.res" 1373
"../../../Engine/Content/Internationalization/icudt64l/lang/ff_MR.res" 1374
"../../../Engine/Content/Internationalization/icudt64l/lang/ff_Latn_MR.res" 1375
"../../../Engine/Content/Internationalization/icudt64l/region/ff_MR.res" 1376
"../../../Engine/Content/Internationalization/icudt64l/region/ff_Latn_MR.res" 1377
"../../../Engine/Content/Internationalization/icudt64l/lang/ff_SN.res" 1378
"../../../Engine/Content/Internationalization/icudt64l/lang/ff_Latn_SN.res" 1379
"../../../Engine/Content/Internationalization/icudt64l/region/ff_SN.res" 1380
"../../../Engine/Content/Internationalization/icudt64l/region/ff_Latn_SN.res" 1381
"../../../Engine/Content/Internationalization/icudt64l/lang/fi.res" 1382
"../../../Engine/Content/Internationalization/icudt64l/region/fi.res" 1383
"../../../Engine/Content/Internationalization/icudt64l/lang/fil.res" 1384
"../../../Engine/Content/Internationalization/icudt64l/lang/fil_PH.res" 1385
"../../../Engine/Content/Internationalization/icudt64l/region/fil_PH.res" 1386
"../../../Engine/Content/Internationalization/icudt64l/region/fil.res" 1387
"../../../Engine/Content/Internationalization/icudt64l/lang/fo.res" 1388
"../../../Engine/Content/Internationalization/icudt64l/region/fo.res" 1389
"../../../Engine/Content/Internationalization/icudt64l/lang/fr.res" 1390
"../../../Engine/Content/Internationalization/icudt64l/lang/fr_BE.res" 1391
"../../../Engine/Content/Internationalization/icudt64l/region/fr_BE.res" 1392
"../../../Engine/Content/Internationalization/icudt64l/region/fr.res" 1393
"../../../Engine/Content/Internationalization/icudt64l/lang/fr_CA.res" 1394
"../../../Engine/Content/Internationalization/icudt64l/region/fr_CA.res" 1395
"../../../Engine/Content/Internationalization/icudt64l/lang/fr_CH.res" 1396
"../../../Engine/Content/Internationalization/icudt64l/lang/fur.res" 1397
"../../../Engine/Content/Internationalization/icudt64l/region/fur.res" 1398
"../../../Engine/Content/Internationalization/icudt64l/lang/fy.res" 1399
"../../../Engine/Content/Internationalization/icudt64l/region/fy.res" 1400
"../../../Engine/Content/Internationalization/icudt64l/lang/ga.res" 1401
"../../../Engine/Content/Internationalization/icudt64l/region/ga.res" 1402
"../../../Engine/Content/Internationalization/icudt64l/lang/gd.res" 1403
"../../../Engine/Content/Internationalization/icudt64l/region/gd.res" 1404
"../../../Engine/Content/Internationalization/icudt64l/lang/gl.res" 1405
"../../../Engine/Content/Internationalization/icudt64l/region/gl.res" 1406
"../../../Engine/Content/Internationalization/icudt64l/lang/gsw.res" 1407
"../../../Engine/Content/Internationalization/icudt64l/region/gsw.res" 1408
"../../../Engine/Content/Internationalization/icudt64l/lang/gu.res" 1409
"../../../Engine/Content/Internationalization/icudt64l/region/gu.res" 1410
"../../../Engine/Content/Internationalization/icudt64l/lang/guz.res" 1411
"../../../Engine/Content/Internationalization/icudt64l/region/guz.res" 1412
"../../../Engine/Content/Internationalization/icudt64l/lang/gv.res" 1413
"../../../Engine/Content/Internationalization/icudt64l/region/gv.res" 1414
"../../../Engine/Content/Internationalization/icudt64l/lang/ha.res" 1415
"../../../Engine/Content/Internationalization/icudt64l/region/ha.res" 1416
"../../../Engine/Content/Internationalization/icudt64l/lang/ha_NE.res" 1417
"../../../Engine/Content/Internationalization/icudt64l/region/ha_NE.res" 1418
"../../../Engine/Content/Internationalization/icudt64l/lang/haw.res" 1419
"../../../Engine/Content/Internationalization/icudt64l/region/haw.res" 1420
"../../../Engine/Content/Internationalization/icudt64l/lang/he.res" 1421
"../../../Engine/Content/Internationalization/icudt64l/lang/he_IL.res" 1422
"../../../Engine/Content/Internationalization/icudt64l/region/he_IL.res" 1423
"../../../Engine/Content/Internationalization/icudt64l/region/he.res" 1424
"../../../Engine/Content/Internationalization/icudt64l/lang/hi.res" 1425
"../../../Engine/Content/Internationalization/icudt64l/region/hi.res" 1426
"../../../Engine/Content/Internationalization/icudt64l/lang/hr.res" 1427
"../../../Engine/Content/Internationalization/icudt64l/region/hr.res" 1428
"../../../Engine/Content/Internationalization/icudt64l/lang/hsb.res" 1429
"../../../Engine/Content/Internationalization/icudt64l/region/hsb.res" 1430
"../../../Engine/Content/Internationalization/icudt64l/lang/hu.res" 1431
"../../../Engine/Content/Internationalization/icudt64l/region/hu.res" 1432
"../../../Engine/Content/Internationalization/icudt64l/lang/hy.res" 1433
"../../../Engine/Content/Internationalization/icudt64l/region/hy.res" 1434
"../../../Engine/Content/Internationalization/icudt64l/lang/ia.res" 1435
"../../../Engine/Content/Internationalization/icudt64l/region/ia.res" 1436
"../../../Engine/Content/Internationalization/icudt64l/lang/id.res" 1437
"../../../Engine/Content/Internationalization/icudt64l/lang/id_ID.res" 1438
"../../../Engine/Content/Internationalization/icudt64l/region/id_ID.res" 1439
"../../../Engine/Content/Internationalization/icudt64l/region/id.res" 1440
"../../../Engine/Content/Internationalization/icudt64l/lang/ig.res" 1441
"../../../Engine/Content/Internationalization/icudt64l/region/ig.res" 1442
"../../../Engine/Content/Internationalization/icudt64l/lang/ii.res" 1443
"../../../Engine/Content/Internationalization/icudt64l/region/ii.res" 1444
"../../../Engine/Content/Internationalization/icudt64l/lang/is.res" 1445
"../../../Engine/Content/Internationalization/icudt64l/region/is.res" 1446
"../../../Engine/Content/Internationalization/icudt64l/lang/it.res" 1447
"../../../Engine/Content/Internationalization/icudt64l/region/it.res" 1448
"../../../Engine/Content/Internationalization/icudt64l/lang/ja.res" 1449
"../../../Engine/Content/Internationalization/icudt64l/lang/ja_JP.res" 1450
"../../../Engine/Content/Internationalization/icudt64l/region/ja_JP.res" 1451
"../../../Engine/Content/Internationalization/icudt64l/region/ja.res" 1452
"../../../Engine/Content/Internationalization/icudt64l/lang/jgo.res" 1453
"../../../Engine/Content/Internationalization/icudt64l/region/jgo.res" 1454
"../../../Engine/Content/Internationalization/icudt64l/lang/jmc.res" 1455
"../../../Engine/Content/Internationalization/icudt64l/region/jmc.res" 1456
"../../../Engine/Content/Internationalization/icudt64l/lang/jv.res" 1457
"../../../Engine/Content/Internationalization/icudt64l/region/jv.res" 1458
"../../../Engine/Content/Internationalization/icudt64l/lang/ka.res" 1459
"../../../Engine/Content/Internationalization/icudt64l/region/ka.res" 1460
"../../../Engine/Content/Internationalization/icudt64l/lang/kab.res" 1461
"../../../Engine/Content/Internationalization/icudt64l/region/kab.res" 1462
"../../../Engine/Content/Internationalization/icudt64l/lang/kam.res" 1463
"../../../Engine/Content/Internationalization/icudt64l/region/kam.res" 1464
"../../../Engine/Content/Internationalization/icudt64l/lang/kde.res" 1465
"../../../Engine/Content/Internationalization/icudt64l/region/kde.res" 1466
"../../../Engine/Content/Internationalization/icudt64l/lang/kea.res" 1467
"../../../Engine/Content/Internationalization/icudt64l/region/kea.res" 1468
"../../../Engine/Content/Internationalization/icudt64l/lang/khq.res" 1469
"../../../Engine/Content/Internationalization/icudt64l/region/khq.res" 1470
"../../../Engine/Content/Internationalization/icudt64l/lang/ki.res" 1471
"../../../Engine/Content/Internationalization/icudt64l/region/ki.res" 1472
"../../../Engine/Content/Internationalization/icudt64l/lang/kk.res" 1473
"../../../Engine/Content/Internationalization/icudt64l/region/kk.res" 1474
"../../../Engine/Content/Internationalization/icudt64l/lang/kkj.res" 1475
"../../../Engine/Content/Internationalization/icudt64l/region/kkj.res" 1476
"../../../Engine/Content/Internationalization/icudt64l/lang/kl.res" 1477
"../../../Engine/Content/Internationalization/icudt64l/region/kl.res" 1478
"../../../Engine/Content/Internationalization/icudt64l/lang/kln.res" 1479
"../../../Engine/Content/Internationalization/icudt64l/region/kln.res" 1480
"../../../Engine/Content/Internationalization/icudt64l/lang/km.res" 1481
"../../../Engine/Content/Internationalization/icudt64l/region/km.res" 1482
"../../../Engine/Content/Internationalization/icudt64l/lang/kn.res" 1483
"../../../Engine/Content/Internationalization/icudt64l/region/kn.res" 1484
"../../../Engine/Content/Internationalization/icudt64l/lang/ko.res" 1485
"../../../Engine/Content/Internationalization/icudt64l/region/ko_KP.res" 1486
"../../../Engine/Content/Internationalization/icudt64l/region/ko.res" 1487
"../../../Engine/Content/Internationalization/icudt64l/lang/kok.res" 1488
"../../../Engine/Content/Internationalization/icudt64l/region/kok.res" 1489
"../../../Engine/Content/Internationalization/icudt64l/lang/ks.res" 1490
"../../../Engine/Content/Internationalization/icudt64l/region/ks.res" 1491
"../../../Engine/Content/Internationalization/icudt64l/lang/ksb.res" 1492
"../../../Engine/Content/Internationalization/icudt64l/region/ksb.res" 1493
"../../../Engine/Content/Internationalization/icudt64l/lang/ksf.res" 1494
"../../../Engine/Content/Internationalization/icudt64l/region/ksf.res" 1495
"../../../Engine/Content/Internationalization/icudt64l/lang/ksh.res" 1496
"../../../Engine/Content/Internationalization/icudt64l/region/ksh.res" 1497
"../../../Engine/Content/Internationalization/icudt64l/lang/ku.res" 1498
"../../../Engine/Content/Internationalization/icudt64l/region/ku.res" 1499
"../../../Engine/Content/Internationalization/icudt64l/lang/kw.res" 1500
"../../../Engine/Content/Internationalization/icudt64l/region/kw.res" 1501
"../../../Engine/Content/Internationalization/icudt64l/lang/ky.res" 1502
"../../../Engine/Content/Internationalization/icudt64l/region/ky.res" 1503
"../../../Engine/Content/Internationalization/icudt64l/lang/lag.res" 1504
"../../../Engine/Content/Internationalization/icudt64l/region/lag.res" 1505
"../../../Engine/Content/Internationalization/icudt64l/lang/lb.res" 1506
"../../../Engine/Content/Internationalization/icudt64l/region/lb.res" 1507
"../../../Engine/Content/Internationalization/icudt64l/lang/lg.res" 1508
"../../../Engine/Content/Internationalization/icudt64l/region/lg.res" 1509
"../../../Engine/Content/Internationalization/icudt64l/lang/lkt.res" 1510
"../../../Engine/Content/Internationalization/icudt64l/region/lkt.res" 1511
"../../../Engine/Content/Internationalization/icudt64l/lang/ln.res" 1512
"../../../Engine/Content/Internationalization/icudt64l/region/ln.res" 1513
"../../../Engine/Content/Internationalization/icudt64l/lang/lo.res" 1514
"../../../Engine/Content/Internationalization/icudt64l/region/lo.res" 1515
"../../../Engine/Content/Internationalization/icudt64l/lang/lrc.res" 1516
"../../../Engine/Content/Internationalization/icudt64l/region/lrc.res" 1517
"../../../Engine/Content/Internationalization/icudt64l/lang/lt.res" 1518
"../../../Engine/Content/Internationalization/icudt64l/region/lt.res" 1519
"../../../Engine/Content/Internationalization/icudt64l/lang/lu.res" 1520
"../../../Engine/Content/Internationalization/icudt64l/region/lu.res" 1521
"../../../Engine/Content/Internationalization/icudt64l/lang/luo.res" 1522
"../../../Engine/Content/Internationalization/icudt64l/region/luo.res" 1523
"../../../Engine/Content/Internationalization/icudt64l/lang/luy.res" 1524
"../../../Engine/Content/Internationalization/icudt64l/region/luy.res" 1525
"../../../Engine/Content/Internationalization/icudt64l/lang/lv.res" 1526
"../../../Engine/Content/Internationalization/icudt64l/region/lv.res" 1527
"../../../Engine/Content/Internationalization/icudt64l/lang/mas.res" 1528
"../../../Engine/Content/Internationalization/icudt64l/region/mas.res" 1529
"../../../Engine/Content/Internationalization/icudt64l/lang/mer.res" 1530
"../../../Engine/Content/Internationalization/icudt64l/region/mer.res" 1531
"../../../Engine/Content/Internationalization/icudt64l/lang/mfe.res" 1532
"../../../Engine/Content/Internationalization/icudt64l/region/mfe.res" 1533
"../../../Engine/Content/Internationalization/icudt64l/lang/mg.res" 1534
"../../../Engine/Content/Internationalization/icudt64l/region/mg.res" 1535
"../../../Engine/Content/Internationalization/icudt64l/lang/mgh.res" 1536
"../../../Engine/Content/Internationalization/icudt64l/region/mgh.res" 1537
"../../../Engine/Content/Internationalization/icudt64l/lang/mgo.res" 1538
"../../../Engine/Content/Internationalization/icudt64l/region/mgo.res" 1539
"../../../Engine/Content/Internationalization/icudt64l/lang/mi.res" 1540
"../../../Engine/Content/Internationalization/icudt64l/region/mi.res" 1541
"../../../Engine/Content/Internationalization/icudt64l/lang/mk.res" 1542
"../../../Engine/Content/Internationalization/icudt64l/region/mk.res" 1543
"../../../Engine/Content/Internationalization/icudt64l/lang/ml.res" 1544
"../../../Engine/Content/Internationalization/icudt64l/region/ml.res" 1545
"../../../Engine/Content/Internationalization/icudt64l/lang/mn.res" 1546
"../../../Engine/Content/Internationalization/icudt64l/region/mn.res" 1547
"../../../Engine/Content/Internationalization/icudt64l/lang/mr.res" 1548
"../../../Engine/Content/Internationalization/icudt64l/region/mr.res" 1549
"../../../Engine/Content/Internationalization/icudt64l/lang/ms.res" 1550
"../../../Engine/Content/Internationalization/icudt64l/region/ms.res" 1551
"../../../Engine/Content/Internationalization/icudt64l/lang/mt.res" 1552
"../../../Engine/Content/Internationalization/icudt64l/region/mt.res" 1553
"../../../Engine/Content/Internationalization/icudt64l/lang/mua.res" 1554
"../../../Engine/Content/Internationalization/icudt64l/region/mua.res" 1555
"../../../Engine/Content/Internationalization/icudt64l/lang/my.res" 1556
"../../../Engine/Content/Internationalization/icudt64l/region/my.res" 1557
"../../../Engine/Content/Internationalization/icudt64l/lang/mzn.res" 1558
"../../../Engine/Content/Internationalization/icudt64l/region/mzn.res" 1559
"../../../Engine/Content/Internationalization/icudt64l/lang/naq.res" 1560
"../../../Engine/Content/Internationalization/icudt64l/region/naq.res" 1561
"../../../Engine/Content/Internationalization/icudt64l/lang/nb.res" 1562
"../../../Engine/Content/Internationalization/icudt64l/lang/nb_NO.res" 1563
"../../../Engine/Content/Internationalization/icudt64l/region/nb_NO.res" 1564
"../../../Engine/Content/Internationalization/icudt64l/region/nb.res" 1565
"../../../Engine/Content/Internationalization/icudt64l/lang/nd.res" 1566
"../../../Engine/Content/Internationalization/icudt64l/region/nd.res" 1567
"../../../Engine/Content/Internationalization/icudt64l/lang/nds.res" 1568
"../../../Engine/Content/Internationalization/icudt64l/region/nds.res" 1569
"../../../Engine/Content/Internationalization/icudt64l/lang/ne.res" 1570
"../../../Engine/Content/Internationalization/icudt64l/region/ne.res" 1571
"../../../Engine/Content/Internationalization/icudt64l/lang/nl.res" 1572
"../../../Engine/Content/Internationalization/icudt64l/region/nl.res" 1573
"../../../Engine/Content/Internationalization/icudt64l/lang/nmg.res" 1574
"../../../Engine/Content/Internationalization/icudt64l/region/nmg.res" 1575
"../../../Engine/Content/Internationalization/icudt64l/lang/nn.res" 1576
"../../../Engine/Content/Internationalization/icudt64l/lang/nn_NO.res" 1577
"../../../Engine/Content/Internationalization/icudt64l/region/nn_NO.res" 1578
"../../../Engine/Content/Internationalization/icudt64l/region/nn.res" 1579
"../../../Engine/Content/Internationalization/icudt64l/lang/nnh.res" 1580
"../../../Engine/Content/Internationalization/icudt64l/region/nnh.res" 1581
"../../../Engine/Content/Internationalization/icudt64l/lang/nus.res" 1582
"../../../Engine/Content/Internationalization/icudt64l/region/nus.res" 1583
"../../../Engine/Content/Internationalization/icudt64l/lang/nyn.res" 1584
"../../../Engine/Content/Internationalization/icudt64l/region/nyn.res" 1585
"../../../Engine/Content/Internationalization/icudt64l/lang/om.res" 1586
"../../../Engine/Content/Internationalization/icudt64l/region/om.res" 1587
"../../../Engine/Content/Internationalization/icudt64l/lang/or.res" 1588
"../../../Engine/Content/Internationalization/icudt64l/region/or.res" 1589
"../../../Engine/Content/Internationalization/icudt64l/lang/os.res" 1590
"../../../Engine/Content/Internationalization/icudt64l/region/os.res" 1591
"../../../Engine/Content/Internationalization/icudt64l/lang/pa.res" 1592
"../../../Engine/Content/Internationalization/icudt64l/lang/pa_Arab.res" 1593
"../../../Engine/Content/Internationalization/icudt64l/lang/pa_PK.res" 1594
"../../../Engine/Content/Internationalization/icudt64l/lang/pa_Arab_PK.res" 1595
"../../../Engine/Content/Internationalization/icudt64l/region/pa_PK.res" 1596
"../../../Engine/Content/Internationalization/icudt64l/region/pa_Arab_PK.res" 1597
"../../../Engine/Content/Internationalization/icudt64l/region/pa_Arab.res" 1598
"../../../Engine/Content/Internationalization/icudt64l/lang/pa_Guru.res" 1599
"../../../Engine/Content/Internationalization/icudt64l/lang/pa_IN.res" 1600
"../../../Engine/Content/Internationalization/icudt64l/lang/pa_Guru_IN.res" 1601
"../../../Engine/Content/Internationalization/icudt64l/region/pa_IN.res" 1602
"../../../Engine/Content/Internationalization/icudt64l/region/pa_Guru_IN.res" 1603
"../../../Engine/Content/Internationalization/icudt64l/region/pa_Guru.res" 1604
"../../../Engine/Content/Internationalization/icudt64l/region/pa.res" 1605
"../../../Engine/Content/Internationalization/icudt64l/lang/pl.res" 1606
"../../../Engine/Content/Internationalization/icudt64l/region/pl.res" 1607
"../../../Engine/Content/Internationalization/icudt64l/lang/ps.res" 1608
"../../../Engine/Content/Internationalization/icudt64l/region/ps.res" 1609
"../../../Engine/Content/Internationalization/icudt64l/lang/ps_PK.res" 1610
"../../../Engine/Content/Internationalization/icudt64l/region/ps_PK.res" 1611
"../../../Engine/Content/Internationalization/icudt64l/lang/pt.res" 1612
"../../../Engine/Content/Internationalization/icudt64l/lang/pt_AO.res" 1613
"../../../Engine/Content/Internationalization/icudt64l/lang/pt_PT.res" 1614
"../../../Engine/Content/Internationalization/icudt64l/region/pt_AO.res" 1615
"../../../Engine/Content/Internationalization/icudt64l/region/pt_PT.res" 1616
"../../../Engine/Content/Internationalization/icudt64l/region/pt.res" 1617
"../../../Engine/Content/Internationalization/icudt64l/lang/pt_CH.res" 1618
"../../../Engine/Content/Internationalization/icudt64l/region/pt_CH.res" 1619
"../../../Engine/Content/Internationalization/icudt64l/lang/pt_CV.res" 1620
"../../../Engine/Content/Internationalization/icudt64l/region/pt_CV.res" 1621
"../../../Engine/Content/Internationalization/icudt64l/lang/pt_GQ.res" 1622
"../../../Engine/Content/Internationalization/icudt64l/region/pt_GQ.res" 1623
"../../../Engine/Content/Internationalization/icudt64l/lang/pt_GW.res" 1624
"../../../Engine/Content/Internationalization/icudt64l/region/pt_GW.res" 1625
"../../../Engine/Content/Internationalization/icudt64l/lang/pt_LU.res" 1626
"../../../Engine/Content/Internationalization/icudt64l/region/pt_LU.res" 1627
"../../../Engine/Content/Internationalization/icudt64l/lang/pt_MO.res" 1628
"../../../Engine/Content/Internationalization/icudt64l/region/pt_MO.res" 1629
"../../../Engine/Content/Internationalization/icudt64l/lang/pt_MZ.res" 1630
"../../../Engine/Content/Internationalization/icudt64l/region/pt_MZ.res" 1631
"../../../Engine/Content/Internationalization/icudt64l/lang/pt_ST.res" 1632
"../../../Engine/Content/Internationalization/icudt64l/region/pt_ST.res" 1633
"../../../Engine/Content/Internationalization/icudt64l/lang/pt_TL.res" 1634
"../../../Engine/Content/Internationalization/icudt64l/region/pt_TL.res" 1635
"../../../Engine/Content/Internationalization/icudt64l/lang/qu.res" 1636
"../../../Engine/Content/Internationalization/icudt64l/region/qu.res" 1637
"../../../Engine/Content/Internationalization/icudt64l/lang/rm.res" 1638
"../../../Engine/Content/Internationalization/icudt64l/region/rm.res" 1639
"../../../Engine/Content/Internationalization/icudt64l/lang/rn.res" 1640
"../../../Engine/Content/Internationalization/icudt64l/region/rn.res" 1641
"../../../Engine/Content/Internationalization/icudt64l/lang/ro.res" 1642
"../../../Engine/Content/Internationalization/icudt64l/lang/ro_MD.res" 1643
"../../../Engine/Content/Internationalization/icudt64l/region/ro_MD.res" 1644
"../../../Engine/Content/Internationalization/icudt64l/region/ro.res" 1645
"../../../Engine/Content/Internationalization/icudt64l/lang/rof.res" 1646
"../../../Engine/Content/Internationalization/icudt64l/region/rof.res" 1647
"../../../Engine/Content/Internationalization/icudt64l/lang/ru.res" 1648
"../../../Engine/Content/Internationalization/icudt64l/region/ru.res" 1649
"../../../Engine/Content/Internationalization/icudt64l/region/ru_UA.res" 1650
"../../../Engine/Content/Internationalization/icudt64l/lang/rw.res" 1651
"../../../Engine/Content/Internationalization/icudt64l/region/rw.res" 1652
"../../../Engine/Content/Internationalization/icudt64l/lang/rwk.res" 1653
"../../../Engine/Content/Internationalization/icudt64l/region/rwk.res" 1654
"../../../Engine/Content/Internationalization/icudt64l/lang/sah.res" 1655
"../../../Engine/Content/Internationalization/icudt64l/region/sah.res" 1656
"../../../Engine/Content/Internationalization/icudt64l/lang/saq.res" 1657
"../../../Engine/Content/Internationalization/icudt64l/region/saq.res" 1658
"../../../Engine/Content/Internationalization/icudt64l/lang/sbp.res" 1659
"../../../Engine/Content/Internationalization/icudt64l/region/sbp.res" 1660
"../../../Engine/Content/Internationalization/icudt64l/lang/sd.res" 1661
"../../../Engine/Content/Internationalization/icudt64l/region/sd.res" 1662
"../../../Engine/Content/Internationalization/icudt64l/lang/se.res" 1663
"../../../Engine/Content/Internationalization/icudt64l/lang/se_FI.res" 1664
"../../../Engine/Content/Internationalization/icudt64l/region/se_FI.res" 1665
"../../../Engine/Content/Internationalization/icudt64l/region/se.res" 1666
"../../../Engine/Content/Internationalization/icudt64l/lang/seh.res" 1667
"../../../Engine/Content/Internationalization/icudt64l/region/seh.res" 1668
"../../../Engine/Content/Internationalization/icudt64l/lang/ses.res" 1669
"../../../Engine/Content/Internationalization/icudt64l/region/ses.res" 1670
"../../../Engine/Content/Internationalization/icudt64l/lang/sg.res" 1671
"../../../Engine/Content/Internationalization/icudt64l/region/sg.res" 1672
"../../../Engine/Content/Internationalization/icudt64l/lang/shi.res" 1673
"../../../Engine/Content/Internationalization/icudt64l/lang/shi_Latn.res" 1674
"../../../Engine/Content/Internationalization/icudt64l/lang/shi_MA.res" 1675
"../../../Engine/Content/Internationalization/icudt64l/lang/shi_Tfng_MA.res" 1676
"../../../Engine/Content/Internationalization/icudt64l/lang/shi_Tfng.res" 1677
"../../../Engine/Content/Internationalization/icudt64l/region/shi_MA.res" 1678
"../../../Engine/Content/Internationalization/icudt64l/region/shi_Tfng_MA.res" 1679
"../../../Engine/Content/Internationalization/icudt64l/region/shi_Tfng.res" 1680
"../../../Engine/Content/Internationalization/icudt64l/region/shi.res" 1681
"../../../Engine/Content/Internationalization/icudt64l/region/shi_Latn.res" 1682
"../../../Engine/Content/Internationalization/icudt64l/lang/si.res" 1683
"../../../Engine/Content/Internationalization/icudt64l/region/si.res" 1684
"../../../Engine/Content/Internationalization/icudt64l/lang/sk.res" 1685
"../../../Engine/Content/Internationalization/icudt64l/region/sk.res" 1686
"../../../Engine/Content/Internationalization/icudt64l/lang/sl.res" 1687
"../../../Engine/Content/Internationalization/icudt64l/region/sl.res" 1688
"../../../Engine/Content/Internationalization/icudt64l/lang/smn.res" 1689
"../../../Engine/Content/Internationalization/icudt64l/region/smn.res" 1690
"../../../Engine/Content/Internationalization/icudt64l/lang/sn.res" 1691
"../../../Engine/Content/Internationalization/icudt64l/region/sn.res" 1692
"../../../Engine/Content/Internationalization/icudt64l/lang/so.res" 1693
"../../../Engine/Content/Internationalization/icudt64l/region/so.res" 1694
"../../../Engine/Content/Internationalization/icudt64l/lang/sq.res" 1695
"../../../Engine/Content/Internationalization/icudt64l/region/sq.res" 1696
"../../../Engine/Content/Internationalization/icudt64l/lang/sr.res" 1697
"../../../Engine/Content/Internationalization/icudt64l/lang/sr_Cyrl.res" 1698
"../../../Engine/Content/Internationalization/icudt64l/lang/sr_BA.res" 1699
"../../../Engine/Content/Internationalization/icudt64l/lang/sr_Cyrl_BA.res" 1700
"../../../Engine/Content/Internationalization/icudt64l/region/sr_BA.res" 1701
"../../../Engine/Content/Internationalization/icudt64l/region/sr_Cyrl_BA.res" 1702
"../../../Engine/Content/Internationalization/icudt64l/region/sr_Cyrl.res" 1703
"../../../Engine/Content/Internationalization/icudt64l/region/sr.res" 1704
"../../../Engine/Content/Internationalization/icudt64l/lang/sr_ME.res" 1705
"../../../Engine/Content/Internationalization/icudt64l/lang/sr_Latn_ME.res" 1706
"../../../Engine/Content/Internationalization/icudt64l/lang/sr_Latn.res" 1707
"../../../Engine/Content/Internationalization/icudt64l/region/sr_ME.res" 1708
"../../../Engine/Content/Internationalization/icudt64l/region/sr_Latn_ME.res" 1709
"../../../Engine/Content/Internationalization/icudt64l/region/sr_Latn.res" 1710
"../../../Engine/Content/Internationalization/icudt64l/lang/sr_Cyrl_ME.res" 1711
"../../../Engine/Content/Internationalization/icudt64l/region/sr_Cyrl_ME.res" 1712
"../../../Engine/Content/Internationalization/icudt64l/lang/sr_RS.res" 1713
"../../../Engine/Content/Internationalization/icudt64l/lang/sr_Cyrl_RS.res" 1714
"../../../Engine/Content/Internationalization/icudt64l/region/sr_RS.res" 1715
"../../../Engine/Content/Internationalization/icudt64l/region/sr_Cyrl_RS.res" 1716
"../../../Engine/Content/Internationalization/icudt64l/lang/sr_XK.res" 1717
"../../../Engine/Content/Internationalization/icudt64l/lang/sr_Cyrl_XK.res" 1718
"../../../Engine/Content/Internationalization/icudt64l/region/sr_XK.res" 1719
"../../../Engine/Content/Internationalization/icudt64l/region/sr_Cyrl_XK.res" 1720
"../../../Engine/Content/Internationalization/icudt64l/lang/sr_Latn_BA.res" 1721
"../../../Engine/Content/Internationalization/icudt64l/region/sr_Latn_BA.res" 1722
"../../../Engine/Content/Internationalization/icudt64l/lang/sr_Latn_RS.res" 1723
"../../../Engine/Content/Internationalization/icudt64l/region/sr_Latn_RS.res" 1724
"../../../Engine/Content/Internationalization/icudt64l/lang/sr_Latn_XK.res" 1725
"../../../Engine/Content/Internationalization/icudt64l/region/sr_Latn_XK.res" 1726
"../../../Engine/Content/Internationalization/icudt64l/lang/sv.res" 1727
"../../../Engine/Content/Internationalization/icudt64l/region/sv.res" 1728
"../../../Engine/Content/Internationalization/icudt64l/lang/sv_FI.res" 1729
"../../../Engine/Content/Internationalization/icudt64l/lang/sw.res" 1730
"../../../Engine/Content/Internationalization/icudt64l/lang/sw_CD.res" 1731
"../../../Engine/Content/Internationalization/icudt64l/region/sw_CD.res" 1732
"../../../Engine/Content/Internationalization/icudt64l/region/sw.res" 1733
"../../../Engine/Content/Internationalization/icudt64l/lang/sw_KE.res" 1734
"../../../Engine/Content/Internationalization/icudt64l/region/sw_KE.res" 1735
"../../../Engine/Content/Internationalization/icudt64l/lang/ta.res" 1736
"../../../Engine/Content/Internationalization/icudt64l/region/ta.res" 1737
"../../../Engine/Content/Internationalization/icudt64l/lang/te.res" 1738
"../../../Engine/Content/Internationalization/icudt64l/region/te.res" 1739
"../../../Engine/Content/Internationalization/icudt64l/lang/teo.res" 1740
"../../../Engine/Content/Internationalization/icudt64l/region/teo.res" 1741
"../../../Engine/Content/Internationalization/icudt64l/lang/tg.res" 1742
"../../../Engine/Content/Internationalization/icudt64l/region/tg.res" 1743
"../../../Engine/Content/Internationalization/icudt64l/lang/th.res" 1744
"../../../Engine/Content/Internationalization/icudt64l/lang/th_TH.res" 1745
"../../../Engine/Content/Internationalization/icudt64l/region/th_TH.res" 1746
"../../../Engine/Content/Internationalization/icudt64l/region/th.res" 1747
"../../../Engine/Content/Internationalization/icudt64l/lang/ti.res" 1748
"../../../Engine/Content/Internationalization/icudt64l/region/ti.res" 1749
"../../../Engine/Content/Internationalization/icudt64l/lang/tk.res" 1750
"../../../Engine/Content/Internationalization/icudt64l/region/tk.res" 1751
"../../../Engine/Content/Internationalization/icudt64l/lang/to.res" 1752
"../../../Engine/Content/Internationalization/icudt64l/region/to.res" 1753
"../../../Engine/Content/Internationalization/icudt64l/lang/tr.res" 1754
"../../../Engine/Content/Internationalization/icudt64l/region/tr.res" 1755
"../../../Engine/Content/Internationalization/icudt64l/lang/tt.res" 1756
"../../../Engine/Content/Internationalization/icudt64l/region/tt.res" 1757
"../../../Engine/Content/Internationalization/icudt64l/lang/twq.res" 1758
"../../../Engine/Content/Internationalization/icudt64l/region/twq.res" 1759
"../../../Engine/Content/Internationalization/icudt64l/lang/tzm.res" 1760
"../../../Engine/Content/Internationalization/icudt64l/region/tzm.res" 1761
"../../../Engine/Content/Internationalization/icudt64l/lang/ug.res" 1762
"../../../Engine/Content/Internationalization/icudt64l/region/ug.res" 1763
"../../../Engine/Content/Internationalization/icudt64l/lang/uk.res" 1764
"../../../Engine/Content/Internationalization/icudt64l/region/uk.res" 1765
"../../../Engine/Content/Internationalization/icudt64l/lang/ur.res" 1766
"../../../Engine/Content/Internationalization/icudt64l/lang/ur_IN.res" 1767
"../../../Engine/Content/Internationalization/icudt64l/region/ur_IN.res" 1768
"../../../Engine/Content/Internationalization/icudt64l/region/ur.res" 1769
"../../../Engine/Content/Internationalization/icudt64l/lang/uz.res" 1770
"../../../Engine/Content/Internationalization/icudt64l/lang/uz_Arab.res" 1771
"../../../Engine/Content/Internationalization/icudt64l/lang/uz_AF.res" 1772
"../../../Engine/Content/Internationalization/icudt64l/lang/uz_Arab_AF.res" 1773
"../../../Engine/Content/Internationalization/icudt64l/region/uz_AF.res" 1774
"../../../Engine/Content/Internationalization/icudt64l/region/uz_Arab_AF.res" 1775
"../../../Engine/Content/Internationalization/icudt64l/region/uz_Arab.res" 1776
"../../../Engine/Content/Internationalization/icudt64l/lang/uz_Cyrl.res" 1777
"../../../Engine/Content/Internationalization/icudt64l/lang/uz_UZ.res" 1778
"../../../Engine/Content/Internationalization/icudt64l/lang/uz_Latn_UZ.res" 1779
"../../../Engine/Content/Internationalization/icudt64l/lang/uz_Latn.res" 1780
"../../../Engine/Content/Internationalization/icudt64l/region/uz_UZ.res" 1781
"../../../Engine/Content/Internationalization/icudt64l/region/uz_Latn_UZ.res" 1782
"../../../Engine/Content/Internationalization/icudt64l/region/uz_Latn.res" 1783
"../../../Engine/Content/Internationalization/icudt64l/region/uz.res" 1784
"../../../Engine/Content/Internationalization/icudt64l/region/uz_Cyrl.res" 1785
"../../../Engine/Content/Internationalization/icudt64l/lang/vai.res" 1786
"../../../Engine/Content/Internationalization/icudt64l/lang/vai_Latn.res" 1787
"../../../Engine/Content/Internationalization/icudt64l/lang/vai_LR.res" 1788
"../../../Engine/Content/Internationalization/icudt64l/lang/vai_Vaii_LR.res" 1789
"../../../Engine/Content/Internationalization/icudt64l/lang/vai_Vaii.res" 1790
"../../../Engine/Content/Internationalization/icudt64l/region/vai_LR.res" 1791
"../../../Engine/Content/Internationalization/icudt64l/region/vai_Vaii_LR.res" 1792
"../../../Engine/Content/Internationalization/icudt64l/region/vai_Vaii.res" 1793
"../../../Engine/Content/Internationalization/icudt64l/region/vai.res" 1794
"../../../Engine/Content/Internationalization/icudt64l/region/vai_Latn.res" 1795
"../../../Engine/Content/Internationalization/icudt64l/lang/vi.res" 1796
"../../../Engine/Content/Internationalization/icudt64l/region/vi.res" 1797
"../../../Engine/Content/Internationalization/icudt64l/lang/vun.res" 1798
"../../../Engine/Content/Internationalization/icudt64l/region/vun.res" 1799
"../../../Engine/Content/Internationalization/icudt64l/lang/wae.res" 1800
"../../../Engine/Content/Internationalization/icudt64l/region/wae.res" 1801
"../../../Engine/Content/Internationalization/icudt64l/lang/wo.res" 1802
"../../../Engine/Content/Internationalization/icudt64l/region/wo.res" 1803
"../../../Engine/Content/Internationalization/icudt64l/lang/xh.res" 1804
"../../../Engine/Content/Internationalization/icudt64l/region/xh.res" 1805
"../../../Engine/Content/Internationalization/icudt64l/lang/xog.res" 1806
"../../../Engine/Content/Internationalization/icudt64l/region/xog.res" 1807
"../../../Engine/Content/Internationalization/icudt64l/lang/yav.res" 1808
"../../../Engine/Content/Internationalization/icudt64l/region/yav.res" 1809
"../../../Engine/Content/Internationalization/icudt64l/lang/yi.res" 1810
"../../../Engine/Content/Internationalization/icudt64l/region/yi.res" 1811
"../../../Engine/Content/Internationalization/icudt64l/lang/yo.res" 1812
"../../../Engine/Content/Internationalization/icudt64l/lang/yo_BJ.res" 1813
"../../../Engine/Content/Internationalization/icudt64l/region/yo_BJ.res" 1814
"../../../Engine/Content/Internationalization/icudt64l/region/yo.res" 1815
"../../../Engine/Content/Internationalization/icudt64l/lang/yue.res" 1816
"../../../Engine/Content/Internationalization/icudt64l/lang/yue_Hans.res" 1817
"../../../Engine/Content/Internationalization/icudt64l/lang/yue_CN.res" 1818
"../../../Engine/Content/Internationalization/icudt64l/lang/yue_Hans_CN.res" 1819
"../../../Engine/Content/Internationalization/icudt64l/region/yue_CN.res" 1820
"../../../Engine/Content/Internationalization/icudt64l/region/yue_Hans_CN.res" 1821
"../../../Engine/Content/Internationalization/icudt64l/region/yue_Hans.res" 1822
"../../../Engine/Content/Internationalization/icudt64l/lang/yue_Hant.res" 1823
"../../../Engine/Content/Internationalization/icudt64l/lang/yue_HK.res" 1824
"../../../Engine/Content/Internationalization/icudt64l/lang/yue_Hant_HK.res" 1825
"../../../Engine/Content/Internationalization/icudt64l/region/yue_HK.res" 1826
"../../../Engine/Content/Internationalization/icudt64l/region/yue_Hant_HK.res" 1827
"../../../Engine/Content/Internationalization/icudt64l/region/yue_Hant.res" 1828
"../../../Engine/Content/Internationalization/icudt64l/region/yue.res" 1829
"../../../Engine/Content/Internationalization/icudt64l/lang/zgh.res" 1830
"../../../Engine/Content/Internationalization/icudt64l/region/zgh.res" 1831
"../../../Engine/Content/Internationalization/icudt64l/lang/zh.res" 1832
"../../../Engine/Content/Internationalization/icudt64l/lang/zh_Hans.res" 1833
"../../../Engine/Content/Internationalization/icudt64l/lang/zh_CN.res" 1834
"../../../Engine/Content/Internationalization/icudt64l/lang/zh_Hans_CN.res" 1835
"../../../Engine/Content/Internationalization/icudt64l/region/zh_CN.res" 1836
"../../../Engine/Content/Internationalization/icudt64l/region/zh_Hans_CN.res" 1837
"../../../Engine/Content/Internationalization/icudt64l/region/zh_Hans.res" 1838
"../../../Engine/Content/Internationalization/icudt64l/region/zh.res" 1839
"../../../Engine/Content/Internationalization/icudt64l/lang/zh_HK.res" 1840
"../../../Engine/Content/Internationalization/icudt64l/lang/zh_Hant_HK.res" 1841
"../../../Engine/Content/Internationalization/icudt64l/lang/zh_Hant.res" 1842
"../../../Engine/Content/Internationalization/icudt64l/region/zh_HK.res" 1843
"../../../Engine/Content/Internationalization/icudt64l/region/zh_Hant_HK.res" 1844
"../../../Engine/Content/Internationalization/icudt64l/region/zh_Hant.res" 1845
"../../../Engine/Content/Internationalization/icudt64l/lang/zh_MO.res" 1846
"../../../Engine/Content/Internationalization/icudt64l/lang/zh_Hant_MO.res" 1847
"../../../Engine/Content/Internationalization/icudt64l/region/zh_MO.res" 1848
"../../../Engine/Content/Internationalization/icudt64l/region/zh_Hant_MO.res" 1849
"../../../Engine/Content/Internationalization/icudt64l/lang/zh_SG.res" 1850
"../../../Engine/Content/Internationalization/icudt64l/lang/zh_Hans_SG.res" 1851
"../../../Engine/Content/Internationalization/icudt64l/region/zh_SG.res" 1852
"../../../Engine/Content/Internationalization/icudt64l/region/zh_Hans_SG.res" 1853
"../../../Engine/Content/Internationalization/icudt64l/lang/zh_TW.res" 1854
"../../../Engine/Content/Internationalization/icudt64l/lang/zh_Hant_TW.res" 1855
"../../../Engine/Content/Internationalization/icudt64l/region/zh_TW.res" 1856
"../../../Engine/Content/Internationalization/icudt64l/region/zh_Hant_TW.res" 1857
"../../../Engine/Content/Internationalization/icudt64l/lang/zu.res" 1858
"../../../Engine/Content/Internationalization/icudt64l/region/zu.res" 1859
"../../../Engine/Content/Internationalization/icudt64l/lang/no.res" 1860
"../../../Engine/Content/Internationalization/icudt64l/lang/tl.res" 1861
"../../../Engine/Config/Android/DataDrivenPlatformInfo.ini" 1862
"../../../Engine/Config/IOS/DataDrivenPlatformInfo.ini" 1863
"../../../Engine/Config/Linux/DataDrivenPlatformInfo.ini" 1864
"../../../Engine/Config/LinuxArm64/DataDrivenPlatformInfo.ini" 1865
"../../../Engine/Config/Mac/DataDrivenPlatformInfo.ini" 1866
"../../../Engine/Config/TVOS/DataDrivenPlatformInfo.ini" 1867
"../../../Engine/Config/Unix/DataDrivenPlatformInfo.ini" 1868
"../../../Engine/Config/VulkanPC/DataDrivenPlatformInfo.ini" 1869
"../../../Engine/Config/Windows/DataDrivenPlatformInfo.ini" 1870
"../../../Engine/Platforms/VisionOS/Config/DataDrivenPlatformInfo.ini" 1871
"../../../Engine/Content/Renderer/TessellationTable.bin" 1872
"../../../Engine/DerivedDataCache/Compressed.ddp" 1873
"C:/Users/bizza/AppData/Local/UnrealEngine/5.5/Saved/Zen/zen.version" 1874
"C:/Users/bizza/AppData/Local/UnrealEngine/Common/Zen/Install/zen.version" 1875
"C:/Users/bizza/AppData/Local/UnrealEngine/Common/Zen/Install/zenserver.runcontext" 1876
"C:/Users/bizza/AppData/Local/UnrealEngine/Common/DerivedDataCache/TestData/0/TestData_4kb.dat" 1877
"C:/Users/bizza/AppData/Local/UnrealEngine/Common/DerivedDataCache/TestData/1/TestData_4kb.dat" 1878
"C:/Users/bizza/AppData/Local/UnrealEngine/Common/DerivedDataCache/TestData/0/TestData_8kb.dat" 1879
"C:/Users/bizza/AppData/Local/UnrealEngine/Common/DerivedDataCache/TestData/1/TestData_8kb.dat" 1880
"C:/Users/bizza/AppData/Local/UnrealEngine/Common/DerivedDataCache/TestData/0/TestData_16kb.dat" 1881
"C:/Users/bizza/AppData/Local/UnrealEngine/Common/DerivedDataCache/TestData/1/TestData_16kb.dat" 1882
"C:/Users/bizza/AppData/Local/UnrealEngine/Common/DerivedDataCache/TestData/0/TestData_64kb.dat" 1883
"C:/Users/bizza/AppData/Local/UnrealEngine/Common/DerivedDataCache/TestData/1/TestData_64kb.dat" 1884
"C:/Users/bizza/AppData/Local/UnrealEngine/Common/DerivedDataCache/TestData/0/TestData_128kb.dat" 1885
"C:/Users/bizza/AppData/Local/UnrealEngine/Common/DerivedDataCache/TestData/1/TestData_128kb.dat" 1886
"C:/Users/bizza/AppData/Local/UnrealEngine/Common/DerivedDataCache/TestData/0/TestData_256kb.dat" 1887
"C:/Users/bizza/AppData/Local/UnrealEngine/Common/DerivedDataCache/TestData/1/TestData_256kb.dat" 1888
"../../../../CreationLayer/ZombieRepo/Intermediate/ShaderAutogen/PCD3D_SM6/AutogenShaderHeaders.ush" 1889
"../../../Engine/Shaders/Private/HairStrands/HairStrandsVertexFactory.ush" 1890
"../../../Engine/Shaders/Private/VertexFactoryCommon.ush" 1891
"../../../Engine/Shaders/Private/Common.ush" 1892
"../../../Engine/Shaders/Public/Platform.ush" 1893
"../../../Engine/Shaders/Public/FP16Math.ush" 1894
"../../../Engine/Shaders/Public/Platform/D3D/D3DCommon.ush" 1895
"../../../Engine/Shaders/Shared/HLSLReservedSpaces.h" 1896
"../../../Engine/Shaders/Shared/RayTracingBuiltInResources.h" 1897
"../../../Engine/Shaders/Shared/RayTracingDefinitions.h" 1898
"../../../Engine/Shaders/Public/BindlessResources.ush" 1899
"../../../Engine/Shaders/Public/OverloadMacros.ush" 1900
"../../../Engine/Shaders/Public/ShaderVersion.ush" 1901
"../../../Engine/Shaders/Private/PackUnpack.ush" 1902
"../../../Engine/Shaders/Private/GeneratedUniformBufferTypes.ush" 1903
"../../../Engine/Shaders/Private/Nanite/NanitePackedNaniteView.ush" 1904
"../../../Engine/Shaders/Private/HairStrands/HairStrandsVisibilityCommonStruct.ush" 1905
"../../../Engine/Shaders/Private/HairStrands/HairStrandsVoxelPageCommonStruct.ush" 1906
"../../../Engine/Shaders/Private/HairStrands/HairStrandsDeepShadowCommonStruct.ush" 1907
"../../../Engine/Shaders/Shared/LightSceneData.h" 1908
"../../../Engine/Shaders/Shared/HLSLTypeAliases.h" 1909
"../../../Engine/Shaders/Private/LargeWorldCoordinates.ush" 1910
"../../../Engine/Shaders/Private/DoubleFloat.ush" 1911
"../../../Engine/Shaders/Private/RandomPCG.ush" 1912
"../../../Engine/Shaders/Private/DoubleFloatOperations.ush" 1913
"../../../Engine/Shaders/Private/DoubleFloatVectorDefinition.ush" 1914
"../../../Engine/Shaders/Private/LWCOperations.ush" 1915
"../../../Engine/Shaders/Shared/RayTracingTypes.h" 1916
"../../../Engine/Shaders/Shared/HLSLStaticAssert.h" 1917
"../../../Engine/Shaders/Private/CommonViewUniformBuffer.ush" 1918
"../../../Engine/Shaders/Private/InstancedStereo.ush" 1919
"../../../Engine/Shaders/Private/Definitions.usf" 1920
"../../../Engine/Shaders/Private/AssertionMacros.ush" 1921
"../../../Engine/Shaders/Private/FastMath.ush" 1922
"../../../Engine/Shaders/Private/FastMathThirdParty.ush" 1923
"../../../Engine/Shaders/Private/Random.ush" 1924
"../../../Engine/Shaders/Private/RandomInterleavedGradientNoise.ush" 1925
"../../../Engine/Shaders/Private/SceneData.ush" 1926
"../../../Engine/Shaders/Private/OctahedralCommon.ush" 1927
"../../../Engine/Shaders/Private/WaveOpUtil.ush" 1928
"../../../Engine/Shaders/Shared/SceneDefinitions.h" 1929
"../../../Engine/Shaders/Private/SceneDataMobileLoader.ush" 1930
"../../../Engine/Shaders/Private/LocalVertexFactoryCommon.ush" 1931
"../../../Engine/Shaders/Private/HairStrands/HairStrandsVisibilityCommon.ush" 1932
"../../../Engine/Shaders/Shared/HairStrandsDefinitions.h" 1933
"../../../Engine/Shaders/Private/HairStrands/HairStrandsVertexFactoryCommon.ush" 1934
"../../../Engine/Shaders/Private/HairStrands/HairStrandsPack.ush" 1935
"../../../Engine/Shaders/Private/HairStrands/HairStrandsAttributeCommon.ush" 1936
"../../../Engine/Shaders/Private/HairStrands/HairStrandsAttributeTemplate.ush" 1937
"../../../Engine/Shaders/Private/VertexFactoryDefaultInterface.ush" 1938
"../../../Engine/Shaders/Private/HairStrands/HairCardsVertexFactory.ush" 1939
"../../../Engine/Shaders/Private/HairStrands/HairCardsAttributeCommon.ush" 1940
"../../../Engine/Shaders/Private/RayTracing/RayTracingCommon.ush" 1941
"../../../Engine/Shaders/Private/ShadingCommon.ush" 1942
"../../../Engine/Shaders/Shared/RayTracingPayloadType.h" 1943
"../../../Engine/Shaders/Private/RayTracing/RayTracingRayCone.ush" 1944
"../../../Engine/Shaders/Private/Substrate/Substrate.ush" 1945
"../../../Engine/Shaders/Private/ShadingEnergyConservation.ush" 1946
"../../../Engine/Shaders/Private/ShadingEnergyConservationTemplate.ush" 1947
"../../../Engine/Shaders/Private/BRDF.ush" 1948
"../../../Engine/Shaders/Private/ColorSpace.ush" 1949
"../../../Engine/Shaders/Private/DeferredShadingCommon.ush" 1950
"../../../Engine/Shaders/Private/LightAccumulator.ush" 1951
"../../../Engine/Shaders/Private/SceneTexturesCommon.ush" 1952
"../../../Engine/Shaders/Private/MonteCarlo.ush" 1953
"../../../Engine/Shaders/Private/GBufferHelpers.ush" 1954
"../../../Engine/Shaders/Private/SceneTextureParameters.ush" 1955
"Z:/CreationLayer/ZombieRepo/Intermediate/ShaderAutogen/PCD3D_SM6/AutogenShaderHeaders.ush" 1956
"../../../Engine/Shaders/Private/ParticipatingMediaCommon.ush" 1957
"../../../Engine/Shaders/Private/ThinFilmBSDF.ush" 1958
"../../../Engine/Shaders/Private/MortonCode.ush" 1959
"../../../Engine/Shaders/Private/SubsurfaceProfileCommon.ush" 1960
"../../../Engine/Shaders/Private/BurleyNormalizedSSSCommon.ush" 1961
"../../../Engine/Shaders/Private/GammaCorrectionCommon.ush" 1962
"../../../Engine/Shaders/Shared/SubstrateDefinitions.h" 1963
"../../../Engine/Shaders/Private/Substrate/SubstrateStatisticalOperators.ush" 1964
"../../../Engine/Shaders/Private/Substrate/SubstrateSubsurface.ush" 1965
"../../../Engine/Shaders/Private/TransmissionCommon.ush" 1966
"../../../Engine/Shaders/Private/SpecularProfileCommon.ush" 1967
"../../../Engine/Shaders/Private/RayTracing/RayTracingCommonMetal.ush" 1968
"../../../Engine/Shaders/Private/PositionReconstructionCommon.ush" 1969
"../../../Engine/Shaders/Private/RayTracing/TraceRayInline.ush" 1970
"../../../Engine/Shaders/Private/RayTracing/TraceRayInlineCommon.ush" 1971
"../../../Engine/Shaders/Private/RayTracing/TraceRayInlineVulkan.ush" 1972
"../../../Engine/Shaders/Private/RayTracing/TraceRayInlineMetal.ush" 1973
"../../../Engine/Shaders/Private/RayTracing/RayTracingHitGroupCommon.ush" 1974
"../../../Engine/Shaders/Private/Nanite/NaniteDataDecode.ush" 1975
"../../../Engine/Shaders/Private/BitPacking.ush" 1976
"../../../Engine/Shaders/Private/BitStreamReaderImplementation.ush" 1977
"../../../Engine/Shaders/Private/BoneTransform.ush" 1978
"../../../Engine/Shaders/Private/Quaternion.ush" 1979
"../../../Engine/Shaders/Shared/NaniteDefinitions.h" 1980
"../../../Engine/Shaders/Private/Nanite/NaniteAttributeDecode.ush" 1981
"../../../Engine/Shaders/Private/Barycentrics.ush" 1982
"../../../Engine/Shaders/Private/DualNumber.ush" 1983
"../../../Engine/Plugins/FX/Niagara/Shaders/Private/NiagaraSpriteVertexFactory.ush" 1984
"../../../Engine/Shaders/Private/ParticleVertexFactoryCommon.ush" 1985
"../../../Engine/Plugins/FX/Niagara/Shaders/Private/NiagaraVFCommon.usf" 1986
"../../../Engine/Plugins/FX/Niagara/Shaders/Private/NiagaraVFParticleAccess.usf" 1987
"../../../Engine/Plugins/FX/Niagara/Shaders/Private/NiagaraParticleAccess.ush" 1988
"../../../Engine/Plugins/FX/Niagara/Shaders/Private/NiagaraRibbonVertexFactory.ush" 1989
"../../../Engine/Plugins/FX/Niagara/Shaders/Private/NiagaraMeshVertexFactory.ush" 1990
"../../../Engine/Plugins/FX/Niagara/Shaders/Private/NiagaraCommon.ush" 1991
"../../../Engine/Plugins/FX/Niagara/Shaders/Private/NiagaraMeshParticleUtils.ush" 1992
"../../../Engine/Shaders/Private/VectorFieldVisualizationVertexFactory.ush" 1993
"../../../Engine/Shaders/Private/Nanite/NaniteVertexFactory.ush" 1994
"../../../Engine/Shaders/Private/LightmapData.ush" 1995
"../../../Engine/Shaders/Private/SplineMeshCommon.ush" 1996
"../../../Engine/Shaders/Shared/SplineMeshShaderParams.h" 1997
"../../../Engine/Shaders/Private/ShaderPrint.ush" 1998
"../../../Engine/Shaders/Private/ShaderPrintCommon.ush" 1999
"../../../Engine/Shaders/Private/MiniFontCommon.ush" 2000
"../../../Engine/Shaders/Private/Nanite/NaniteSceneCommon.ush" 2001
"../../../Engine/Shaders/Private/Nanite/NaniteVertexDeformation.ush" 2002
"../../../Engine/Shaders/Private/ParticleSpriteVertexFactory.ush" 2003
"../../../Engine/Shaders/Private/ParticleGPUSpriteVertexFactory.ush" 2004
"../../../Engine/Shaders/Private/ParticleSimulationCommon.ush" 2005
"../../../Engine/Shaders/Private/ParticleBeamTrailVertexFactory.ush" 2006
"../../../Engine/Shaders/Private/MeshParticleVertexFactory.ush" 2007
"../../../Engine/Shaders/Private/LocalVertexFactory.ush" 2008
"../../../Engine/Shaders/Private/GpuSkinCommon.ush" 2009
"../../../Engine/Shaders/Private/GpuSkinVertexFactory.ush" 2010
"../../../Engine/Shaders/Private/GeometryCollectionVertexFactory.ush" 2011
"../../../Engine/Shaders/Private/GeometryCacheVertexFactory.ush" 2012
"../../../Engine/Shaders/Private/LandscapeVertexFactory.ush" 2013
"../../../Engine/Plugins/Experimental/Compositing/HoldoutComposite/Shaders/Private/HoldoutCompositeFinal.usf" 2014
"../../../Engine/Shaders/Private/ScreenPass.ush" 2015
"../../../Engine/Shaders/Private/LensDistortion.ush" 2016
"../../../Engine/Plugins/Experimental/Compositing/HoldoutComposite/Shaders/Private/HoldoutCompositeSSRInput.usf" 2017
"../../../Engine/Plugins/Experimental/Compositing/HoldoutComposite/Shaders/Private/HoldoutCompositeDilate.usf" 2018
"../../../Engine/Plugins/Media/WmfMedia/Shaders/Private/MediaHardwareVideoDecoding.usf" 2019
"../../../Engine/Shaders/Private/ColorUtils.ush" 2020
"../../../Engine/Plugins/Media/ImgMedia/Shaders/Private/ExrSwizzler.usf" 2021
"../../../Engine/Plugins/Experimental/NFORDenoise/Shaders/NFORDenoise.usf" 2022
"../../../Engine/Plugins/Experimental/NFORDenoise/Shaders/NFORRegressionCommon.ush" 2023
"../../../Engine/Plugins/Experimental/NFORDenoise/Shaders/NFORRegression.ush" 2024
"../../../Engine/Plugins/Runtime/HairStrands/Shaders/Private/NiagaraCopyVelocityGrid.usf" 2025
"../../../Engine/Plugins/Runtime/HairStrands/Shaders/Private/NiagaraClearVelocityGrid.usf" 2026
"../../../Engine/Plugins/Runtime/HairStrands/Shaders/Private/NiagaraClearPressureGrid.usf" 2027
"../../../Engine/Plugins/Runtime/HairStrands/Shaders/Private/NiagaraInterpolateGroomGuides.usf" 2028
"../../../Engine/Plugins/Runtime/HairStrands/Shaders/Private/NiagaraGroomInterpolationUtils.ush" 2029
"../../../Engine/Plugins/FX/Niagara/Shaders/Private/NiagaraQuaternionUtils.ush" 2030
"../../../Engine/Shaders/Private/HairStrands/HairStrandsMesh.usf" 2031
"../../../Engine/Shaders/Private/HairStrands/HairStrandsBindingCommon.ush" 2032
"../../../Engine/Shaders/Private/HairStrands/HairStrandsFollicleMask.usf" 2033
"../../../Engine/Shaders/Private/HairStrands/HairStrandsSkinUpdate.usf" 2034
"../../../Engine/Shaders/Private/HairStrands/HairStrandsClusterCulling.usf" 2035
"../../../Engine/Shaders/Private/ColorMap.ush" 2036
"../../../Engine/Shaders/Private/HairStrands/HairStrandsAABBCommon.ush" 2037
"../../../Engine/Shaders/Private/HairStrands/HairStrandsClusterCommon.ush" 2038
"../../../Engine/Shaders/Private/ThreadGroupPrefixSum.ush" 2039
"../../../Engine/Shaders/Private/HairStrands/HairStrandsRaytracingGeometry.usf" 2040
"../../../Engine/Shaders/Private/HairStrands/HairStrandsTangent.usf" 2041
"../../../Engine/Shaders/Private/HairStrands/HairCardsDeformation.usf" 2042
"../../../Engine/Shaders/Private/HairStrands/HairStrandsInterpolation.usf" 2043
"../../../Engine/Shaders/Private/HairStrands/HairStrandsGuideDeform.usf" 2044
"../../../Engine/Shaders/Private/HairStrands/HairStrandsTexturesGeneration.usf" 2045
"../../../Engine/Shaders/Private/HairStrands/HairCardsTextureCommon.ush" 2046
"../../../Engine/Shaders/Private/HairStrands/HairStrandsTranscode.usf" 2047
"../../../Engine/Shaders/Private/HairStrands/HairStrandsDebug.usf" 2048
"../../../Engine/Shaders/Private/HairShadingCommon.ush" 2049
"../../../Engine/Shaders/Private/PostProcessCommon.ush" 2050
"../../../Engine/Shaders/Private/Matrices.ush" 2051
"../../../Engine/Shaders/Private/ShadingModels.ush" 2052
"../../../Engine/Shaders/Private/CapsuleLight.ush" 2053
"../../../Engine/Shaders/Private/RectLight.ush" 2054
"../../../Engine/Shaders/Private/LightData.ush" 2055
"../../../Engine/Shaders/Shared/LightDefinitions.h" 2056
"../../../Engine/Shaders/Private/AreaLightCommon.ush" 2057
"../../../Engine/Shaders/Private/HairBsdf.ush" 2058
"../../../Engine/Shaders/Private/MobileGGX.ush" 2059
"../../../Engine/Shaders/Private/HairStrands/HairStrandsCommon.ush" 2060
"../../../Engine/Shaders/Private/HairStrands/HairStrandsEnvironmentLightingCommon.ush" 2061
"../../../Engine/Shaders/Private/HairStrands/HairStrandsDeepTransmittanceCommon.ush" 2062
"../../../Engine/Shaders/Private/HairStrands/HairStrandsDeepTransmittanceDualScattering.ush" 2063
"../../../Engine/Shaders/Private/HairStrands/HairStrandsDeepShadowCommon.ush" 2064
"../../../Engine/Shaders/Private/HairStrands/HairStrandsDebugCommonStruct.ush" 2065
"../../../Engine/Plugins/FX/Niagara/Shaders/Private/Stateless/NiagaraStatelessSimulationExample1.usf" 2066
"../../../Engine/Plugins/FX/Niagara/Shaders/Private/Stateless/NiagaraStatelessSimulationTemplate.ush" 2067
"../../../Engine/Plugins/FX/Niagara/Shaders/Private/Stateless/NiagaraStatelessCommon.ush" 2068
"../../../Engine/Plugins/FX/Niagara/Shaders/Shared/NiagaraStatelessDefinitions.h" 2069
"../../../Engine/Plugins/FX/Niagara/Shaders/Shared/NiagaraStatelessBuiltDistribution.h" 2070
"../../../Engine/Plugins/FX/Niagara/Shaders/Private/Stateless/NiagaraStatelessDistribution.ush" 2071
"../../../Engine/Shaders/Private/ComputeShaderUtils.ush" 2072
"../../../Engine/Plugins/FX/Niagara/Shaders/Private/Stateless/Modules/NiagaraStatelessModule_CalculateAccurateVelocity.ush" 2073
"../../../Engine/Plugins/FX/Niagara/Shaders/Private/Stateless/Modules/NiagaraStatelessModule_CameraOffset.ush" 2074
"../../../Engine/Plugins/FX/Niagara/Shaders/Private/Stateless/Modules/NiagaraStatelessModule_DynamicMaterialParameters.ush" 2075
"../../../Engine/Plugins/FX/Niagara/Shaders/Private/Stateless/Modules/NiagaraStatelessModule_InitializeParticle.ush" 2076
"../../../Engine/Plugins/FX/Niagara/Shaders/Private/Stateless/Modules/NiagaraStatelessModule_InitialMeshOrientation.ush" 2077
"../../../Engine/Plugins/FX/Niagara/Shaders/Private/Stateless/Modules/NiagaraStatelessModule_MeshIndex.ush" 2078
"../../../Engine/Plugins/FX/Niagara/Shaders/Private/Stateless/Modules/NiagaraStatelessModule_MeshRotationRate.ush" 2079
"../../../Engine/Plugins/FX/Niagara/Shaders/Private/Stateless/Modules/NiagaraStatelessModule_RotateAroundPoint.ush" 2080
"../../../Engine/Plugins/FX/Niagara/Shaders/Private/Stateless/Modules/NiagaraStatelessModule_ShapeLocation.ush" 2081
"../../../Engine/Plugins/FX/Niagara/Shaders/Private/Stateless/Modules/NiagaraStatelessModule_ScaleColor.ush" 2082
"../../../Engine/Plugins/FX/Niagara/Shaders/Private/Stateless/Modules/NiagaraStatelessModule_ScaleSpriteSize.ush" 2083
"../../../Engine/Plugins/FX/Niagara/Shaders/Private/Stateless/Modules/NiagaraStatelessModule_ScaleSpriteSizeBySpeed.ush" 2084
"../../../Engine/Plugins/FX/Niagara/Shaders/Private/Stateless/Modules/NiagaraStatelessModule_ScaleMeshSize.ush" 2085
"../../../Engine/Plugins/FX/Niagara/Shaders/Private/Stateless/Modules/NiagaraStatelessModule_ScaleMeshSizebySpeed.ush" 2086
"../../../Engine/Plugins/FX/Niagara/Shaders/Private/Stateless/Modules/NiagaraStatelessModule_SolveVelocitiesAndForces.ush" 2087
"../../../Engine/Plugins/FX/Niagara/Shaders/Private/Stateless/Modules/NiagaraStatelessModule_SpriteFacingAndAlignment.ush" 2088
"../../../Engine/Plugins/FX/Niagara/Shaders/Private/Stateless/Modules/NiagaraStatelessModule_SpriteRotationRate.ush" 2089
"../../../Engine/Plugins/FX/Niagara/Shaders/Private/Stateless/Modules/NiagaraStatelessModule_SubUVAnimation.ush" 2090
"../../../Engine/Plugins/FX/Niagara/Shaders/Private/Stateless/NiagaraStatelessSimulationDefault.usf" 2091
"../../../Engine/Plugins/FX/Niagara/Shaders/Private/NiagaraSVTToDenseBuffer.usf" 2092
"../../../Engine/Shaders/Private/SparseVolumeTexture/SparseVolumeTextureCommon.ush" 2093
"../../../Engine/Plugins/FX/Niagara/Shaders/Private/NiagaraFillIntBuffer.usf" 2094
"../../../Engine/Plugins/FX/Niagara/Shaders/Private/NiagaraComputeFreeIDs.usf" 2095
"../../../Engine/Plugins/FX/Niagara/Shaders/Private/NiagaraInitFreeIDBuffer.usf" 2096
"../../../Engine/Plugins/FX/Niagara/Shaders/Private/NiagaraEmitterInstanceShader.usf" 2097
"../../../Engine/Plugins/FX/Niagara/Shaders/Private/NiagaraShaderVersion.ush" 2098
"../../../Engine/Shaders/Private/DistanceField/GlobalDistanceFieldShared.ush" 2099
"../../../Engine/Plugins/FX/Niagara/Shaders/Private/NiagaraPhysicsCommon.ush" 2100
"../../../Engine/Plugins/FX/Niagara/Shaders/Private/Ribbons/NiagaraRibbonGenerateIndices.usf" 2101
"../../../Engine/Plugins/FX/Niagara/Shaders/Private/Ribbons/NiagaraRibbonCommon.ush" 2102
"../../../Engine/Plugins/FX/Niagara/Shaders/Private/Ribbons/NiagaraRibbonInitializeIndices.usf" 2103
"../../../Engine/Plugins/FX/Niagara/Shaders/Private/Ribbons/NiagaraRibbonRibbonUVParamCalculation.usf" 2104
"../../../Engine/Plugins/FX/Niagara/Shaders/Private/Ribbons/NiagaraRibbonVertexReductionFinalization.usf" 2105
"../../../Engine/Plugins/FX/Niagara/Shaders/Private/Ribbons/NiagaraRibbonVertexReductionPropagation.usf" 2106
"../../../Engine/Plugins/FX/Niagara/Shaders/Private/Ribbons/NiagaraRibbonVertexReductionInitialization.usf" 2107
"../../../Engine/Plugins/FX/Niagara/Shaders/Private/Ribbons/NiagaraRibbonSortParticles.usf" 2108
"../../../Engine/Plugins/FX/Niagara/Shaders/Private/NiagaraUpdateMeshGPUSceneInstances.usf" 2109
"../../../Engine/Shaders/Private/GPUScene/GPUSceneWriter.ush" 2110
"../../../Engine/Plugins/FX/Niagara/Shaders/Private/NiagaraGenerateMips.usf" 2111
"../../../Engine/Plugins/FX/Niagara/Shaders/Private/NiagaraDebugDraw.usf" 2112
"../../../Engine/Plugins/FX/Niagara/Shaders/Private/NiagaraDebugDraw.ush" 2113
"../../../Engine/Plugins/FX/Niagara/Shaders/Private/NiagaraVisualizeTexture.usf" 2114
"../../../Engine/Plugins/FX/Niagara/Shaders/Private/NiagaraClearCounts.usf" 2115
"../../../Engine/Plugins/FX/Niagara/Shaders/Private/NiagaraBatchedElements.usf" 2116
"../../../Engine/Plugins/FX/Niagara/Shaders/Private/NiagaraRayTracingShaders.usf" 2117
"../../../Engine/Plugins/FX/Niagara/Shaders/Private/NiagaraAsyncGpuTraceCommon.ush" 2118
"../../../Engine/Shaders/Private/HashTable.ush" 2119
"../../../Engine/Shaders/Private/Hash.ush" 2120
"../../../Engine/Shaders/Private/RayTracing/VFXTraceRay.ush" 2121
"../../../Engine/Plugins/FX/Niagara/Shaders/Private/NiagaraRayMarchingShaders.usf" 2122
"../../../Engine/Plugins/FX/Niagara/Shaders/Private/NiagaraRayTraceCollisionGroupShaders.usf" 2123
"../../../Engine/Plugins/FX/Niagara/Shaders/Private/NiagaraAsyncGpuTraceUtils.usf" 2124
"../../../Engine/Plugins/FX/Niagara/Shaders/Private/NiagaraSortKeyGen.usf" 2125
"../../../Engine/Plugins/FX/Niagara/Shaders/Private/NiagaraGPURayTracingTransforms.usf" 2126
"../../../Engine/Plugins/FX/Niagara/Shaders/Private/NiagaraDrawIndirectArgsGen.usf" 2127
"../../../Engine/Plugins/FX/Niagara/Shaders/Private/NiagaraDispatchIndirectArgsGen.usf" 2128
"../../../Engine/Plugins/Runtime/ComputeFramework/Shaders/Private/ComputeKernel.usf" 2129
"../../../Engine/Plugins/Runtime/ComputeFramework/Shaders/Private/ComputeKernelCommon.ush" 2130
"../../../Engine/Plugins/NNE/NNEDenoiser/Shaders/NNEDenoiserShadersTransferFunctionOidn.usf" 2131
"../../../Engine/Plugins/NNE/NNEDenoiser/Shaders/NNEDenoiserShadersMappedCopy.usf" 2132
"../../../Engine/Plugins/NNE/NNEDenoiser/Shaders/NNEDenoiserShadersDefaultIOProcess.usf" 2133
"../../../Engine/Plugins/NNE/NNEDenoiser/Shaders/NNEDenoiserShadersAutoExposureReduceFinal.usf" 2134
"../../../Engine/Plugins/NNE/NNEDenoiser/Shaders/NNEDenoiserShadersAutoExposureReduce.usf" 2135
"../../../Engine/Plugins/NNE/NNEDenoiser/Shaders/NNEDenoiserShadersAutoExposureDownsample.usf" 2136
"../../../Engine/Plugins/Enterprise/GLTFExporter/Shaders/Private/SimpleTexture2DPS.usf" 2137
"../../../Engine/Shaders/Private/SimpleElementNormalMapPixelShader.usf" 2138
"../../../Engine/Shaders/Private/VirtualTextureAdapter.usf" 2139
"../../../Engine/Shaders/Private/BlockCompressionCommon.ush" 2140
"../../../Engine/Shaders/Private/BCCompressionCommon.ush" 2141
"../../../Engine/Shaders/Private/TranslucentLightingShaders.usf" 2142
"../../../Engine/Shaders/Private/SHCommon.ush" 2143
"../../../Engine/Shaders/Private/ShadowProjectionCommon.ush" 2144
"../../../Engine/Shaders/Private/CubemapCommon.ush" 2145
"../../../Engine/Shaders/Private/VectorFieldCompositeShaders.usf" 2146
"../../../Engine/Shaders/Private/UpdateTextureShaders.usf" 2147
"../../../Engine/Shaders/Private/StereoLayerShader.usf" 2148
"../../../Engine/Shaders/Private/SparseVolumeTexture/UpdateSparseVolumeTexture.usf" 2149
"../../../Engine/Shaders/Private/MorphTargets.usf" 2150
"../../../Engine/Shaders/Private/SimpleElementColorChannelMaskPixelShader.usf" 2151
"../../../Engine/Shaders/Private/SimpleElementHitProxyPixelShader.usf" 2152
"../../../Engine/Shaders/Private/SimpleElementPixelShader.usf" 2153
"../../../Engine/Shaders/Private/IESLightProfilesCommon.ush" 2154
"../../../Engine/Shaders/Private/SimpleElementVertexShader.usf" 2155
"../../../Engine/Shaders/Private/ScreenPixelShaderOES.usf" 2156
"../../../Engine/Shaders/Private/ScreenVertexShader.usf" 2157
"../../../Engine/Shaders/Private/ScreenPixelShader.usf" 2158
"../../../Engine/Shaders/Private/SSProfilePreIntegratedMobile.usf" 2159
"../../../Engine/Shaders/Private/SpecularProfile.usf" 2160
"../../../Engine/Shaders/Private/Nanite/NaniteStreaming.usf" 2161
"../../../Engine/Shaders/Private/Nanite/NaniteStreaming.ush" 2162
"../../../Engine/Shaders/Private/Nanite/NaniteTranscode.usf" 2163
"../../../Engine/Shaders/Private/VolumetricLightmapStreaming.usf" 2164
"../../../Engine/Shaders/Private/PhysicsFieldReset.usf" 2165
"../../../Engine/Shaders/Private/PhysicsFieldBuilder.usf" 2166
"../../../Engine/Shaders/Private/PhysicsFieldEval.ush" 2167
"../../../Engine/Shaders/Private/ParticleSortKeyGen.usf" 2168
"../../../Engine/Shaders/Private/ParticleBoundsShader.usf" 2169
"../../../Engine/Shaders/Private/ParticleSimVisualizeShader.usf" 2170
"../../../Engine/Shaders/Private/ParticleInjectionShader.usf" 2171
"../../../Engine/Shaders/Private/ParticleSimulationShader.usf" 2172
"../../../Engine/Shaders/Private/ParticleCurveInjectionShader.usf" 2173
"../../../Engine/Shaders/Private/CopyUIntBuffer.usf" 2174
"../../../Engine/Shaders/Private/RadixSortShaders.usf" 2175
"../../../Engine/Shaders/Private/RecomputeTangentsPerVertexPass.usf" 2176
"../../../Engine/Shaders/Private/RecomputeTangentsCommon.ush" 2177
"../../../Engine/Shaders/Private/RecomputeTangentsPerTrianglePass.usf" 2178
"../../../Engine/Shaders/Private/GpuSkinCacheComputeShader.usf" 2179
"../../../Engine/Shaders/Private/HeightFieldAtlasManagement.usf" 2180
"../../../Engine/Shaders/Private/LandscapePhysicalMaterial.usf" 2181
"../../../Engine/Shaders/Private/MaterialTemplate.ush" 2182
"../../../Engine/Shaders/Private/WorldSpaceMath.ush" 2183
"../../../Engine/Shaders/Private/EyeAdaptationCommon.ush" 2184
"../../../Engine/Shaders/Private/SobolRandom.ush" 2185
"../../../Engine/Shaders/Private/DepthOfFieldCommon.ush" 2186
"../../../Engine/Shaders/Private/CircleDOFCommon.ush" 2187
"../../../Engine/Shaders/Private/PhysicsFieldSampler.ush" 2188
"../../../Engine/Shaders/Private/PhysicsFieldShared.ush" 2189
"../../../Engine/Shaders/Shared/EnvironmentComponentsFlags.h" 2190
"../../../Engine/Shaders/Private/MeshPaintTextureCommon.ush" 2191
"../../../Engine/Shaders/Private/SpeedTreeCommon.ush" 2192
"../../../Engine/Shaders/Private/VirtualTextureCommon.ush" 2193
"../../../Engine/Shaders/Private/MaterialTexture.ush" 2194
"../../../Engine/Shaders/Private/MinMaterialTexCoords.ush" 2195
"../../../Engine/Shaders/Private/SkyAtmosphereCommon.ush" 2196
"../../../Engine/Shaders/Private/SingleLayerWaterCommon.ush" 2197
"../../../Engine/Shaders/Private/TextureSampling.ush" 2198
"../../../Engine/Shaders/Private/PaniniProjection.ush" 2199
"../../../Engine/Shaders/Private/DBufferNormalReprojection.ush" 2200
"../../../Engine/Shaders/Public/SubstratePublic.ush" 2201
"../../../Engine/Shaders/Private/Substrate/SubstrateTree.ush" 2202
"../../../Engine/Shaders/Private/Substrate/SubstrateEvaluation.ush" 2203
"../../../Engine/Shaders/Private/Substrate/Glint/GlintThirdParty.ush" 2204
"../../../Engine/Shaders/Private/BlueNoise.ush" 2205
"../../../Engine/Shaders/Private/ShadingModelsSampling.ush" 2206
"../../../Engine/Shaders/Private/HairStrands/HairBsdfSample.ush" 2207
"../../../Engine/Shaders/Private/Substrate/SubstrateLegacyConversion.ush" 2208
"../../../Engine/Shaders/Private/DBufferDecalShared.ush" 2209
"../../../Engine/Shaders/Private/LandscapeGrassWeight.usf" 2210
"../../../Engine/Shaders/Private/Landscape/LandscapeEditLayersUtils.usf" 2211
"../../../Engine/Shaders/Private/Landscape/LandscapeCommon.ush" 2212
"../../../Engine/Shaders/Private/Landscape/LandscapeEditLayersWeightmaps.usf" 2213
"../../../Engine/Shaders/Private/Landscape/LandscapeEditLayersHeightmaps.usf" 2214
"../../../Engine/Shaders/Private/Landscape/LandscapeLayersWeightmapsPS.usf" 2215
"../../../Engine/Shaders/Private/Landscape/LandscapeLayersHeightmapsPS.usf" 2216
"../../../Engine/Shaders/Private/LandscapeLayersCS.usf" 2217
"../../../Engine/Shaders/Private/LandscapeLayersPS.usf" 2218
"../../../Engine/Shaders/Private/LandscapeLayersVS.usf" 2219
"../../../Engine/Shaders/Private/Landscape/LandscapeCulling.usf" 2220
"../../../Engine/Shaders/Private/Nanite/NaniteHZBCull.ush" 2221
"../../../Engine/Shaders/Private/Landscape/LandscapeMergeTexturesPS.usf" 2222
"../../../Engine/Shaders/Private/WideCustomResolveShaders.usf" 2223
"../../../Engine/Shaders/Private/WideCustomResolve_Wide.ush" 2224
"../../../Engine/Shaders/Private/WideCustomResolve_Wider.ush" 2225
"../../../Engine/Shaders/Private/WideCustomResolve_Widest.ush" 2226
"../../../Engine/Shaders/Private/WaterInfoTextureBlur.usf" 2227
"../../../Engine/Shaders/Private/WaterInfoTextureMerge.usf" 2228
"../../../Engine/Shaders/Private/PageTableUpdate.usf" 2229
"../../../Engine/Shaders/Private/VirtualTextureCompress.usf" 2230
"../../../Engine/Shaders/Private/ETCCompressionCommon.ush" 2231
"../../../Engine/Shaders/Private/VirtualTextureMaterial.usf" 2232
"../../../Engine/Shaders/Private/PixelShaderOutputCommon.ush" 2233
"../../../Engine/Shaders/Private/ShaderOutputCommon.ush" 2234
"../../../Engine/Shaders/Private/VolumetricRenderTarget.usf" 2235
"../../../Engine/Shaders/Private/HeightFogCommon.ush" 2236
"../../../Engine/Shaders/Private/LocalFogVolumes/LocalFogVolumeCommon.ush" 2237
"../../../Engine/Shaders/Private/ReflectionEnvironmentShared.ush" 2238
"../../../Engine/Shaders/Private/VolumetricFogVoxelization.usf" 2239
"../../../Engine/Shaders/Private/VolumetricCloudMaterialPixelCommon.ush" 2240
"../../../Engine/Shaders/Private/VolumetricFogLightFunction.usf" 2241
"../../../Engine/Shaders/Private/LightFunctionCommon.ush" 2242
"../../../Engine/Shaders/Private/VolumetricFog.usf" 2243
"../../../Engine/Shaders/Private/DeferredLightingCommon.ush" 2244
"../../../Engine/Shaders/Private/DynamicLightingCommon.ush" 2245
"../../../Engine/Shaders/Private/CapsuleLightIntegrate.ush" 2246
"../../../Engine/Shaders/Private/CapsuleLightSampling.ush" 2247
"../../../Engine/Shaders/Private/RectLightIntegrate.ush" 2248
"../../../Engine/Shaders/Private/ScreenSpaceShadowRayCast.ush" 2249
"../../../Engine/Shaders/Private/LightFunctionAtlas/LightFunctionAtlasCommon.usf" 2250
"../../../Engine/Shaders/Private/HeterogeneousVolumes/HeterogeneousVolumesAdaptiveVolumetricShadowMapSampling.ush" 2251
"../../../Engine/Shaders/Private/HeterogeneousVolumes/HeterogeneousVolumesAdaptiveVolumetricShadowMapUtils.ush" 2252
"../../../Engine/Shaders/Private/HeterogeneousVolumes/HeterogeneousVolumesRayMarchingUtils.ush" 2253
"../../../Engine/Shaders/Private/HeterogeneousVolumes/HeterogeneousVolumesRayMarchingTypes.ush" 2254
"../../../Engine/Shaders/Private/PathTracing/Utilities/PathTracingRandomSequence.ush" 2255
"../../../Engine/Shaders/Private/HeterogeneousVolumes/HeterogeneousVolumesTracingUtils.ush" 2256
"../../../Engine/Shaders/Private/VelocityCommon.ush" 2257
"../../../Engine/Shaders/Private/HeterogeneousVolumes/HeterogeneousVolumesTransmittanceVolumeUtils.ush" 2258
"../../../Engine/Shaders/Private/ForwardShadowingCommon.ush" 2259
"../../../Engine/Shaders/Private/ShadowFilteringCommon.ush" 2260
"../../../Engine/Shaders/Private/PixelQuadMessagePassing.ush" 2261
"../../../Engine/Shaders/Private/VolumeLightingCommon.ush" 2262
"../../../Engine/Shaders/Private/VolumeLightingCommonSampling.ush" 2263
"../../../Engine/Shaders/Private/Lumen/LumenTranslucencyVolumeShared.ush" 2264
"../../../Engine/Shaders/Private/Lumen/LumenRadianceCacheInterpolation.ush" 2265
"../../../Engine/Shaders/Private/HeterogeneousVolumes/HeterogeneousVolumesAdaptiveVolumetricShadowMapSampler.ush" 2266
"../../../Engine/Shaders/Private/LightGridCommon.ush" 2267
"../../../Engine/Shaders/Private/DistanceFieldAOShared.ush" 2268
"../../../Engine/Shaders/Private/IntersectionUtils.ush" 2269
"../../../Engine/Shaders/Private/VolumetricLightmapShared.ush" 2270
"../../../Engine/Shaders/Private/LightDataUniforms.ush" 2271
"../../../Engine/Shaders/Private/VirtualShadowMaps/VirtualShadowMapProjectionCommon.ush" 2272
"../../../Engine/Shaders/Private/VirtualShadowMaps/VirtualShadowMapPageAccessCommon.ush" 2273
"../../../Engine/Shaders/Shared/VirtualShadowMapDefinitions.h" 2274
"../../../Engine/Shaders/Shared/HLSLMathAliases.h" 2275
"../../../Engine/Shaders/Private/VirtualShadowMaps/VirtualShadowMapProjectionStructs.ush" 2276
"../../../Engine/Shaders/Private/VolumetricCloudCommon.ush" 2277
"../../../Engine/Shaders/Private/VolumetricCloud.usf" 2278
"../../../Engine/Shaders/Private/VisualizeVolumetricLightmap.usf" 2279
"../../../Engine/Shaders/Private/VirtualShadowMaps/VirtualShadowMapProjectionComposite.usf" 2280
"../../../Engine/Shaders/Private/LightShaderParameters.ush" 2281
"../../../Engine/Shaders/Private/VirtualShadowMaps/VirtualShadowMapMaskBitsCommon.ush" 2282
"../../../Engine/Shaders/Private/VirtualShadowMaps/VirtualShadowMapLightGrid.ush" 2283
"../../../Engine/Shaders/Private/VirtualShadowMaps/VirtualShadowMapProjection.usf" 2284
"../../../Engine/Shaders/Private/Visualization.ush" 2285
"../../../Engine/Shaders/Private/VirtualShadowMaps/VirtualShadowMapProjectionFilter.ush" 2286
"../../../Engine/Shaders/Private/VirtualShadowMaps/VirtualShadowMapProjectionDirectional.ush" 2287
"../../../Engine/Shaders/Private/VirtualShadowMaps/VirtualShadowMapSMRTCommon.ush" 2288
"../../../Engine/Shaders/Private/VirtualShadowMaps/VirtualShadowMapSMRTTemplate.ush" 2289
"../../../Engine/Shaders/Private/VirtualShadowMaps/VirtualShadowMapProjectionSpot.ush" 2290
"../../../Engine/Shaders/Private/VirtualShadowMaps/VirtualShadowMapTransmissionCommon.ush" 2291
"../../../Engine/Shaders/Private/VirtualShadowMaps/VirtualShadowMapScreenRayTrace.ush" 2292
"../../../Engine/Shaders/Private/VirtualShadowMaps/VirtualShadowMapStats.ush" 2293
"../../../Engine/Shaders/Private/HairStrands/HairStrandsVoxelPageCommon.ush" 2294
"../../../Engine/Shaders/Private/HairStrands/HairStrandsVoxelPageTraversal.ush" 2295
"../../../Engine/Shaders/Private/VirtualShadowMaps/VirtualShadowMapCacheLoadBalancer.usf" 2296
"../../../Engine/Shaders/Private/VirtualShadowMaps/VirtualShadowMapPageCacheCommon.ush" 2297
"../../../Engine/Shaders/Private/VirtualShadowMaps/VirtualShadowMapCacheInvalidation.ush" 2298
"../../../Engine/Shaders/Private/VirtualShadowMaps/VirtualShadowMapPageOverlap.ush" 2299
"../../../Engine/Shaders/Private/ScreenSpaceDenoise/SSDDefinitions.ush" 2300
"../../../Engine/Shaders/Private/InstanceCulling/InstanceCullingLoadBalancer.ush" 2301
"../../../Engine/Shaders/Private/VirtualShadowMaps/VirtualShadowMapCopyStats.usf" 2302
"../../../Engine/Shaders/Private/VirtualShadowMaps/VirtualShadowMapDebug.usf" 2303
"../../../Engine/Shaders/Private/VirtualShadowMaps/Desaturate.usf" 2304
"../../../Engine/Shaders/Private/VirtualShadowMaps/VirtualShadowMapPhysicalPageManagement.usf" 2305
"../../../Engine/Shaders/Private/ReductionCommon.ush" 2306
"../../../Engine/Shaders/Private/GPUMessaging.ush" 2307
"../../../Engine/Shaders/Private/VirtualShadowMaps/VirtualShadowMapPerPageDispatch.ush" 2308
"../../../Engine/Shaders/Private/VirtualShadowMaps/VirtualShadowMapBuildPerPageDrawCommands.usf" 2309
"../../../Engine/Shaders/Private/Nanite/NaniteCullingCommon.ush" 2310
"../../../Engine/Shaders/Private/Nanite/NaniteCulling.ush" 2311
"../../../Engine/Shaders/Private/Nanite/NaniteHierarchyTraversalCommon.ush" 2312
"../../../Engine/Shaders/Private/InstanceCulling/InstanceCullingCommon.ush" 2313
"../../../Engine/Shaders/Shared/InstanceCullingDefinitions.h" 2314
"../../../Engine/Shaders/Private/VirtualShadowMaps/VirtualShadowMapPrintStats.usf" 2315
"../../../Engine/Shaders/Private/VirtualShadowMaps/VirtualShadowMapPageManagement.usf" 2316
"../../../Engine/Shaders/Private/VirtualShadowMaps/VirtualShadowMapPageMarking.usf" 2317
"../../../Engine/Shaders/Shared/SingleLayerWaterDefinitions.h" 2318
"../../../Engine/Shaders/Private/HairStrands/HairStrandsTileCommon.ush" 2319
"../../../Engine/Shaders/Private/Froxel/Froxel.ush" 2320
"../../../Engine/Shaders/Shared/FroxelDefinitions.h" 2321
"../../../Engine/Shaders/Private/VariableRateShading/VRSShadingRatePreview.usf" 2322
"../../../Engine/Shaders/Private/VariableRateShading/VRSShadingRateCommon.ush" 2323
"../../../Engine/Shaders/Private/VariableRateShading/VRSShadingRateCombine.usf" 2324
"../../../Engine/Shaders/Private/VariableRateShading/VRSShadingRateFoveated.usf" 2325
"../../../Engine/Shaders/Private/VariableRateShading/VRSShadingRateReproject.usf" 2326
"../../../Engine/Shaders/Private/VariableRateShading/VRSShadingRateCalculate.usf" 2327
"../../../Engine/Shaders/Private/TranslucencyUpsampling.usf" 2328
"../../../Engine/Shaders/Private/ComposeSeparateTranslucency.usf" 2329
"../../../Engine/Shaders/Private/SeparateTranslucency.ush" 2330
"../../../Engine/Shaders/Private/TranslucentLightInjectionShaders.usf" 2331
"../../../Engine/Shaders/Private/TranslucentShadowDepthShaders.usf" 2332
"../../../Engine/Shaders/Private/ShadowDepthCommon.ush" 2333
"../../../Engine/Shaders/Private/RayTracing/RayTracingTest.usf" 2334
"../../../Engine/Shaders/Private/PostProcessSubsurfaceTile.usf" 2335
"../../../Engine/Shaders/Private/Substrate/SubstrateVisualize.usf" 2336
"../../../Engine/Shaders/Private/Substrate/SubstrateTile.ush" 2337
"../../../Engine/Shaders/Private/Substrate/SubstrateVisualizeCommon.ush" 2338
"../../../Engine/Shaders/Private/SkyLightingDiffuseShared.ush" 2339
"../../../Engine/Shaders/Private/SkyLightingShared.ush" 2340
"../../../Engine/Shaders/Private/ClearCoatCommon.ush" 2341
"../../../Engine/Shaders/Private/ReflectionEnvironmentComposite.ush" 2342
"../../../Engine/Shaders/Private/Substrate/SubstrateLightingCommon.ush" 2343
"../../../Engine/Shaders/Private/Substrate/SubstrateRoughRefraction.usf" 2344
"../../../Engine/Shaders/Private/PathTracing/Material/PathTracingFresnel.ush" 2345
"../../../Engine/Shaders/Private/PathTracing/Material/PathTracingGlossy.ush" 2346
"../../../Engine/Shaders/Private/Substrate/SubstrateTile.usf" 2347
"../../../Engine/Shaders/Private/Substrate/SubstrateMaterialClassification.usf" 2348
"../../../Engine/Shaders/Private/Substrate/SubstrateDBuffer.usf" 2349
"../../../Engine/Shaders/Private/StochasticLighting/StochasticLightingDenoising.usf" 2350
"../../../Engine/Shaders/Private/Lumen/LumenMaterial.ush" 2351
"../../../Engine/Shaders/Private/StochasticLighting/StochasticLightingCommon.ush" 2352
"../../../Engine/Shaders/Private/SplineMeshSceneTexture.usf" 2353
"../../../Engine/Shaders/Private/SparseVolumeTexture/VisualizeSparseVolumeTexture.usf" 2354
"../../../Engine/Shaders/Private/SkyAtmosphere.usf" 2355
"../../../Engine/Shaders/Private/CopyDepthTexture.usf" 2356
"../../../Engine/Shaders/Private/SingleLayerWaterComposite.usf" 2357
"../../../Engine/Shaders/Private/Froxel/FroxelBuild.ush" 2358
"../../../Engine/Shaders/Private/ScreenSpaceShadows.usf" 2359
"../../../Engine/Shaders/Private/bend_sss_gpu.ush" 2360
"../../../Engine/Shaders/Private/ShadowFactorsUpsampleCommon.ush" 2361
"../../../Engine/Shaders/Private/ShadowProjectionVertexShader.usf" 2362
"../../../Engine/Shaders/Private/ShadowProjectionPixelShader.usf" 2363
"../../../Engine/Shaders/Private/MobileLightingCommon.ush" 2364
"../../../Engine/Shaders/Private/PlanarReflectionShared.ush" 2365
"../../../Engine/Shaders/Private/MobileSSR.ush" 2366
"../../../Engine/Shaders/Private/SSRT/SSRTRayCast.ush" 2367
"../../../Engine/Shaders/Private/ShadowPercentageCloserFiltering.ush" 2368
"../../../Engine/Shaders/Private/TransmissionThickness.ush" 2369
"../../../Engine/Shaders/Private/CopyShadowMaps.usf" 2370
"../../../Engine/Shaders/Private/ShadowDepthPixelShader.usf" 2371
"../../../Engine/Shaders/Private/ShadowDepthVertexShader.usf" 2372
"../../../Engine/Shaders/Private/ShadingEnergyConservationTable.usf" 2373
"../../../Engine/Shaders/Shared/PathTracingDefinitions.h" 2374
"../../../Engine/Shaders/Private/ShadingFurnaceTest.usf" 2375
"../../../Engine/Shaders/Private/Substrate/SubstrateDeferredLighting.ush" 2376
"../../../Engine/Shaders/Private/ShaderPrintDraw.usf" 2377
"../../../Engine/Shaders/Private/ShaderPrintDrawPrimitive.usf" 2378
"../../../Engine/Shaders/Private/DefaultSSRTiles.usf" 2379
"../../../Engine/Shaders/Private/ScreenSpaceReflectionTileCommons.ush" 2380
"../../../Engine/Shaders/Private/SSRT/SSRTDiffuseIndirect.usf" 2381
"../../../Engine/Shaders/Private/SSRT/SSRTTileClassificationBuffer.ush" 2382
"../../../Engine/Shaders/Private/SSRT/SSRTReflections.usf" 2383
"../../../Engine/Shaders/Private/ScreenSpaceDenoise/SSDPublic.ush" 2384
"../../../Engine/Shaders/Private/SSRT/SSRTTileClassification.usf" 2385
"../../../Engine/Shaders/Private/SSRT/SSRTPrevFrameReduction.usf" 2386
"../../../Engine/Shaders/Private/ScreenSpaceDenoise/SSDComposeHarmonics.usf" 2387
"../../../Engine/Shaders/Private/ScreenSpaceDenoise/SSDPublicHarmonics.ush" 2388
"../../../Engine/Shaders/Private/ScreenSpaceDenoise/SSDSignalFramework.ush" 2389
"../../../Engine/Shaders/Private/ScreenSpaceDenoise/SSDCommon.ush" 2390
"../../../Engine/Shaders/Private/SphericalGaussian.ush" 2391
"../../../Engine/Shaders/Public/WaveBroadcastIntrinsics.ush" 2392
"../../../Engine/Shaders/Private/ScreenSpaceDenoise/SSDMetadata.ush" 2393
"../../../Engine/Shaders/Private/ScreenSpaceDenoise/SSDSignalCore.ush" 2394
"../../../Engine/Shaders/Private/ScreenSpaceDenoise/DenoisingCommon.ush" 2395
"../../../Engine/Shaders/Private/ScreenSpaceDenoise/SSDSignalArray.ush" 2396
"../../../Engine/Shaders/Private/ScreenSpaceDenoise/SSDSignalBufferEncoding.ush" 2397
"../../../Engine/Shaders/Private/ScreenSpaceDenoise/SSDPublicBufferEncoding.ush" 2398
"../../../Engine/Shaders/Private/Lumen/LumenBufferEncoding.ush" 2399
"../../../Engine/Shaders/Private/ScreenSpaceDenoise/SSDTemporalAccumulation.usf" 2400
"../../../Engine/Shaders/Private/ScreenSpaceDenoise/SSDSpatialKernel.ush" 2401
"../../../Engine/Shaders/Private/ScreenSpaceDenoise/SSDSignalAccumulatorArray.ush" 2402
"../../../Engine/Shaders/Private/ScreenSpaceDenoise/SSDSignalAccumulator.ush" 2403
"../../../Engine/Shaders/Private/ScreenSpaceDenoise/SSDSignalCompression.ush" 2404
"../../../Engine/Shaders/Private/ScreenSpaceDenoise/SSDSpatialAccumulation.usf" 2405
"../../../Engine/Shaders/Private/ScreenSpaceDenoise/SSDInjest.usf" 2406
"../../../Engine/Shaders/Private/ScreenSpaceDenoise/SSDCompressMetadata.usf" 2407
"../../../Engine/Shaders/Private/DownsampleDepthPixelShader.usf" 2408
"../../../Engine/Shaders/Private/ScreenPass.usf" 2409
"../../../Engine/Shaders/Private/HZB.usf" 2410
"../../../Engine/Shaders/Private/OcclusionFeedbackShaders.usf" 2411
"../../../Engine/Shaders/Private/HZBOcclusion.usf" 2412
"../../../Engine/Shaders/Private/OcclusionQueryPixelShader.usf" 2413
"../../../Engine/Shaders/Private/OcclusionQueryVertexShader.usf" 2414
"../../../Engine/Shaders/Private/HitProxyCopy.usf" 2415
"../../../Engine/Shaders/Private/HitProxyPixelShader.usf" 2416
"../../../Engine/Shaders/Private/HitProxyVertexShader.usf" 2417
"../../../Engine/Shaders/Private/SceneCulling/SceneCullingDebugRender.usf" 2418
"../../../Engine/Shaders/Private/SceneCulling/SceneCulling.ush" 2419
"../../../Engine/Shaders/Shared/SceneCullingDefinitions.h" 2420
"../../../Engine/Shaders/Private/SceneCulling/SceneCullingBuildExplicitBounds.usf" 2421
"../../../Engine/Shaders/Private/SceneCapturePixelShader.usf" 2422
"../../../Engine/Shaders/Private/RendererUtils.usf" 2423
"../../../Engine/Shaders/Private/RTWriteMaskDecode.usf" 2424
"../../../Engine/Shaders/Private/ReflectionEnvironmentShaders.usf" 2425
"../../../Engine/Shaders/Private/RectLightAtlas.usf" 2426
"../../../Engine/Shaders/Private/RayTracing/TraceRayInlineStatistics.usf" 2427
"../../../Engine/Shaders/Private/RayTracing/CompositeSkyLightPS.usf" 2428
"../../../Engine/Shaders/Private/RayTracing/GenerateSkyLightVisibilityRaysCS.usf" 2429
"../../../Engine/Shaders/Private/RayTracing/RayTracingSkyLightCommon.ush" 2430
"../../../Engine/Shaders/Private/RayTracing/SkyLightVisibilityRaysData.ush" 2431
"../../../Engine/Shaders/Private/Raytracing/RaytracingSkylightRGS.usf" 2432
"../../../Engine/Shaders/Private/HairStrands/HairStrandsRaytracing.ush" 2433
"../../../Engine/Shaders/Private/Raytracing/RayTracingSkyLightEvaluation.ush" 2434
"../../../Engine/Shaders/Private/Raytracing/RayTracingDeferredShadingCommon.ush" 2435
"../../../Engine/Shaders/Private/RayTracing/RayTracingOcclusionRGS.usf" 2436
"../../../Engine/Shaders/Private/RayTracing/RayTracingDirectionalLight.ush" 2437
"../../../Engine/Shaders/Private/RayTracing/RayTracingRectLight.ush" 2438
"../../../Engine/Shaders/Private/RayTracing/RayTracingSphereLight.ush" 2439
"../../../Engine/Shaders/Private/RayTracing/RayTracingCapsuleLight.ush" 2440
"../../../Engine/Shaders/Private/RayTracing/RayTracingPrimaryRays.usf" 2441
"../../../Engine/Shaders/Private/RayTracing/RayTracingLightingCommon.ush" 2442
"../../../Engine/Shaders/Private/RayTracing/RayTracingLightCullingCommon.ush" 2443
"../../../Engine/Shaders/Private/RayTracing/RayTracingMaterialDefaultHitShaders.usf" 2444
"../../../Engine/Shaders/Private/RayTracing/RayTracingMaterialHitShaders.usf" 2445
"../../../Engine/Shaders/Private/RayTracing/RayTracingShaderUtils.ush" 2446
"../../../Engine/Shaders/Private/RayTracing/RayTracingCalcInterpolants.ush" 2447
"../../../Engine/Shaders/Private/LightmapCommon.ush" 2448
"../../../Engine/Shaders/Private/Lumen/LumenHardwareRayTracingPayloadCommon.ush" 2449
"../../../Engine/Shaders/Shared/LumenDefinitions.h" 2450
"../../../Engine/Shaders/Private/Substrate/SubstrateExport.ush" 2451
"../../../Engine/Shaders/Private/RayTracing/RayTracingLightingMS.usf" 2452
"../../../Engine/Shaders/Private/RayTracing/RayTracingLightFunctionCommon.ush" 2453
"../../../Engine/Shaders/Private/RayTracing/RayTracingBuildLightGrid.usf" 2454
"../../../Engine/Shaders/Private/Raytracing/RayTracingInstanceBufferUtil.usf" 2455
"../../../Engine/Shaders/Private/RayTracing/RayTracingDynamicMesh.usf" 2456
"../../../Engine/Shaders/Private/RayTracing/RayTracingDefaultDecalHitShader.usf" 2457
"../../../Engine/Shaders/Private/RayTracing/RayTracingDecalMaterialShader.usf" 2458
"../../../Engine/Shaders/Private/PathTracing/PathTracingShaderUtils.ush" 2459
"../../../Engine/Shaders/Private/PathTracing/PathTracingCommon.ush" 2460
"../../../Engine/Shaders/Private/PathTracing/Material/PathTracingMaterialCommon.ush" 2461
"../../../Engine/Shaders/Private/RayTracing/RayTracingBuildDecalGrid.usf" 2462
"../../../Engine/Shaders/Private/RayTracing/RayTracingDebugHitStatsUtils.usf" 2463
"../../../Engine/Shaders/Private/RayTracing/RayTracingDebugInstanceOverlap.usf" 2464
"../../../Engine/Shaders/Private/RayTracing/RayTracingDebugPicking.usf" 2465
"../../../Engine/Shaders/Private/RayTracing/RayTracingDebugUtils.ush" 2466
"../../../Engine/Shaders/Shared/RayTracingDebugTypes.h" 2467
"../../../Engine/Shaders/Private/RayTracing/RayTracingDebugTraversal.usf" 2468
"../../../Engine/Shaders/Private/RayTracing/RayTracingDeferredMaterials.ush" 2469
"../../../Engine/Shaders/Shared/ThirdParty/AMD/ags_shader_intrinsics_dx12.h" 2470
"../../../Engine/Shaders/Shared/RayTracingDebugDefinitions.h" 2471
"../../../Engine/Shaders/Private/RayTracing/RayTracingDebugHitStatsCHS.usf" 2472
"../../../Engine/Shaders/Private/RayTracing/RayTracingDebugHitStats.usf" 2473
"../../../Engine/Shaders/Private/RayTracing/RayTracingDebugMS.usf" 2474
"../../../Engine/Shaders/Private/RayTracing/RayTracingDebugCHS.usf" 2475
"../../../Engine/Shaders/Private/RayTracing/RayTracingDebug.usf" 2476
"../../../Engine/Shaders/Private/RayTracing/RayTracingBuiltInShaders.usf" 2477
"../../../Engine/Shaders/Private/RayTracing/RayTracingBarycentrics.usf" 2478
"../../../Engine/Shaders/Private/RayTracing/RayTracingAmbientOcclusionRGS.usf" 2479
"../../../Engine/Shaders/Private/VisualizeShadingModels.usf" 2480
"../../../Engine/Shaders/Private/MotionBlur/VisualizeMotionVectors.usf" 2481
"../../../Engine/Shaders/Private/TemporalSuperResolution/TSRVisualize.usf" 2482
"../../../Engine/Shaders/Private/TemporalSuperResolution/TSRColorSpace.ush" 2483
"../../../Engine/Shaders/Private/TemporalSuperResolution/TSRCommon.ush" 2484
"../../../Engine/Shaders/Public/DualPixelVectorization.ush" 2485
"../../../Engine/Shaders/Private/TemporalSuperResolution/TSRReprojectionField.ush" 2486
"../../../Engine/Shaders/Private/TemporalSuperResolution/TSRResolveHistory.usf" 2487
"../../../Engine/Shaders/Private/TemporalSuperResolution/TSRConvolutionNetwork.ush" 2488
"../../../Engine/Shaders/Private/TemporalSuperResolution/TSRKernels.ush" 2489
"../../../Engine/Shaders/Public/LaneVectorization.ush" 2490
"../../../Engine/Shaders/Private/TemporalSuperResolution/TSRUpdateHistory.usf" 2491
"../../../Engine/Shaders/Private/TemporalSuperResolution/TSRSpatialAntiAliasing.ush" 2492
"../../../Engine/Shaders/Private/TemporalSuperResolution/TSRSpatialAntiAliasing.usf" 2493
"../../../Engine/Shaders/Private/TemporalSuperResolution/TSRRejectShading.usf" 2494
"../../../Engine/Shaders/Private/TemporalSuperResolution/TSRShadingAnalysis.ush" 2495
"../../../Engine/Shaders/Private/TemporalSuperResolution/TSRConvolutionNetworkPass.ush" 2496
"../../../Engine/Shaders/Private/TemporalSuperResolution/TSRDecimateHistory.usf" 2497
"../../../Engine/Shaders/Private/TemporalSuperResolution/TSRDepthVelocityAnalysis.ush" 2498
"../../../Engine/Shaders/Private/TemporalSuperResolution/TSRClosestOccluder.ush" 2499
"../../../Engine/Shaders/Private/TemporalSuperResolution/TSRDilateVelocity.usf" 2500
"../../../Engine/Shaders/Private/MotionBlur/MotionBlurVelocityFlatten.ush" 2501
"../../../Engine/Shaders/Private/MotionBlur/MotionBlurCommon.ush" 2502
"../../../Engine/Shaders/Private/TemporalSuperResolution/TSRClearPrevTextures.usf" 2503
"../../../Engine/Shaders/Private/TemporalSuperResolution/TSRMeasureFlickeringLuma.usf" 2504
"../../../Engine/Shaders/Private/TemporalAA.usf" 2505
"../../../Engine/Shaders/Private/FilterPixelShader.usf" 2506
"../../../Engine/Shaders/Private/FilterVertexShader.usf" 2507
"../../../Engine/Shaders/Private/PostProcessVisualizeBuffer.usf" 2508
"../../../Engine/Shaders/Private/PostProcessVisualizeLocalExposure.usf" 2509
"../../../Engine/Shaders/Private/PostProcessHistogramCommon.ush" 2510
"../../../Engine/Shaders/Private/TonemapCommon.ush" 2511
"../../../Engine/Shaders/Private/ACES.ush" 2512
"../../../Engine/Shaders/Private/PostProcessVisualizeLevelInstance.usf" 2513
"../../../Engine/Shaders/Private/PostProcessVisualizeHDR.usf" 2514
"../../../Engine/Shaders/Private/ShaderComplexityApplyPixelShader.usf" 2515
"../../../Engine/Shaders/Private/QuadOverdraw.ush" 2516
"../../../Engine/Shaders/Private/PostProcessUpscale.usf" 2517
"../../../Engine/Shaders/Private/PostProcessTonemap.usf" 2518
"../../../Engine/Shaders/Private/PostProcessing/FilmGrainPackConstants.usf" 2519
"../../../Engine/Shaders/Private/PostProcessing/FilmGrainReduce.usf" 2520
"../../../Engine/Shaders/Private/PostProcessTestImage.usf" 2521
"../../../Engine/Shaders/Private/PostProcessSubsurface.usf" 2522
"../../../Engine/Shaders/Private/SeparableSSS.ush" 2523
"../../../Engine/Shaders/Private/SubsurfaceBurleyNormalized.ush" 2524
"../../../Engine/Shaders/Private/PostProcessSelectionOutline.usf" 2525
"../../../Engine/Shaders/Private/PostProcessPixelProjectedReflectionMobile.usf" 2526
"../../../Engine/Shaders/Private/MotionBlur/MotionBlurVisualize.usf" 2527
"../../../Engine/Shaders/Private/MotionBlur/MotionBlurApply.usf" 2528
"../../../Engine/Shaders/Private/MotionBlur/MotionBlurFilterTileClassify.usf" 2529
"../../../Engine/Shaders/Private/MotionBlur/MotionBlurTileScatter.usf" 2530
"../../../Engine/Shaders/Private/MotionBlur/MotionBlurTileGather.usf" 2531
"../../../Engine/Shaders/Private/MotionBlur/MotionBlurVelocityFlatten.usf" 2532
"../../../Engine/Shaders/Private/PostProcessMobile.usf" 2533
"../../../Engine/Shaders/Private/PostProcessMitchellNetravali.usf" 2534
"../../../Engine/Shaders/Private/PostProcessMaterialShaders.usf" 2535
"../../../Engine/Shaders/Private/NeuralPostProcessCommon.usf" 2536
"../../../Engine/Shaders/Private/PostProcessLocalExposure.usf" 2537
"../../../Engine/Shaders/Private/PostProcessLensFlares.usf" 2538
"../../../Engine/Shaders/Private/PostProcessGBufferHints.usf" 2539
"../../../Engine/Shaders/Private/PostProcessHMD.usf" 2540
"../../../Engine/Shaders/Private/Histogram.usf" 2541
"../../../Engine/Shaders/Private/PostProcessHistogramReduce.usf" 2542
"../../../Engine/Shaders/Private/PostProcessHistogram.usf" 2543
"../../../Engine/Shaders/Private/Bloom/BloomFinalizeApplyConstants.usf" 2544
"../../../Engine/Shaders/Private/Bloom/BloomCommon.ush" 2545
"../../../Engine/Shaders/Private/Bloom/BloomResizeKernel.usf" 2546
"../../../Engine/Shaders/Private/Bloom/BloomDownsampleKernel.usf" 2547
"../../../Engine/Shaders/Private/Bloom/BloomClampKernel.usf" 2548
"../../../Engine/Shaders/Private/Bloom/BloomPackKernelConstants.usf" 2549
"../../../Engine/Shaders/Private/Bloom/BloomSumScatterDispersionEnergy.usf" 2550
"../../../Engine/Shaders/Private/Bloom/BloomReduceKernelSurvey.usf" 2551
"../../../Engine/Shaders/Private/Bloom/BloomSurveyKernelCenterEnergy.usf" 2552
"../../../Engine/Shaders/Private/Bloom/BloomSurveyMaxScatterDispersion.usf" 2553
"../../../Engine/Shaders/Private/Bloom/BloomFindKernelCenter.usf" 2554
"../../../Engine/Shaders/Private/PostProcessEyeAdaptation.usf" 2555
"../../../Engine/Shaders/Private/TranslucencyVolumeCommon.ush" 2556
"../../../Engine/Shaders/Private/PostProcessEyeAdaptationUtils.usf" 2557
"../../../Engine/Shaders/Private/PostProcessDownsample.usf" 2558
"../../../Engine/Shaders/Private/PostProcessDOF.usf" 2559
"../../../Engine/Shaders/Private/PostProcessDeviceEncodingOnly.usf" 2560
"../../../Engine/Shaders/Private/PostProcessCompositePrimitives.usf" 2561
"../../../Engine/Shaders/Private/PostProcessCombineLUTs.usf" 2562
"../../../Engine/Shaders/Private/PostProcessVisualizeDOF.usf" 2563
"../../../Engine/Shaders/Private/PostProcessBloom.usf" 2564
"../../../Engine/Shaders/Private/PostProcessAmbientOcclusionMobile.usf" 2565
"../../../Engine/Shaders/Private/PostProcessAmbientOcclusionCommon.ush" 2566
"../../../Engine/Shaders/Private/FXAAShader.usf" 2567
"../../../Engine/Shaders/Private/Fxaa3_11.ush" 2568
"../../../Engine/Shaders/Private/PaniniProjection.usf" 2569
"../../../Engine/Shaders/Private/DiaphragmDOF/DOFRecombine.usf" 2570
"../../../Engine/Shaders/Private/DiaphragmDOF/DOFCommon.ush" 2571
"../../../Engine/Shaders/Private/DiaphragmDOF/DOFHybridScatterPixelShader.usf" 2572
"../../../Engine/Shaders/Private/DiaphragmDOF/DOFHybridScatterCommon.ush" 2573
"../../../Engine/Shaders/Private/DiaphragmDOF/DOFHybridScatterVertexShader.usf" 2574
"../../../Engine/Shaders/Private/DiaphragmDOF/DOFPostfiltering.usf" 2575
"../../../Engine/Shaders/Private/DiaphragmDOF/DOFGatherTileSuggest.ush" 2576
"../../../Engine/Shaders/Private/DiaphragmDOF/DOFCocTileCommon.ush" 2577
"../../../Engine/Shaders/Private/DiaphragmDOF/DOFGatherPass.usf" 2578
"../../../Engine/Shaders/Private/DiaphragmDOF/DOFGatherCommon.ush" 2579
"../../../Engine/Shaders/Private/DiaphragmDOF/DOFGatherAccumulator.ush" 2580
"../../../Engine/Shaders/Private/DiaphragmDOF/DOFGatherKernel.ush" 2581
"../../../Engine/Shaders/Private/DiaphragmDOF/DOFBokehLUT.usf" 2582
"../../../Engine/Shaders/Private/DiaphragmDOF/DOFHybridScatterCompilation.usf" 2583
"../../../Engine/Shaders/Private/DiaphragmDOF/DOFReduce.usf" 2584
"../../../Engine/Shaders/Private/DiaphragmDOF/DOFDownsample.ush" 2585
"../../../Engine/Shaders/Private/DiaphragmDOF/DOFHybridScatterCompilation.ush" 2586
"../../../Engine/Shaders/Private/DiaphragmDOF/DOFDownsample.usf" 2587
"../../../Engine/Shaders/Private/DiaphragmDOF/DOFCocTileDilate.usf" 2588
"../../../Engine/Shaders/Private/DiaphragmDOF/DOFCocTileFlatten.usf" 2589
"../../../Engine/Shaders/Private/DiaphragmDOF/DOFSetup.usf" 2590
"../../../Engine/Shaders/Private/Tools/DebugAlphaChannel.usf" 2591
"../../../Engine/Shaders/Private/PlanarReflectionShaders.usf" 2592
"../../../Engine/Shaders/Private/PhysicsFieldVisualizer.usf" 2593
"../../../Engine/Shaders/Private/PathTracing/PathTracingSpatialTemporalDenoising.usf" 2594
"../../../Engine/Shaders/Private/ColorDifference.ush" 2595
"../../../Engine/Shaders/Private/PathTracing/PathTracingCompositingPixelShader.usf" 2596
"../../../Engine/Shaders/Private/PathTracing/PathTracingAdaptiveUtils.ush" 2597
"../../../Engine/Shaders/Private/PathTracing/PathTracingDefaultHitShader.usf" 2598
"../../../Engine/Shaders/Private/PathTracing/PathTracingGPULightmassMaterialHitShader.usf" 2599
"../../../Engine/Shaders/Private/PathTracing/PathTracingMaterialHitShader.usf" 2600
"../../../Engine/Shaders/Private/PathTracing/Material/PathTracingSubstrateCommon.ush" 2601
"../../../Engine/Shaders/Private/PathTracing/PathTracingLightingMissShader.usf" 2602
"../../../Engine/Shaders/Private/PathTracing/PathTracingMissShader.usf" 2603
"../../../Engine/Shaders/Private/PathTracing/PathTracingAdaptiveStart.usf" 2604
"../../../Engine/Shaders/Private/PathTracing/PathTracingBuildAdaptiveError.usf" 2605
"../../../Engine/Shaders/Private/PathTracing/PathTracingVolumetricCloudMaterialShader.usf" 2606
"../../../Engine/Shaders/Private/PathTracing/Volume/PathTracingCloudsMaterialCommon.ush" 2607
"../../../Engine/Shaders/Private/PathTracing/Volume/PathTracingVolumeCommon.ush" 2608
"../../../Engine/Shaders/Private/PathTracing/Volume/PathTracingCloudsCommon.ush" 2609
"../../../Engine/Shaders/Private/PathTracing/PathTracingBuildCloud.usf" 2610
"../../../Engine/Shaders/Private/PathTracing/Volume/PathTracingAtmosphereCommon.ush" 2611
"../../../Engine/Shaders/Private/PathTracing/PathTracingBuildCloudAccelerationMap.usf" 2612
"../../../Engine/Shaders/Private/PathTracing/PathTracingBuildAtmosphereLUT.usf" 2613
"../../../Engine/Shaders/Private/PathTracing/PathTracingSwizzleScanlines.usf" 2614
"../../../Engine/Shaders/Private/PathTracing/PathTracingInitExtinctionCoefficient.usf" 2615
"../../../Engine/Shaders/Private/PathTracing/PathTracingCopyDepth.usf" 2616
"../../../Engine/Shaders/Private/PathTracing/PathTracingDebug.usf" 2617
"../../../Engine/Shaders/Private/RayTracing/RayTracingDecalGrid.ush" 2618
"../../../Engine/Shaders/Private/PathTracing/Utilities/PathTracingRIS.ush" 2619
"../../../Engine/Shaders/Private/PathTracing/Light/PathTracingLightSampling.ush" 2620
"../../../Engine/Shaders/Private/PathTracing/Light/PathTracingLightCommon.ush" 2621
"../../../Engine/Shaders/Private/PathTracing/Light/PathTracingDirectionalLight.ush" 2622
"../../../Engine/Shaders/Private/PathTracing/Light/PathTracingPointLight.ush" 2623
"../../../Engine/Shaders/Private/PathTracing/Light/PathTracingCapsuleLight.ush" 2624
"../../../Engine/Shaders/Private/PathTracing/Light/PathTracingRectLight.ush" 2625
"../../../Engine/Shaders/Private/PathTracing/Light/PathTracingSkyLight.ush" 2626
"../../../Engine/Shaders/Private/PathTracing/Light/PathTracingLightGrid.ush" 2627
"../../../Engine/Shaders/Private/PathTracing/PathTracing.usf" 2628
"../../../Engine/Shaders/Private/PathTracing/PathTracingCore.ush" 2629
"../../../Engine/Shaders/Private/HeterogeneousVolumes/HeterogeneousVolumesVoxelGridTypes.ush" 2630
"../../../Engine/Shaders/Private/PathTracing/Material/PathTracingMaterialSampling.ush" 2631
"../../../Engine/Shaders/Private/PathTracing/Material/PathTracingLambert.ush" 2632
"../../../Engine/Shaders/Private/PathTracing/Material/PathTracingSubstrate.ush" 2633
"../../../Engine/Shaders/Private/PathTracing/Material/PathTracingSubstrateFoliage.ush" 2634
"../../../Engine/Shaders/Private/PathTracing/Material/PathTracingSubstrateSolidGlass.ush" 2635
"../../../Engine/Shaders/Private/PathTracing/Material/PathTracingSubstrateThinGlass.ush" 2636
"../../../Engine/Shaders/Private/PathTracing/Material/PathTracingSolidGlass.ush" 2637
"../../../Engine/Shaders/Private/PathTracing/Material/PathTracingEnergyConservation.ush" 2638
"../../../Engine/Shaders/Private/PathTracing/Material/PathTracingThinGlass.ush" 2639
"../../../Engine/Shaders/Private/PathTracing/Material/PathTracingDefaultLit.ush" 2640
"../../../Engine/Shaders/Private/PathTracing/Material/PathTracingClearCoat.ush" 2641
"../../../Engine/Shaders/Private/PathTracing/Material/PathTracingTwoSidedFoliage.ush" 2642
"../../../Engine/Shaders/Private/PathTracing/Material/PathTracingCloth.ush" 2643
"../../../Engine/Shaders/Private/PathTracing/Material/PathTracingSubsurfaceProfile.ush" 2644
"../../../Engine/Shaders/Private/PathTracing/Material/PathTracingEye.ush" 2645
"../../../Engine/Shaders/Private/PathTracing/Material/PathTracingHair.ush" 2646
"../../../Engine/Shaders/Private/PathTracing/Material/PathTracingMedium.ush" 2647
"../../../Engine/Shaders/Private/PathTracing/Volume/PathTracingVolume.ush" 2648
"../../../Engine/Shaders/Private/PathTracing/Volume/PathTracingAtmosphere.ush" 2649
"../../../Engine/Shaders/Private/PathTracing/Volume/PathTracingClouds.ush" 2650
"../../../Engine/Shaders/Private/PathTracing/Volume/PathTracingFog.ush" 2651
"../../../Engine/Shaders/Private/PathTracing/Volume/PathTracingHeterogeneousVolumes.ush" 2652
"../../../Engine/Shaders/Private/HeterogeneousVolumes/HeterogeneousVolumesVoxelGridTraversal.ush" 2653
"../../../Engine/Shaders/Private/HeterogeneousVolumes/HeterogeneousVolumesVoxelGridUtils.ush" 2654
"../../../Engine/Shaders/Private/HeterogeneousVolumes/HeterogeneousVolumesFrustumVoxelGridUtils.ush" 2655
"../../../Engine/Shaders/Private/PathTracing/Volume/PathTracingVolumeSampling.ush" 2656
"../../../Engine/Shaders/Private/PathTracing/PathTracingBuildLightGrid.usf" 2657
"../../../Engine/Shaders/Private/PathTracing/PathTracingSkylightMISCompensation.usf" 2658
"../../../Engine/Shaders/Private/PathTracing/PathTracingSkylightPrepare.usf" 2659
"../../../Engine/Shaders/Private/OIT/OITSorting.usf" 2660
"../../../Engine/Shaders/Private/OITCombine.usf" 2661
"../../../Engine/Shaders/Private/OITCommon.ush" 2662
"../../../Engine/Shaders/Private/Nanite/Voxel/RasterizeBricks.usf" 2663
"../../../Engine/Shaders/Private/Nanite/Voxel/Brick.ush" 2664
"../../../Engine/Shaders/Private/Nanite/Voxel/Voxel.ush" 2665
"../../../Engine/Shaders/Private/Nanite/Voxel/ScatterBricks.usf" 2666
"../../../Engine/Shaders/Private/Nanite/Voxel/TileBricks.usf" 2667
"../../../Engine/Shaders/Private/Nanite/Voxel/AutoVoxel.usf" 2668
"../../../Engine/Shaders/Private/Nanite/NaniteDebugViews.usf" 2669
"../../../Engine/Shaders/Private/Nanite/NaniteEditorCommon.ush" 2670
"../../../Engine/Shaders/Private/BinarySearch.ush" 2671
"../../../Engine/Shaders/Private/Nanite/NaniteDepthDecode.usf" 2672
"../../../Engine/Shaders/Private/HTileEncoding.ush" 2673
"../../../Engine/Shaders/Private/Nanite/NaniteVisualize.usf" 2674
"../../../Engine/Shaders/Private/Nanite/NaniteStreamOut.usf" 2675
"../../../Engine/Shaders/Private/Nanite/NaniteHierarchyTraversal.ush" 2676
"../../../Engine/Shaders/Private/Skinning/TransformProviders.usf" 2677
"../../../Engine/Shaders/Private/Nanite/NaniteShadeBinning.usf" 2678
"../../../Engine/Shaders/Private/Nanite/NaniteShadeCommon.ush" 2679
"../../../Engine/Shaders/Private/Nanite/NaniteFastClear.usf" 2680
"../../../Engine/Shaders/Private/Nanite/NaniteExportGBuffer.usf" 2681
"../../../Engine/Shaders/Private/Nanite/NaniteClusterCulling.usf" 2682
"../../../Engine/Shaders/Private/Nanite/NanitePrintStats.usf" 2683
"../../../Engine/Shaders/Private/Nanite/NaniteRasterizer.usf" 2684
"../../../Engine/Shaders/Private/Nanite/NaniteRasterizationCommon.ush" 2685
"../../../Engine/Shaders/Private/Nanite/NaniteRasterizer.ush" 2686
"../../../Engine/Shaders/Private/Nanite/NaniteWritePixel.ush" 2687
"../../../Engine/Shaders/Private/Nanite/NaniteTessellation.ush" 2688
"../../../Engine/Shaders/Private/WorkDistribution.ush" 2689
"../../../Engine/Shaders/Private/Nanite/NaniteDice.ush" 2690
"../../../Engine/Shaders/Private/ShaderBundleWorkGraphCommon.ush" 2691
"../../../Engine/Shaders/Public/RootConstants.ush" 2692
"../../../Engine/Shaders/Public/Platform/D3D/D3DRootConstants.ush" 2693
"../../../Engine/Shaders/Private/Nanite/NaniteSplit.usf" 2694
"../../../Engine/Shaders/Private/Nanite/NaniteRasterBinning.usf" 2695
"../../../Engine/Shaders/Private/Nanite/NaniteInstanceCulling.usf" 2696
"../../../Engine/Shaders/Private/Nanite/NaniteImposter.ush" 2697
"../../../Engine/Shaders/Private/Nanite/NaniteInstanceHierarchyCulling.usf" 2698
"../../../Engine/Shaders/Private/Nanite/NanitePrimitiveFilter.usf" 2699
"../../../Engine/Shaders/Private/Nanite/NaniteRasterClear.usf" 2700
"../../../Engine/Shaders/Private/Nanite/NaniteDepthExport.usf" 2701
"../../../Engine/Shaders/Private/Nanite/NaniteEmitShadow.usf" 2702
"../../../Engine/Shaders/Private/MobileDeferredUtils.usf" 2703
"../../../Engine/Shaders/Private/MobileLocalLightsBuffer.usf" 2704
"../../../Engine/Shaders/Private/MobileFog.usf" 2705
"../../../Engine/Shaders/Private/DistortApplyScreenPS.usf" 2706
"../../../Engine/Shaders/Private/MobileDeferredShading.usf" 2707
"../../../Engine/Shaders/Private/MobileBasePassPixelShader.usf" 2708
"../../../Engine/Shaders/Private/MobileBasePassCommon.ush" 2709
"../../../Engine/Shaders/Private/BasePassCommon.ush" 2710
"../../../Engine/Shaders/Private/ShadingModelsMaterial.ush" 2711
"../../../Engine/Shaders/Private/ThinTranslucentCommon.ush" 2712
"../../../Engine/Shaders/Private/SingleLayerWaterShading.ush" 2713
"../../../Engine/Shaders/Private/DistortionCommon.ush" 2714
"../../../Engine/Shaders/Private/Substrate/SubstrateMobileForwardLighting.ush" 2715
"../../../Engine/Shaders/Private/MobileBasePassVertexShader.usf" 2716
"../../../Engine/Shaders/Private/MeshEdges.usf" 2717
"../../../Engine/Shaders/Private/MegaLights/MegaLightsVSMTracing.usf" 2718
"../../../Engine/Shaders/Private/MegaLights/MegaLights.ush" 2719
"../../../Engine/Shaders/Private/Lumen/LumenPosition.ush" 2720
"../../../Engine/Shaders/Private/MegaLights/MegaLightsRayTracing.ush" 2721
"../../../Engine/Shaders/Private/MegaLights/MegaLightsRayTracing.usf" 2722
"../../../Engine/Shaders/Private/DistanceField/GlobalDistanceFieldUtils.ush" 2723
"../../../Engine/Shaders/Private/Lumen/LumenScreenTracing.ush" 2724
"../../../Engine/Shaders/Private/MegaLights/MegaLightsVolumeRayTracing.usf" 2725
"../../../Engine/Shaders/Private/MegaLights/MegaLightsVolume.ush" 2726
"../../../Engine/Shaders/Private/MegaLights/MegaLightsVolumeHardwareRayTracing.usf" 2727
"../../../Engine/Shaders/Private/Lumen/LumenHardwareRayTracingCommon.ush" 2728
"../../../Engine/Shaders/Private/RayTracing/RayTracingReflectionEnvironment.ush" 2729
"../../../Engine/Shaders/Private/Lumen/LumenHardwareRayTracingPlatformCommon.ush" 2730
"../../../Engine/Shaders/Private/Lumen/LumenReflectionsCombine.ush" 2731
"../../../Engine/Shaders/Private/Lumen/LumenTracingCommon.ush" 2732
"../../../Engine/Shaders/Private/Lumen/SurfaceCache/LumenSurfaceCacheSampling.ush" 2733
"../../../Engine/Shaders/Private/Lumen/SurfaceCache/LumenSurfaceCache.ush" 2734
"../../../Engine/Shaders/Private/Lumen/LumenCardCommon.ush" 2735
"../../../Engine/Shaders/Private/Lumen/LumenCardTileShadowDownsampleFactor.ush" 2736
"../../../Engine/Shaders/Private/MegaLights/MegaLightsHardwareRayTracing.usf" 2737
"../../../Engine/Shaders/Private/MegaLights/MegaLightsFilterVisibleLightHash.usf" 2738
"../../../Engine/Shaders/Private/MegaLights/MegaLightsDenoiserSpatial.usf" 2739
"../../../Engine/Shaders/Private/MegaLights/MegaLightsShading.ush" 2740
"../../../Engine/Shaders/Private/Lumen/LumenReflectionDenoiserCommon.ush" 2741
"../../../Engine/Shaders/Private/MegaLights/MegaLightsDenoiserTemporal.usf" 2742
"../../../Engine/Shaders/Private/MegaLights/MegaLightsShading.usf" 2743
"../../../Engine/Shaders/Private/MegaLights/MegaLightsVolumeShading.usf" 2744
"../../../Engine/Shaders/Private/MegaLights/MegaLightsVisibleLightHash.usf" 2745
"../../../Engine/Shaders/Private/MegaLights/MegaLightsSampling.usf" 2746
"../../../Engine/Shaders/Private/MegaLights/MegaLightsVolumeSampling.usf" 2747
"../../../Engine/Shaders/Private/MegaLights/MegaLights.usf" 2748
"../../../Engine/Shaders/Private/Lumen/LumenVisualizeRadianceCache.usf" 2749
"../../../Engine/Shaders/Private/Lumen/LumenRadianceCacheCommon.ush" 2750
"../../../Engine/Shaders/Private/Lumen/LumenVisualizeHardwareRayTracing.usf" 2751
"../../../Engine/Shaders/Private/Lumen/LumenVisualize.ush" 2752
"../../../Engine/Shaders/Private/Lumen/LumenHairTracing.ush" 2753
"../../../Engine/Shaders/Private/Lumen/LumenVisualize.usf" 2754
"../../../Engine/Shaders/Private/Lumen/LumenSoftwareRayTracing.ush" 2755
"../../../Engine/Shaders/Private/DistanceField/GlobalDistanceFieldObjectGrid.ush" 2756
"../../../Engine/Shaders/Private/DistanceFieldLightingShared.ush" 2757
"../../../Engine/Shaders/Private/Lumen/LumenVisualizeTraces.ush" 2758
"../../../Engine/Shaders/Private/Lumen/LumenTranslucencyVolumeLighting.usf" 2759
"../../../Engine/Shaders/Private/Lumen/LumenRadianceCacheMarkCommon.ush" 2760
"../../../Engine/Shaders/Private/Lumen/LumenTranslucencyVolumeLightingShared.ush" 2761
"../../../Engine/Shaders/Private/Lumen/LumenScreenProbeCommon.ush" 2762
"../../../Engine/Shaders/Private/RayTracing/RayGenUtils.ush" 2763
"../../../Engine/Shaders/Private/Lumen/LumenRadianceCacheTracingCommon.ush" 2764
"../../../Engine/Shaders/Private/Lumen/LumenTranslucencyVolumeHardwareRayTracing.usf" 2765
"../../../Engine/Shaders/Private/Lumen/LumenTranslucencyRadianceCacheMarkShaders.usf" 2766
"../../../Engine/Shaders/Private/Lumen/SurfaceCache/LumenSurfaceCacheFeedback.usf" 2767
"../../../Engine/Shaders/Private/Lumen/SurfaceCache/LumenSurfaceCache.usf" 2768
"../../../Engine/Shaders/Private/Lumen/LumenShortRangeAOHardwareRayTracing.usf" 2769
"../../../Engine/Shaders/Private/Lumen/LumenScreenSpaceBentNormal.usf" 2770
"../../../Engine/Shaders/Private/Lumen/LumenScreenProbeTracing.usf" 2771
"../../../Engine/Shaders/Private/Lumen/LumenScreenProbeTracingCommon.ush" 2772
"../../../Engine/Shaders/Private/Lumen/LumenFloatQuantization.ush" 2773
"../../../Engine/Shaders/Private/Lumen/LumenScreenProbeImportanceSampling.usf" 2774
"../../../Engine/Shaders/Private/Lumen/LumenScreenProbeImportanceSamplingShared.ush" 2775
"../../../Engine/Shaders/Private/Lumen/LumenScreenProbeHardwareRayTracing.usf" 2776
"../../../Engine/Shaders/Private/Lumen/LumenScreenProbeGather.usf" 2777
"../../../Engine/Shaders/Private/Lumen/LumenScreenSpaceBentNormal.ush" 2778
"../../../Engine/Shaders/Private/Lumen/LumenScreenProbeLightSampling.usf" 2779
"../../../Engine/Shaders/Private/Lumen/LumenScreenProbeFiltering.usf" 2780
"../../../Engine/Shaders/Private/Lumen/LumenSceneLighting.usf" 2781
"../../../Engine/Shaders/Private/Lumen/LumenCardTile.ush" 2782
"../../../Engine/Shaders/Private/Lumen/LumenSceneLighting.ush" 2783
"../../../Engine/Shaders/Private/Lumen/Radiosity/LumenRadiosity.ush" 2784
"../../../Engine/Shaders/Private/Lumen/LumenSceneLightingDebug.usf" 2785
"../../../Engine/Shaders/Private/Lumen/LumenScene.usf" 2786
"../../../Engine/Shaders/Private/Lumen/LumenSceneDirectLightingHardwareRayTracing.usf" 2787
"../../../Engine/Shaders/Private/Lumen/LumenReflectionCommon.ush" 2788
"../../../Engine/Shaders/Private/Lumen/LumenSceneDirectLighting.ush" 2789
"../../../Engine/Shaders/Private/Lumen/LumenSceneDebugHardwareRayTracing.usf" 2790
"../../../Engine/Shaders/Private/Lumen/LumenSceneDirectLightingStochastic.usf" 2791
"../../../Engine/Shaders/Private/Lumen/LumenSceneDirectLightingSoftwareRayTracing.usf" 2792
"../../../Engine/Shaders/Private/DistanceFieldShadowingShared.ush" 2793
"../../../Engine/Shaders/Private/Lumen/LumenSceneDirectLightingPerLightShadowCommon.ush" 2794
"../../../Engine/Shaders/Private/Lumen/LumenSceneDirectLightingShadowMask.usf" 2795
"../../../Engine/Shaders/Private/Lumen/LumenSceneDirectLighting.usf" 2796
"../../../Engine/Shaders/Private/Lumen/LumenSceneDirectLightingCulling.usf" 2797
"../../../Engine/Shaders/Private/Lumen/LumenCardComputeShader.usf" 2798
"../../../Engine/Shaders/Private/Lumen/LumenCardPixelShader.usf" 2799
"../../../Engine/Shaders/Private/Lumen/LumenCardVertexShader.usf" 2800
"../../../Engine/Shaders/Private/Lumen/LumenReSTIRGather.usf" 2801
"../../../Engine/Shaders/Private/Lumen/LumenReflectionTracing.usf" 2802
"../../../Engine/Shaders/Private/Lumen/LumenReflectionDenoiserSpatial.usf" 2803
"../../../Engine/Shaders/Private/Lumen/LumenReflectionDenoiserClear.usf" 2804
"../../../Engine/Shaders/Private/Lumen/LumenReflectionDenoiserTemporal.usf" 2805
"../../../Engine/Shaders/Private/Lumen/LumenReflectionResolve.usf" 2806
"../../../Engine/Shaders/Private/Lumen/LumenReflections.usf" 2807
"../../../Engine/Shaders/Private/Lumen/LumenReflectionHardwareRayTracing.usf" 2808
"../../../Engine/Shaders/Private/Lumen/Radiosity/LumenVisualizeRadiosityProbes.usf" 2809
"../../../Engine/Shaders/Private/Lumen/Radiosity/LumenRadiosity.usf" 2810
"../../../Engine/Shaders/Private/Lumen/Radiosity/LumenRadiosityHardwareRayTracing.usf" 2811
"../../../Engine/Shaders/Private/Lumen/Radiosity/LumenRadiosityCulling.usf" 2812
"../../../Engine/Shaders/Private/Lumen/LumenRadianceCacheHardwareRayTracing.usf" 2813
"../../../Engine/Shaders/Private/Lumen/LumenRadianceCache.usf" 2814
"../../../Engine/Shaders/Private/Lumen/LumenRadianceCacheUpdate.ush" 2815
"../../../Engine/Shaders/Private/Lumen/LumenRadianceCacheDebug.usf" 2816
"../../../Engine/Shaders/Private/Lumen/LumenRadianceCacheUpdate.usf" 2817
"../../../Engine/Shaders/Private/Lumen/LumenMeshSDFCulling.usf" 2818
"../../../Engine/Shaders/Private/HybridIndirectLighting.ush" 2819
"../../../Engine/Shaders/Private/MeshDistanceFieldCommon.ush" 2820
"../../../Engine/Shaders/Private/Lumen/LumenIrradianceFieldGather.usf" 2821
"../../../Engine/Shaders/Private/Lumen/LumenHardwareRayTracingMaterials.usf" 2822
"../../../Engine/Shaders/Private/Lumen/LumenFrontLayerTranslucency.usf" 2823
"../../../Engine/Shaders/Private/LocalFogVolumes/LocalFogVolumeSplat.usf" 2824
"../../../Engine/Shaders/Private/LocalFogVolumes/LocalFogVolumeTiledCulling.usf" 2825
"../../../Engine/Shaders/Private/LightShaftShader.usf" 2826
"../../../Engine/Shaders/Private/StationaryLightOverlapShaders.usf" 2827
"../../../Engine/Shaders/Private/DeferredLightPixelShaders.usf" 2828
"../../../Engine/Shaders/Private/HairStrands/HairStrandsVisibilityUtils.ush" 2829
"../../../Engine/Shaders/Private/DeferredLightVertexShaders.usf" 2830
"../../../Engine/Shaders/Private/LightMapDensityShader.usf" 2831
"../../../Engine/Shaders/Private/LightGridInjection.usf" 2832
"../../../Engine/Shaders/Shared/LightGridDefinitions.h" 2833
"../../../Engine/Shaders/Private/LightFunctionPixelShader.usf" 2834
"../../../Engine/Shaders/Private/LightFunctionVertexShader.usf" 2835
"../../../Engine/Shaders/Private/LightFunctionAtlas/LightFunctionAtlasRender.usf" 2836
"../../../Engine/Shaders/Private/InstanceCulling/InstanceCullingOcclusionQuery.usf" 2837
"../../../Engine/Shaders/Private/InstanceCulling/InstanceCullingSetup.ush" 2838
"../../../Engine/Shaders/Private/InstanceCulling/BuildInstanceDrawCommands.usf" 2839
"../../../Engine/Shaders/Private/InstanceCulling/InstanceCompactionCommon.ush" 2840
"../../../Engine/Shaders/Private/SceneDataMobileWriter.ush" 2841
"../../../Engine/Shaders/Private/InstanceCulling/CompactVisibleInstances.usf" 2842
"../../../Engine/Shaders/Private/ReflectionEnvironmentPixelShader.usf" 2843
"../../../Engine/Shaders/Private/AmbientCubemapComposite.usf" 2844
"../../../Engine/Shaders/Private/DiffuseIndirectComposite.usf" 2845
"../../../Engine/Shaders/Private/IESAtlas.usf" 2846
"../../../Engine/Shaders/Private/HeterogeneousVolumes/HeterogeneousVolumesVoxelGridShadows.usf" 2847
"../../../Engine/Shaders/Private/HeterogeneousVolumes/HeterogeneousVolumesStochasticFiltering.ush" 2848
"../../../Engine/Shaders/Private/HeterogeneousVolumes/HeterogeneousVolumesVoxelGridRenderingUtils.ush" 2849
"../../../Engine/Shaders/Private/HeterogeneousVolumes/HeterogeneousVolumesLightingUtils.ush" 2850
"../../../Engine/Shaders/Private/HeterogeneousVolumes/HeterogeneousVolumesVoxelGridRendering.usf" 2851
"../../../Engine/Shaders/Private/HeterogeneousVolumes/HeterogeneousVolumesVoxelGridPipeline.usf" 2852
"../../../Engine/Shaders/Private/HeterogeneousVolumes/HeterogeneousVolumesMaterialBakingPipeline.usf" 2853
"../../../Engine/Shaders/Private/HeterogeneousVolumes/HeterogeneousVolumesLiveShadingUtils.ush" 2854
"../../../Engine/Shaders/Private/HeterogeneousVolumes/HeterogeneousVolumesFrustumVoxelGrid.usf" 2855
"../../../Engine/Shaders/Private/HeterogeneousVolumes/HeterogeneousVolumesSparseVoxelPipeline.usf" 2856
"../../../Engine/Shaders/Private/HeterogeneousVolumes/HeterogeneousVolumesSparseVoxelUtils.ush" 2857
"../../../Engine/Shaders/Private/HeterogeneousVolumes/HeterogeneousVolumesSparseVoxelUniformBufferUtils.ush" 2858
"../../../Engine/Shaders/Private/HeterogeneousVolumes/HeterogeneousVolumesPreshadingPipeline.usf" 2859
"../../../Engine/Shaders/Private/HeterogeneousVolumes/HeterogeneousVolumesLiveShadingShadows.usf" 2860
"../../../Engine/Shaders/Private/HeterogeneousVolumes/HeterogeneousVolumesLiveShadingGlobalPipeline.usf" 2861
"../../../Engine/Shaders/Private/HeterogeneousVolumes/HeterogeneousVolumesLiveShadingPipeline.usf" 2862
"../../../Engine/Shaders/Private/HeterogeneousVolumes/HeterogeneousVolumesHardwareRayTracing.usf" 2863
"../../../Engine/Shaders/Private/HeterogeneousVolumes/HeterogeneousVolumesAmbientOcclusionPipeline.usf" 2864
"../../../Engine/Shaders/Private/HeterogeneousVolumes/HeterogeneousVolumesComposite.usf" 2865
"../../../Engine/Shaders/Private/HdrCustomResolveShaders.usf" 2866
"../../../Engine/Shaders/Private/HairStrands/HairStrandsVoxelRasterCompute.usf" 2867
"../../../Engine/Shaders/Private/HairStrands/HairStrandsHitProxy.usf" 2868
"../../../Engine/Shaders/Private/HairStrands/HairStrandsVisibilityRasterComputeNaive.usf" 2869
"../../../Engine/Shaders/Private/HairStrands/HairStrandsVisibilityRasterHW.usf" 2870
"../../../Engine/Shaders/Private/HairStrands/HairStrandsVisibilityRasterCompute.usf" 2871
"../../../Engine/Shaders/Private/HairStrands/HairStrandsVisibilityRasterClassification.usf" 2872
"../../../Engine/Shaders/Private/HairStrands/HairStrandsCoverage.usf" 2873
"../../../Engine/Shaders/Private/HairStrands/HairStrandsVisibilityDepthPS.usf" 2874
"../../../Engine/Shaders/Private/HairStrands/HairStrandsVisibilityTransmittanceDepthPS.usf" 2875
"../../../Engine/Shaders/Private/HairStrands/HairStrandsVisibilityFillOpaqueDepthPS.usf" 2876
"../../../Engine/Shaders/Private/HairStrands/HairStrandsVisibilityCompactionComputeRaster.usf" 2877
"../../../Engine/Shaders/Private/HairStrands/HairStrandsVisibilityCompaction.usf" 2878
"../../../Engine/Shaders/Private/HairStrands/HairStrandsVisibilityCopyIndirectArg.usf" 2879
"../../../Engine/Shaders/Private/HairStrands/HairStrandsVisibilityClearPS.usf" 2880
"../../../Engine/Shaders/Private/HairStrands/HairStrandsVisibilityPS.usf" 2881
"../../../Engine/Shaders/Private/HairStrands/HairStrandsVisibilityVS.usf" 2882
"../../../Engine/Shaders/Private/HairStrands/HairStrandsVelocity.usf" 2883
"../../../Engine/Shaders/Private/HairStrands/HairStrandsVisibilityComputeSampleCoverage.usf" 2884
"../../../Engine/Shaders/Private/HairStrands/HairStrandsMaterialPS.usf" 2885
"../../../Engine/Shaders/Private/HairStrands/HairStrandsMaterialCommon.ush" 2886
"../../../Engine/Shaders/Private/HairStrands/HairStrandsMaterialVS.usf" 2887
"../../../Engine/Shaders/Private/HairStrands/HairStrandsLightSample.usf" 2888
"../../../Engine/Shaders/Private/HairStrands/HairStrandsDeepShadowMask.usf" 2889
"../../../Engine/Shaders/Private/HairStrands/HairStrandsDeepTransmittanceMask.usf" 2890
"../../../Engine/Shaders/Private/HairStrands/HairStrandsVisibilityTile.usf" 2891
"../../../Engine/Shaders/Private/HairStrands/HairStrandsDeepShadowPS.usf" 2892
"../../../Engine/Shaders/Private/HairStrands/HairStrandsDeepShadowVS.usf" 2893
"../../../Engine/Shaders/Private/HairStrands/HairStrandsAABB.usf" 2894
"../../../Engine/Shaders/Private/HairStrands/HairStrandsLUT.usf" 2895
"../../../Engine/Shaders/Private/HairStrands/HairStrandsForwardRaster.usf" 2896
"../../../Engine/Shaders/Private/HairStrands/HairStrandsForwardCulling.usf" 2897
"../../../Engine/Shaders/Private/HairStrands/HairStrandsEnvironmentLighting.usf" 2898
"../../../Engine/Shaders/Private/HairStrands/HairStrandsEnvironmentAO.usf" 2899
"../../../Engine/Shaders/Private/HairStrands/HairStrandsDeepShadowAllocation.usf" 2900
"../../../Engine/Shaders/Private/HairStrands/HairStrandsVoxelDebug.usf" 2901
"../../../Engine/Shaders/Private/HairStrands/HairStrandsComposition.usf" 2902
"../../../Engine/Shaders/Private/HairStrands/HairStrandsGBufferCommon.ush" 2903
"../../../Engine/Shaders/Private/GPUScene/GPUSceneDataManagement.usf" 2904
"../../../Engine/Shaders/Private/GPUSceneDebugRender.usf" 2905
"../../../Engine/Shaders/Private/GPUFastFourierTransform.usf" 2906
"../../../Engine/Shaders/Private/GPUFastFourierTransform2DCore.ush" 2907
"../../../Engine/Shaders/Private/GPUFastFourierTransformCore.ush" 2908
"../../../Engine/Shaders/Private/GPUBenchmark.usf" 2909
"../../../Engine/Shaders/Private/DistanceField/GlobalDistanceFieldDebug.usf" 2910
"../../../Engine/Shaders/Private/DistanceField/GlobalDistanceFieldUpdate.ush" 2911
"../../../Engine/Shaders/Private/DistanceField/GlobalDistanceFieldMip.usf" 2912
"../../../Engine/Shaders/Private/DistanceField/GlobalDistanceField.usf" 2913
"../../../Engine/Shaders/Private/DistanceField/GlobalDistanceFieldCompositeObjects.usf" 2914
"../../../Engine/Shaders/Private/DistanceField/GlobalDistanceFieldHeightfields.usf" 2915
"../../../Engine/Shaders/Private/HeightfieldLightingShared.ush" 2916
"../../../Engine/Shaders/Private/GenerateConservativeDepth.usf" 2917
"../../../Engine/Shaders/Private/HeightFogPixelShader.usf" 2918
"../../../Engine/Shaders/Private/HeightFogVertexShader.usf" 2919
"../../../Engine/Shaders/Private/DistortFiltering.usf" 2920
"../../../Engine/Shaders/Private/DistortAccumulatePS.usf" 2921
"../../../Engine/Shaders/Private/DistortAccumulateVS.usf" 2922
"../../../Engine/Shaders/Private/DistanceFieldVisualization.usf" 2923
"../../../Engine/Shaders/Private/DistanceFieldStreaming.usf" 2924
"../../../Engine/Shaders/Private/DistanceFieldShadowing.usf" 2925
"../../../Engine/Shaders/Private/DistanceFieldScreenGridLighting.usf" 2926
"../../../Engine/Shaders/Private/DistanceFieldObjectCulling.usf" 2927
"../../../Engine/Shaders/Private/DistanceFieldLightingPost.usf" 2928
"../../../Engine/Shaders/Private/DitheredTransitionStencil.usf" 2929
"../../../Engine/Shaders/Private/CopyDepthTextureCS.usf" 2930
"../../../Engine/Shaders/Private/DeferredDecal.usf" 2931
"../../../Engine/Shaders/Private/DecalCommon.ush" 2932
"../../../Engine/Shaders/Private/DebugViewModeVertexShader.usf" 2933
"../../../Engine/Shaders/Private/DebugViewModeCommon.ush" 2934
"../../../Engine/Shaders/Private/DebugViewModePixelShader.usf" 2935
"../../../Engine/Shaders/Private/DebugProbes.usf" 2936
"../../../Engine/Shaders/Private/MeshDecals.usf" 2937
"../../../Engine/Shaders/Private/PostProcessAmbientOcclusion.usf" 2938
"../../../Engine/Shaders/Private/ClusteredDeferredShadingPixelShader.usf" 2939
"../../../Engine/Shaders/Private/ClusteredDeferredShadingVertexShader.usf" 2940
"../../../Engine/Shaders/Private/CapsuleShadowShaders.usf" 2941
"../../../Engine/Shaders/Private/BasePassPixelShader.usf" 2942
"../../../Engine/Shaders/Private/ForwardLightingCommon.ush" 2943
"../../../Engine/Shaders/Private/Substrate/SubstrateForwardLighting.ush" 2944
"../../../Engine/Shaders/Private/ComputeShaderOutputCommon.ush" 2945
"../../../Engine/Shaders/Private/BasePassVertexShader.usf" 2946
"../../../Engine/Shaders/Private/BasePassVertexCommon.ush" 2947
"../../../Engine/Shaders/Private/SimpleElementVolumeTexturePreviewPixelShader.usf" 2948
"../../../Engine/Shaders/Private/SimpleElementTexture2DPreviewPixelShader.usf" 2949
"../../../Engine/Shaders/Private/meshpaintdilatepixelshader.usf" 2950
"../../../Engine/Shaders/Private/meshpaintdilatevertexshader.usf" 2951
"../../../Engine/Shaders/Private/MeshPaintPixelShader.usf" 2952
"../../../Engine/Shaders/Private/MeshPaintVertexShader.usf" 2953
"../../../Engine/Shaders/Private/SlateElementPixelShader.usf" 2954
"../../../Engine/Shaders/Private/SlateShaderCommon.ush" 2955
"../../../Engine/Shaders/Private/SlateMaskingShader.usf" 2956
"../../../Engine/Shaders/Private/SlateVertexShader.usf" 2957
"../../../Engine/Shaders/Private/CompositeUIPixelShader.usf" 2958
"../../../Engine/Shaders/Private/ColorDeficiency.ush" 2959
"../../../Engine/Shaders/Private/SlatePostProcessColorDeficiencyPixelShader.usf" 2960
"../../../Engine/Shaders/Private/SlatePostProcessPixelShader.usf" 2961
"../../../Engine/Shaders/Private/Tools/VisualizeTexture.usf" 2962
"../../../Engine/Shaders/Private/UpdateDescriptorHandle.usf" 2963
"../../../Engine/Shaders/Private/ByteBuffer.usf" 2964
"../../../Engine/Shaders/Private/ShaderBundleWorkGraphDispatch.usf" 2965
"../../../Engine/Shaders/Private/ShaderBundleDispatch.usf" 2966
"../../../Engine/Shaders/Private/ResolveVertexShader.usf" 2967
"../../../Engine/Shaders/Private/ResolvePixelShader.usf" 2968
"../../../Engine/Shaders/Private/Tools/SetupIndirectArgs.usf" 2969
"../../../Engine/Shaders/Private/ClearReplacementShaders.usf" 2970
"../../../Engine/Shaders/Private/Tools/DrawTexture.usf" 2971
"../../../Engine/Shaders/Private/RayTracing/RayTracingValidation.usf" 2972
"../../../Engine/Shaders/Private/RenderGraphUtilities.usf" 2973
"../../../Engine/Shaders/Private/OneColorShader.usf" 2974
"../../../Engine/Shaders/Private/OculusShaders.usf" 2975
"../../../Engine/Shaders/Private/MediaShaders.usf" 2976
"../../../Engine/Shaders/Private/GPUMessaging.usf" 2977
"../../../Engine/Shaders/Private/Tools/GPUDebugCrashUtils.usf" 2978
"../../../Engine/Shaders/Private/NullPixelShader.usf" 2979
"../../../Engine/Shaders/Private/ComputeGenerateMips.usf" 2980
"../../../Engine/Shaders/Private/Tools/DumpTexture.usf" 2981
"../../../Engine/Shaders/Private/CopyTextureShaders.usf" 2982
"../../../Engine/Shaders/Private/Tools/FullscreenVertexShader.usf" 2983
"../../../Engine/Shaders/Private/RayTracing/RayTracingDispatchDesc.usf" 2984
"../../../Engine/Shaders/Private/Bink.usf" 2985
"../../../Engine/Shaders/Private/VelocityShader.usf" 2986
"../../../Engine/Shaders/Private/DepthOnlyPixelShader.usf" 2987
"../../../Engine/Shaders/Private/PositionOnlyDepthVertexShader.usf" 2988
"../../../Engine/Shaders/Private/DepthOnlyVertexShader.usf" 2989
"../../../Engine/Shaders/Private/AnisotropyPassShader.usf" 2990
"/Engine/EditorResources/S_Actor" 2991
"../../../Engine/Content/EditorResources/S_Actor.uasset" 2992
"/Engine/EditorResources/S_BoxReflectionCapture" 2993
"../../../Engine/Content/EditorResources/S_BoxReflectionCapture.uasset" 2994
"/Engine/EngineResources/DefaultTexture" 2995
"../../../Engine/Content/EngineResources/DefaultTexture.uasset" 2996
"/Engine/EngineResources/DefaultTextureCube" 2997
"../../../Engine/Content/EngineResources/DefaultTextureCube.uasset" 2998
"/Engine/EngineResources/DefaultVolumeTexture" 2999
"../../../Engine/Content/EngineResources/DefaultVolumeTexture.uasset" 3000
"../../../Engine/Content/EngineResources/DefaultVolumeTexture2D.uasset" 3001
"/Engine/EngineFonts/RobotoDistanceField" 3002
"../../../Engine/Content/EngineFonts/RobotoDistanceField.uasset" 3003
"/Engine/EngineMaterials/DefaultTextMaterialOpaque" 3004
"../../../Engine/Content/EngineMaterials/DefaultTextMaterialOpaque.uasset" 3005
"/Engine/Functions/Engine_MaterialFunctions01/Shading/PowerToRoughness" 3006
"../../../Engine/Content/Functions/Engine_MaterialFunctions01/Shading/PowerToRoughness.uasset" 3007
"/Engine/Functions/Engine_MaterialFunctions01/Shading/ConvertFromDiffSpec" 3008
"../../../Engine/Content/Functions/Engine_MaterialFunctions01/Shading/ConvertFromDiffSpec.uasset" 3009
"/Engine/EngineMaterials/WorldGridMaterial" 3010
"../../../Engine/Content/EngineMaterials/WorldGridMaterial.uasset" 3011
"../../../Engine/Content/Functions/Engine_MaterialFunctions01/Opacity/CameraDepthFade.uasset" 3012
"../../../Engine/Content/EngineMaterials/T_Default_Material_Grid_M.uasset" 3013
"../../../Engine/Content/EngineMaterials/T_Default_Material_Grid_N.uasset" 3014
"/Engine/EngineMaterials/DefaultDeferredDecalMaterial" 3015
"../../../Engine/Content/EngineMaterials/DefaultDeferredDecalMaterial.uasset" 3016
"../../../Engine/Content/EngineMaterials/DefaultDiffuse.uasset" 3017
"/Engine/EngineMaterials/DefaultLightFunctionMaterial" 3018
"../../../Engine/Content/EngineMaterials/DefaultLightFunctionMaterial.uasset" 3019
"/Engine/EngineMaterials/DefaultPostProcessMaterial" 3020
"../../../Engine/Content/EngineMaterials/DefaultPostProcessMaterial.uasset" 3021
"../../../Engine/Content/Functions/Engine_MaterialFunctions02/Utility/BreakOutFloat2Components.uasset" 3022
"/Engine/EditorResources/S_Trigger" 3023
"../../../Engine/Content/EditorResources/S_Trigger.uasset" 3024
"/Engine/EditorResources/S_TriggerBox" 3025
"../../../Engine/Content/EditorResources/S_TriggerBox.uasset" 3026
"/Engine/EditorResources/S_TriggerCapsule" 3027
"../../../Engine/Content/EditorResources/S_TriggerCapsule.uasset" 3028
"/Engine/EditorResources/S_TriggerSphere" 3029
"../../../Engine/Content/EditorResources/S_TriggerSphere.uasset" 3030
"/Engine/EngineDamageTypes/DmgTypeBP_Environmental" 3031
"../../../Engine/Content/EngineDamageTypes/DmgTypeBP_Environmental.uasset" 3032
"/Engine/EngineSky/VolumetricClouds/m_SimpleVolumetricCloud_Inst" 3033
"../../../Engine/Content/EngineSky/VolumetricClouds/m_SimpleVolumetricCloud_Inst.uasset" 3034
"../../../Engine/Content/EngineSky/VolumetricClouds/m_SimpleVolumetricCloud.uasset" 3035
"../../../Engine/Content/Functions/Engine_MaterialFunctions01/Units/Km-to-Cm.uasset" 3036
"../../../Engine/Content/Functions/Engine_MaterialFunctions02/Utility/BreakOutFloat3Components.uasset" 3037
"../../../Engine/Content/Functions/Engine_MaterialFunctions02/Utility/BreakOutFloat4Components.uasset" 3038
"../../../Engine/Content/Functions/Engine_MaterialFunctions02/Utility/MakeFloat3.uasset" 3039
"../../../Engine/Content/Functions/Engine_MaterialFunctions02/Utility/MakeFloat4.uasset" 3040
"../../../Engine/Content/EngineSky/VolumetricClouds/T_CloudMask.uasset" 3041
"../../../Engine/Content/EngineSky/VolumetricClouds/T_CloudPattern.uasset" 3042
"../../../Engine/Content/EngineSky/VolumetricClouds/T_Profile_08.uasset" 3043
"../../../Engine/Content/EngineSky/VolumetricClouds/VT_Lightning.uasset" 3044
"../../../Engine/Content/EngineSky/VolumetricClouds/VT_PerlinWorley_Balanced.uasset" 3045
"/Engine/EngineMeshes/Sphere" 3046
"../../../Engine/Content/EngineMeshes/Sphere.uasset" 3047
"/Engine/EngineResources/WhiteSquareTexture" 3048
"../../../Engine/Content/EngineResources/WhiteSquareTexture.uasset" 3049
"/Engine/EngineResources/GradientTexture0" 3050
"../../../Engine/Content/EngineResources/GradientTexture0.uasset" 3051
"/Engine/EngineResources/Black" 3052
"../../../Engine/Content/EngineResources/Black.uasset" 3053
"/Engine/EngineMaterials/Widget3DPassThrough_Translucent" 3054
"../../../Engine/Content/EngineMaterials/Widget3DPassThrough_Translucent.uasset" 3055
"../../../Engine/Content/EngineMaterials/Widget3DPassThrough.uasset" 3056
"/Engine/EngineMaterials/Widget3DPassThrough_Translucent_OneSided" 3057
"../../../Engine/Content/EngineMaterials/Widget3DPassThrough_Translucent_OneSided.uasset" 3058
"/Engine/EngineMaterials/Widget3DPassThrough_Opaque" 3059
"../../../Engine/Content/EngineMaterials/Widget3DPassThrough_Opaque.uasset" 3060
"/Engine/EngineMaterials/Widget3DPassThrough_Opaque_OneSided" 3061
"../../../Engine/Content/EngineMaterials/Widget3DPassThrough_Opaque_OneSided.uasset" 3062
"/Engine/EngineMaterials/Widget3DPassThrough_Masked" 3063
"../../../Engine/Content/EngineMaterials/Widget3DPassThrough_Masked.uasset" 3064
"/Engine/EngineMaterials/Widget3DPassThrough_Masked_OneSided" 3065
"../../../Engine/Content/EngineMaterials/Widget3DPassThrough_Masked_OneSided.uasset" 3066
"/Engine/VREditor/TransformGizmo/SM_Sequencer_Node" 3067
"../../../Engine/Content/VREditor/TransformGizmo/SM_Sequencer_Node.uasset" 3068
"../../../Engine/Content/VREditor/TransformGizmo/Main.uasset" 3069
"../../../Engine/Content/VREditor/TransformGizmo/Xray.uasset" 3070
"/Engine/EditorResources/S_Solver" 3071
"../../../Engine/Content/EditorResources/S_Solver.uasset" 3072
"/Engine/EngineDebugMaterials/VolumeToRender" 3073
"../../../Engine/Content/EngineDebugMaterials/VolumeToRender.uasset" 3074
"/Engine/EngineDebugMaterials/M_VolumeRenderSphereTracePP" 3075
"../../../Engine/Content/EngineDebugMaterials/M_VolumeRenderSphereTracePP.uasset" 3076
"../../../Engine/Content/Functions/Engine_MaterialFunctions02/Utility/CameraDirectionVector.uasset" 3077
"/Engine/VREditor/ViewportInteractionAssetContainerData" 3078
"../../../Engine/Content/VREditor/ViewportInteractionAssetContainerData.uasset" 3079
"../../../Engine/Content/VREditor/SnapGrid/SnapGridMaterial.uasset" 3080
"../../../Engine/Content/VREditor/TransformGizmo/TransformGizmoMaterial_Inst.uasset" 3081
"../../../Engine/Content/VREditor/TransformGizmo/TranslucentTransformGizmoMaterial_Inst.uasset" 3082
"../../../Engine/Content/VREditor/SnapGrid/SnapGridPlaneMesh.uasset" 3083
"../../../Engine/Content/VREditor/Sounds/UI/Drop_Item_From_ContentBrowser.uasset" 3084
"../../../Engine/Content/VREditor/Sounds/UI/Gizmo_Handle_Clicked.uasset" 3085
"../../../Engine/Content/VREditor/Sounds/UI/Object_PickUp.uasset" 3086
"../../../Engine/Content/VREditor/Sounds/UI/Object_Snaps_To_Another_Actor.uasset" 3087
"../../../Engine/Content/VREditor/Sounds/UI/Object_Snaps_To_Grid.uasset" 3088
"../../../Engine/Content/VREditor/Sounds/UI/Scaling_Down.uasset" 3089
"../../../Engine/Content/VREditor/Sounds/UI/Scaling_Up.uasset" 3090
"../../../Engine/Content/VREditor/Sounds/UI/Selection_Changes.uasset" 3091
"../../../Engine/Content/VREditor/TransformGizmo/PlaneTranslationHandle.uasset" 3092
"../../../Engine/Content/VREditor/TransformGizmo/RotationHandleFull.uasset" 3093
"../../../Engine/Content/VREditor/TransformGizmo/RotationHandleIndicator.uasset" 3094
"../../../Engine/Content/VREditor/TransformGizmo/RotationHandleQuarter.uasset" 3095
"../../../Engine/Content/VREditor/TransformGizmo/StartRotationHandleIndicator.uasset" 3096
"../../../Engine/Content/VREditor/TransformGizmo/TransformGizmoFreeRotation.uasset" 3097
"../../../Engine/Content/VREditor/TransformGizmo/TranslateArrowHandle.uasset" 3098
"../../../Engine/Content/VREditor/TransformGizmo/UniformScaleHandle.uasset" 3099
"../../../Engine/Content/Functions/Engine_MaterialFunctions02/Math/Transform3x3Matrix.uasset" 3100
"../../../Engine/Content/Functions/Engine_MaterialFunctions02/SplitComponents.uasset" 3101
"../../../Engine/Content/VREditor/TransformGizmo/TransformGizmoMaterial.uasset" 3102
"../../../Engine/Content/VREditor/TransformGizmo/TranslucentTransformGizmoMaterial.uasset" 3103
"../../../../CreationLayer/ZombieRepo/Content/Sounds/SoundSource/SoundControl/SFX_SFX.uasset" 3104
"../../../Engine/Content/VREditor/LaserPointer/VR_LaserPower_01.uasset" 3105
"/Engine/VREditor/TransformGizmo/BoundingBoxCorner" 3106
"../../../Engine/Content/VREditor/TransformGizmo/BoundingBoxCorner.uasset" 3107
"/Engine/VREditor/TransformGizmo/BoundingBoxEdge" 3108
"../../../Engine/Content/VREditor/TransformGizmo/BoundingBoxEdge.uasset" 3109
"/Engine/EditorMeshes/Camera/SM_CraneRig_Base" 3110
"../../../Engine/Content/EditorMeshes/Camera/SM_CraneRig_Base.uasset" 3111
"../../../Engine/Content/EditorMaterials/Camera/MI_CineMat_Rig.uasset" 3112
"../../../Engine/Content/EditorMaterials/Camera/CineMat.uasset" 3113
"/Engine/EditorMeshes/Camera/SM_CraneRig_Arm" 3114
"../../../Engine/Content/EditorMeshes/Camera/SM_CraneRig_Arm.uasset" 3115
"/Engine/EditorMeshes/Camera/SM_CraneRig_Mount" 3116
"../../../Engine/Content/EditorMeshes/Camera/SM_CraneRig_Mount.uasset" 3117
"/Engine/EditorMeshes/Camera/SM_CraneRig_Body" 3118
"../../../Engine/Content/EditorMeshes/Camera/SM_CraneRig_Body.uasset" 3119
"/Engine/EditorMeshes/Camera/SM_RailRig_Track" 3120
"../../../Engine/Content/EditorMeshes/Camera/SM_RailRig_Track.uasset" 3121
"/Engine/EditorMeshes/Camera/SM_RailRig_Mount" 3122
"../../../Engine/Content/EditorMeshes/Camera/SM_RailRig_Mount.uasset" 3123
"/Engine/ArtTools/RenderToTexture/Meshes/S_1_Unit_Plane" 3124
"../../../Engine/Content/ArtTools/RenderToTexture/Meshes/S_1_Unit_Plane.uasset" 3125
"/Engine/EngineDebugMaterials/M_SimpleUnlitTranslucent" 3126
"../../../Engine/Content/EngineDebugMaterials/M_SimpleUnlitTranslucent.uasset" 3127
"/Engine/EngineFonts/Roboto" 3128
"../../../Engine/Content/EngineFonts/Roboto.uasset" 3129
"../../../Engine/Content/EngineFonts/Faces/DroidSansFallback.uasset" 3130
"../../../Engine/Content/EngineFonts/Faces/RobotoBold.uasset" 3131
"../../../Engine/Content/EngineFonts/Faces/RobotoBoldItalic.uasset" 3132
"../../../Engine/Content/EngineFonts/Faces/RobotoItalic.uasset" 3133
"../../../Engine/Content/EngineFonts/Faces/RobotoLight.uasset" 3134
"../../../Engine/Content/EngineFonts/Faces/RobotoRegular.uasset" 3135
"/Engine/EditorMaterials/ParticleSystems/PSysThumbnail_NoImage" 3136
"../../../Engine/Content/EditorMaterials/ParticleSystems/PSysThumbnail_NoImage.uasset" 3137
"/Engine/EditorMaterials/ParticleSystems/PSysThumbnail_OOD" 3138
"../../../Engine/Content/EditorMaterials/ParticleSystems/PSysThumbnail_OOD.uasset" 3139
"/Engine/EditorLandscapeResources/SplineEditorMesh" 3140
"../../../Engine/Content/EditorLandscapeResources/SplineEditorMesh.uasset" 3141
"../../../Engine/Content/EditorLandscapeResources/SplineEditorMeshMat.uasset" 3142
"/Engine/EngineResources/LandscapeVisibilityLayerInfo" 3143
"../../../Engine/Content/EngineResources/LandscapeVisibilityLayerInfo.uasset" 3144
"/HairStrands/Materials/HairDebugMaterial" 3145
"../../Plugins/Runtime/HairStrands/Content/Materials/HairDebugMaterial.uasset" 3146
"../../../Engine/Content/Functions/Engine_MaterialFunctions02/Utility/MakeFloat2.uasset" 3147
"../../../Engine/Content/EngineMaterials/HairColorMap.uasset" 3148
"../../../Engine/Content/EngineMaterials/HairDebugColor.uasset" 3149
"../../Plugins/Runtime/HairStrands/Content/Materials/HairGroupColors.uasset" 3150
"/HairStrands/Materials/HairDefaultMaterial" 3151
"../../Plugins/Runtime/HairStrands/Content/Materials/HairDefaultMaterial.uasset" 3152
"/HairStrands/Materials/HairCardsDefaultMaterial" 3153
"../../Plugins/Runtime/HairStrands/Content/Materials/HairCardsDefaultMaterial.uasset" 3154
"/HairStrands/Materials/HairMeshesDefaultMaterial" 3155
"../../Plugins/Runtime/HairStrands/Content/Materials/HairMeshesDefaultMaterial.uasset" 3156
"/ACLPlugin/ACLAnimBoneCompressionSettings" 3157
"../../Plugins/Animation/ACLPlugin/Content/ACLAnimBoneCompressionSettings.uasset" 3158
"/Engine/Animation/DefaultRecorderBoneCompression" 3159
"../../../Engine/Content/Animation/DefaultRecorderBoneCompression.uasset" 3160
"/ACLPlugin/ACLAnimCurveCompressionSettings" 3161
"../../Plugins/Animation/ACLPlugin/Content/ACLAnimCurveCompressionSettings.uasset" 3162
"/Engine/Animation/DefaultVariableFrameStrippingSettings" 3163
"../../../Engine/Content/Animation/DefaultVariableFrameStrippingSettings.uasset" 3164
"/ControlRig/Controls/ControlRigXRayMaterial" 3165
"../../Plugins/Animation/ControlRig/Content/Controls/ControlRigXRayMaterial.uasset" 3166
"/ControlRig/Controls/DefaultGizmoLibraryNormalized" 3167
"../../Plugins/Animation/ControlRig/Content/Controls/DefaultGizmoLibraryNormalized.uasset" 3168
"/InterchangeAssets/gltf/MaterialBodies/MF_Default_Body" 3169
"../../Plugins/Interchange/Assets/Content/gltf/MaterialBodies/MF_Default_Body.uasset" 3170
"../../Plugins/Interchange/Assets/Content/gltf/MaterialFunctions/MF_BaseColor.uasset" 3171
"../../Plugins/Interchange/Assets/Content/gltf/MaterialFunctions/MF_Emissive.uasset" 3172
"../../Plugins/Interchange/Assets/Content/gltf/MaterialFunctions/MF_IOR.uasset" 3173
"../../Plugins/Interchange/Assets/Content/gltf/MaterialFunctions/MF_Iridescence.uasset" 3174
"../../Plugins/Interchange/Assets/Content/gltf/MaterialFunctions/MF_MetallicRoughness.uasset" 3175
"../../Plugins/Interchange/Assets/Content/gltf/MaterialFunctions/MF_Normals.uasset" 3176
"../../Plugins/Interchange/Assets/Content/gltf/MaterialFunctions/MF_Occlusion.uasset" 3177
"../../Plugins/Interchange/Assets/Content/gltf/MaterialFunctions/MF_ScaleNormal.uasset" 3178
"../../Plugins/Interchange/Assets/Content/gltf/MaterialFunctions/MF_Specular.uasset" 3179
"../../Plugins/Interchange/Assets/Content/gltf/MaterialFunctions/MF_SpecularAnisotropy.uasset" 3180
"../../Plugins/Interchange/Assets/Content/gltf/MaterialFunctions/MF_TransformUVs.uasset" 3181
"../../Plugins/Interchange/Assets/Content/gltf/Textures/T_Anisotropy_Direction_Linear.uasset" 3182
"../../Plugins/Interchange/Assets/Content/gltf/Textures/T_Generic_N.uasset" 3183
"../../Plugins/Interchange/Assets/Content/gltf/Textures/T_White_Linear.uasset" 3184
"../../Plugins/Interchange/Assets/Content/gltf/Textures/T_White_srgb.uasset" 3185
"../../Plugins/Interchange/Assets/Content/Functions/MF_Iridescence.uasset" 3186
"../../Plugins/Interchange/Assets/Content/gltf/MaterialFunctions/MF_RotateNormals_TS.uasset" 3187
"../../Plugins/Interchange/Assets/Content/gltf/MaterialFunctions/MF_RotateV2.uasset" 3188
"../../../Engine/Content/Functions/Engine_MaterialFunctions03/Math/RemapValueRange.uasset" 3189
"../../Plugins/Interchange/Assets/Content/Utilities/New_LUT.uasset" 3190
"/InterchangeAssets/gltf/MaterialBodies/MF_Unlit_Body" 3191
"../../Plugins/Interchange/Assets/Content/gltf/MaterialBodies/MF_Unlit_Body.uasset" 3192
"/InterchangeAssets/gltf/MaterialBodies/MF_ClearCoat_Body" 3193
"../../Plugins/Interchange/Assets/Content/gltf/MaterialBodies/MF_ClearCoat_Body.uasset" 3194
"../../Plugins/Interchange/Assets/Content/gltf/MaterialFunctions/MF_Clearcoat.uasset" 3195
"../../../Engine/Content/Functions/Engine_MaterialFunctions01/Texturing/FlattenNormal.uasset" 3196
"/InterchangeAssets/gltf/MaterialBodies/MF_Sheen_Body" 3197
"../../Plugins/Interchange/Assets/Content/gltf/MaterialBodies/MF_Sheen_Body.uasset" 3198
"../../Plugins/Interchange/Assets/Content/gltf/MaterialFunctions/MF_Sheen.uasset" 3199
"/InterchangeAssets/gltf/MaterialBodies/MF_Transmission_Body" 3200
"../../Plugins/Interchange/Assets/Content/gltf/MaterialBodies/MF_Transmission_Body.uasset" 3201
"../../Plugins/Interchange/Assets/Content/gltf/MaterialFunctions/MF_Fresnel_DS.uasset" 3202
"../../Plugins/Interchange/Assets/Content/gltf/MaterialFunctions/MF_Temporal_Blur.uasset" 3203
"../../Plugins/Interchange/Assets/Content/gltf/MaterialFunctions/MF_Transmission.uasset" 3204
"../../../Engine/Content/Functions/Engine_MaterialFunctions02/Texturing/ScreenAlignedPixelToPixelUVs.uasset" 3205
"../../../Engine/Content/EngineMaterials/Good64x64TilingNoiseHighFreq.uasset" 3206
"/InterchangeAssets/gltf/MaterialBodies/MF_SpecularGlossiness_Body" 3207
"../../Plugins/Interchange/Assets/Content/gltf/MaterialBodies/MF_SpecularGlossiness_Body.uasset" 3208
"../../Plugins/Interchange/Assets/Content/gltf/MaterialFunctions/MF_DiffuseSpecGloss.uasset" 3209
"../../Plugins/Interchange/Assets/Content/gltf/MaterialFunctions/MF_MaxComponentValue.uasset" 3210
"../../Plugins/Interchange/Assets/Content/gltf/MaterialFunctions/MF_SpecGlossToMetalRoughness.uasset" 3211
"../../Plugins/Interchange/Assets/Content/gltf/MaterialFunctions/MF_PerceivedBrightness.uasset" 3212
"../../../Engine/Content/Functions/Engine_MaterialFunctions02/Math/AddComponents.uasset" 3213
"/AudioWidgets/AudioMaterialSlate/MI_AudioMaterialToggleButton" 3214
"../../Plugins/Runtime/AudioWidgets/Content/AudioMaterialSlate/MI_AudioMaterialToggleButton.uasset" 3215
"../../Plugins/Runtime/AudioWidgets/Content/AudioMaterialSlate/M_AudioMaterialToggleButton.uasset" 3216
"../../Plugins/Runtime/AudioWidgets/Content/AudioMaterialSlate/Functions/MF_AngleGradient.uasset" 3217
"../../Plugins/Runtime/AudioWidgets/Content/AudioMaterialSlate/Functions/MF_SingleLine.uasset" 3218
"../../Plugins/Runtime/AudioWidgets/Content/AudioMaterialSlate/Functions/MF_SingleLine_Smooth.uasset" 3219
"../../../Engine/Content/Functions/Engine_MaterialFunctions01/Gradient/SphereGradient-2D.uasset" 3220
"../../../Engine/Content/Functions/Engine_MaterialFunctions01/Texturing/ScaleUVsByCenter.uasset" 3221
"../../../Engine/Content/Functions/Engine_MaterialFunctions02/Texturing/CustomRotator.uasset" 3222
"/AudioWidgets/Resources/ScrubHandleDown_Clamped" 3223
"../../Plugins/Runtime/AudioWidgets/Content/Resources/ScrubHandleDown_Clamped.uasset" 3224
"/AudioWidgets/AudioMaterialSlate/MI_AudioMaterialKnob" 3225
"../../Plugins/Runtime/AudioWidgets/Content/AudioMaterialSlate/MI_AudioMaterialKnob.uasset" 3226
"../../Plugins/Runtime/AudioWidgets/Content/AudioMaterialSlate/M_AudioMaterialKnob.uasset" 3227
"../../../Engine/Content/Functions/Engine_MaterialFunctions02/Lerp_3Color.uasset" 3228
"/AudioWidgets/AudioMaterialSlate/MI_AudioMaterialMeter" 3229
"../../Plugins/Runtime/AudioWidgets/Content/AudioMaterialSlate/MI_AudioMaterialMeter.uasset" 3230
"../../Plugins/Runtime/AudioWidgets/Content/AudioMaterialSlate/M_AudioMaterialMeter.uasset" 3231
"../../Plugins/Runtime/AudioWidgets/Content/AudioMaterialSlate/Functions/MF_Lines.uasset" 3232
"/AudioWidgets/AudioMaterialSlate/MI_AudioMaterialEnvelope_ADSR" 3233
"../../Plugins/Runtime/AudioWidgets/Content/AudioMaterialSlate/MI_AudioMaterialEnvelope_ADSR.uasset" 3234
"../../Plugins/Runtime/AudioWidgets/Content/AudioMaterialSlate/M_AudioMaterialEnvelope_ADSR.uasset" 3235
"../../Plugins/Runtime/AudioWidgets/Content/AudioMaterialSlate/Functions/MF_DotOutlined.uasset" 3236
"../../../Engine/Content/Functions/Engine_MaterialFunctions01/Gradient/GeneratedRoundRect.uasset" 3237
"../../../Engine/Content/Functions/Engine_MaterialFunctions02/Utility/VectorLength.uasset" 3238
"/AudioWidgets/AudioMaterialSlate/MI_AudioMaterialRoundedSlider" 3239
"../../Plugins/Runtime/AudioWidgets/Content/AudioMaterialSlate/MI_AudioMaterialRoundedSlider.uasset" 3240
"../../Plugins/Runtime/AudioWidgets/Content/AudioMaterialSlate/M_AudioMaterialRoundedSlider.uasset" 3241
"/Paper2D/MaskedUnlitSpriteMaterial" 3242
"../../Plugins/2D/Paper2D/Content/MaskedUnlitSpriteMaterial.uasset" 3243
"../../Plugins/2D/Paper2D/Content/DefaultSpriteMaterial.uasset" 3244
"../../Plugins/2D/Paper2D/Content/PlaceholderTextures/DummySpriteTexture.uasset" 3245
"/Paper2D/OpaqueUnlitSpriteMaterial" 3246
"../../Plugins/2D/Paper2D/Content/OpaqueUnlitSpriteMaterial.uasset" 3247
"/Paper2D/DefaultPaperTerrainMaterial" 3248
"../../Plugins/2D/Paper2D/Content/DefaultPaperTerrainMaterial.uasset" 3249
"../../Plugins/2D/Paper2D/Content/DummySprite.uasset" 3250
"/ControlRig/M_Manip" 3251
"../../Plugins/Animation/ControlRig/Content/M_Manip.uasset" 3252
"../../../Engine/Content/Functions/Engine_MaterialFunctions02/WorldPositionOffset/CameraOffset.uasset" 3253
"/SpeedTreeImporter/SpeedTree9/SpeedTreeMaster" 3254
"../../Plugins/Editor/SpeedTreeImporter/Content/SpeedTree9/SpeedTreeMaster.uasset" 3255
"../../../Engine/Content/Functions/Engine_MaterialFunctions02/ObjectLocalBounds.uasset" 3256
"../../../Engine/Content/Functions/Engine_MaterialFunctions02/SafeNormalize.uasset" 3257
"../../../Engine/Content/Functions/Engine_MaterialFunctions02/UVs/BoundingBoxBased_0-1_UVW.uasset" 3258
"../../../Engine/Content/Functions/Engine_MaterialFunctions02/WorldPositionOffset/ObjectScale.uasset" 3259
"../../Plugins/Editor/SpeedTreeImporter/Content/SpeedTree9/SpeedTreeBranchMotion.uasset" 3260
"../../Plugins/Editor/SpeedTreeImporter/Content/SpeedTree9/SpeedTreeCameraFacing.uasset" 3261
"../../Plugins/Editor/SpeedTreeImporter/Content/SpeedTree9/SpeedTreeWind.uasset" 3262
"../../Plugins/Editor/SpeedTreeImporter/Content/SpeedTree9/SpeedTreeWindMotion.uasset" 3263
"../../Plugins/Editor/SpeedTreeImporter/Content/SpeedTree9/UnpackDirection.uasset" 3264
"../../Plugins/Editor/SpeedTreeImporter/Content/SpeedTree9/UnpackInteger3.uasset" 3265
"../../Plugins/Editor/SpeedTreeImporter/Content/SpeedTree9/Empty.uasset" 3266
"../../Plugins/Editor/SpeedTreeImporter/Content/SpeedTree9/EmptyNormal.uasset" 3267
"../../Plugins/Editor/SpeedTreeImporter/Content/SpeedTree9/game_wind_noise.uasset" 3268
"/SpeedTreeImporter/SpeedTree9/SpeedTreeBillboardMaster" 3269
"../../Plugins/Editor/SpeedTreeImporter/Content/SpeedTree9/SpeedTreeBillboardMaster.uasset" 3270
"../../Plugins/Editor/SpeedTreeImporter/Content/SpeedTree9/SpeedTreeBillboard.uasset" 3271
"Z:/UE_5.5/Engine/Binaries/ThirdParty/USD/UsdResources/Win64/plugins/plugInfo.json" 3272
"Z:/UE_5.5/Engine/Binaries/ThirdParty/USD/UsdResources/Win64/plugins/glf/resources/plugInfo.json" 3273
"Z:/UE_5.5/Engine/Binaries/ThirdParty/USD/UsdResources/Win64/plugins/usdGeom/resources/plugInfo.json" 3274
"Z:/UE_5.5/Engine/Binaries/ThirdParty/USD/UsdResources/Win64/plugins/hd/resources/plugInfo.json" 3275
"Z:/UE_5.5/Engine/Binaries/ThirdParty/USD/UsdResources/Win64/plugins/usdImaging/resources/plugInfo.json" 3276
"Z:/UE_5.5/Engine/Binaries/ThirdParty/USD/UsdResources/Win64/plugins/usdSkel/resources/plugInfo.json" 3277
"Z:/UE_5.5/Engine/Binaries/ThirdParty/USD/UsdResources/Win64/plugins/usdSkelImaging/resources/plugInfo.json" 3278
"Z:/UE_5.5/Engine/Binaries/ThirdParty/USD/UsdResources/Win64/plugins/usdUI/resources/plugInfo.json" 3279
"Z:/UE_5.5/Engine/Binaries/ThirdParty/USD/UsdResources/Win64/plugins/hdGp/resources/plugInfo.json" 3280
"Z:/UE_5.5/Engine/Binaries/ThirdParty/USD/UsdResources/Win64/plugins/usdShaders/resources/plugInfo.json" 3281
"Z:/UE_5.5/Engine/Binaries/ThirdParty/USD/UsdResources/Win64/plugins/usdHydra/resources/plugInfo.json" 3282
"Z:/UE_5.5/Engine/Binaries/ThirdParty/USD/UsdResources/Win64/plugins/usdImagingGL/resources/plugInfo.json" 3283
"Z:/UE_5.5/Engine/Binaries/ThirdParty/USD/UsdResources/Win64/plugins/usdMtlx/resources/plugInfo.json" 3284
"Z:/UE_5.5/Engine/Binaries/ThirdParty/USD/UsdResources/Win64/plugins/usdVolImaging/resources/plugInfo.json" 3285
"Z:/UE_5.5/Engine/Binaries/ThirdParty/USD/UsdResources/Win64/plugins/hdx/resources/plugInfo.json" 3286
"Z:/UE_5.5/Engine/Binaries/ThirdParty/USD/UsdResources/Win64/plugins/hdSt/resources/plugInfo.json" 3287
"Z:/UE_5.5/Engine/Binaries/ThirdParty/USD/UsdResources/Win64/plugins/hdStorm/resources/plugInfo.json" 3288
"Z:/UE_5.5/Engine/Binaries/ThirdParty/USD/UsdResources/Win64/plugins/usdLux/resources/plugInfo.json" 3289
"Z:/UE_5.5/Engine/Binaries/ThirdParty/USD/UsdResources/Win64/plugins/usdVol/resources/plugInfo.json" 3290
"Z:/UE_5.5/Engine/Binaries/ThirdParty/USD/UsdResources/Win64/plugins/hgiGL/resources/plugInfo.json" 3291
"Z:/UE_5.5/Engine/Binaries/ThirdParty/USD/UsdResources/Win64/plugins/hio/resources/plugInfo.json" 3292
"Z:/UE_5.5/Engine/Binaries/ThirdParty/USD/UsdResources/Win64/plugins/sdrGlslfx/resources/plugInfo.json" 3293
"Z:/UE_5.5/Engine/Binaries/ThirdParty/USD/UsdResources/Win64/plugins/ndr/resources/plugInfo.json" 3294
"Z:/UE_5.5/Engine/Binaries/ThirdParty/USD/UsdResources/Win64/plugins/usdRi/resources/plugInfo.json" 3295
"Z:/UE_5.5/Engine/Binaries/ThirdParty/USD/UsdResources/Win64/plugins/sdf/resources/plugInfo.json" 3296
"Z:/UE_5.5/Engine/Binaries/ThirdParty/USD/UsdResources/Win64/plugins/unreal/resources/plugInfo.json" 3297
"Z:/UE_5.5/Engine/Binaries/ThirdParty/USD/UsdResources/Win64/plugins/usdPhysics/resources/plugInfo.json" 3298
"Z:/UE_5.5/Engine/Binaries/ThirdParty/USD/UsdResources/Win64/plugins/usdAbc/resources/plugInfo.json" 3299
"Z:/UE_5.5/Engine/Binaries/ThirdParty/USD/UsdResources/Win64/plugins/usdProcImaging/resources/plugInfo.json" 3300
"Z:/UE_5.5/Engine/Binaries/ThirdParty/USD/UsdResources/Win64/plugins/usdShade/resources/plugInfo.json" 3301
"Z:/UE_5.5/Engine/Binaries/ThirdParty/USD/UsdResources/Win64/plugins/usdProc/resources/plugInfo.json" 3302
"Z:/UE_5.5/Engine/Binaries/ThirdParty/USD/UsdResources/Win64/plugins/ar/resources/plugInfo.json" 3303
"Z:/UE_5.5/Engine/Binaries/ThirdParty/USD/UsdResources/Win64/plugins/usdRender/resources/plugInfo.json" 3304
"Z:/UE_5.5/Engine/Binaries/ThirdParty/USD/UsdResources/Win64/plugins/usd/resources/plugInfo.json" 3305
"Z:/UE_5.5/Engine/Binaries/ThirdParty/USD/UsdResources/Win64/plugins/usdRiPxrImaging/resources/plugInfo.json" 3306
"Z:/UE_5.5/Engine/Binaries/ThirdParty/USD/UsdResources/Win64/plugins/usdMedia/resources/plugInfo.json" 3307
"Z:/UE_5.5/Engine/Binaries/ThirdParty/USD/UsdResources/Win64/plugins/usd/resources/codegenTemplates/plugInfo.json" 3308
"/MediaPlate/SM_MediaPlateScreen" 3309
"../../Plugins/Media/MediaPlate/Content/SM_MediaPlateScreen.uasset" 3310
"/Engine/BasicShapes/BasicShapeMaterial" 3311
"../../../Engine/Content/BasicShapes/BasicShapeMaterial.uasset" 3312
"/Engine/EditorMaterials/Dataflow/DataflowVertexMaterial" 3313
"../../../Engine/Content/EditorMaterials/Dataflow/DataflowVertexMaterial.uasset" 3314
"/Engine/EditorMaterials/Dataflow/DataflowTwoSidedVertexMaterial" 3315
"../../../Engine/Content/EditorMaterials/Dataflow/DataflowTwoSidedVertexMaterial.uasset" 3316
"C:/Users/bizza/AppData/Local/UnrealEngine/Editor/UInteractiveToolsPresetCollectionAsset_DefaultCollection.json" 3317
"/Engine/EngineMaterials/NaniteHiddenSectionMaterial" 3318
"../../../Engine/Content/EngineMaterials/NaniteHiddenSectionMaterial.uasset" 3319
"/Engine/EngineMaterials/RemoveSurfaceMaterial" 3320
"../../../Engine/Content/EngineMaterials/RemoveSurfaceMaterial.uasset" 3321
"/Engine/EngineDebugMaterials/DebugMeshMaterial" 3322
"../../../Engine/Content/EngineDebugMaterials/DebugMeshMaterial.uasset" 3323
"/Engine/EngineMaterials/EmissiveMeshMaterial" 3324
"../../../Engine/Content/EngineMaterials/EmissiveMeshMaterial.uasset" 3325
"../../../Engine/Content/EngineMaterials/DefaultWhiteGrid_Low.uasset" 3326
"/Engine/EngineMaterials/M_InvalidLightmapSettings" 3327
"../../../Engine/Content/EngineMaterials/M_InvalidLightmapSettings.uasset" 3328
"../../../Engine/Content/EngineMaterials/InvalidLightmapSettings.uasset" 3329
"/Engine/EngineMaterials/GizmoMaterial" 3330
"../../../Engine/Content/EngineMaterials/GizmoMaterial.uasset" 3331
"/Engine/EngineMaterials/PhAT_JointLimitMaterial" 3332
"../../../Engine/Content/EngineMaterials/PhAT_JointLimitMaterial.uasset" 3333
"/Engine/EngineMaterials/FlattenMaterial" 3334
"../../../Engine/Content/EngineMaterials/FlattenMaterial.uasset" 3335
"../../../Engine/Content/EngineMaterials/BaseFlattenDiffuseMap.uasset" 3336
"../../../Engine/Content/EngineMaterials/BaseFlattenEmissiveMap.uasset" 3337
"../../../Engine/Content/EngineMaterials/BaseFlattenGrayscaleMap.uasset" 3338
"../../../Engine/Content/EngineMaterials/BaseFlattenLinearColor.uasset" 3339
"../../../Engine/Content/EngineMaterials/BaseFlattenNormalMap.uasset" 3340
"../../../Engine/Content/Functions/Engine_MaterialFunctions02/PivotPainter2/Black_1x1_EXR_Texture.uasset" 3341
"/Engine/EngineMaterials/FlattenMaterial_VT" 3342
"../../../Engine/Content/EngineMaterials/FlattenMaterial_VT.uasset" 3343
"../../../Engine/Content/EngineMaterials/BaseFlattenDiffuseMap_VT.uasset" 3344
"../../../Engine/Content/EngineMaterials/BaseFlattenEmissiveMap_VT.uasset" 3345
"../../../Engine/Content/EngineMaterials/BaseFlattenGrayscaleMap_VT.uasset" 3346
"../../../Engine/Content/EngineMaterials/BaseFlattenLinearColor_VT.uasset" 3347
"../../../Engine/Content/EngineMaterials/BaseFlattenNormalMap_VT.uasset" 3348
"../../../Engine/Content/EngineMaterials/Black_1x1_EXR_Texture_VT.uasset" 3349
"/Engine/EngineMaterials/FlattenMaterial_WS_Normal_VT" 3350
"../../../Engine/Content/EngineMaterials/FlattenMaterial_WS_Normal_VT.uasset" 3351
"/Engine/EngineMaterials/DefaultBokeh" 3352
"../../../Engine/Content/EngineMaterials/DefaultBokeh.uasset" 3353
"/Engine/EngineMaterials/MiniFont" 3354
"../../../Engine/Content/EngineMaterials/MiniFont.uasset" 3355
"/Engine/EngineMaterials/WeightMapPlaceholderTexture" 3356
"../../../Engine/Content/EngineMaterials/WeightMapPlaceholderTexture.uasset" 3357
"/Engine/EngineMaterials/WeightMapArrayPlaceholderTexture" 3358
"../../../Engine/Content/EngineMaterials/WeightMapArrayPlaceholderTexture.uasset" 3359
"/Engine/EngineMaterials/DefaultWhiteGrid" 3360
"../../../Engine/Content/EngineMaterials/DefaultWhiteGrid.uasset" 3361
"/Engine/EngineMaterials/PreintegratedSkinBRDF" 3362
"../../../Engine/Content/EngineMaterials/PreintegratedSkinBRDF.uasset" 3363
"/Engine/EngineMaterials/LTC/GGX_LTCAmp" 3364
"../../../Engine/Content/EngineMaterials/LTC/GGX_LTCAmp.uasset" 3365
"/Engine/EngineMaterials/LTC/GGX_LTCMat" 3366
"../../../Engine/Content/EngineMaterials/LTC/GGX_LTCMat.uasset" 3367
"/Engine/EngineMaterials/EnergyConservation/GGX_ReflectionEnergy" 3368
"../../../Engine/Content/EngineMaterials/EnergyConservation/GGX_ReflectionEnergy.uasset" 3369
"/Engine/EngineMaterials/EnergyConservation/GGX_TransmissionEnergyArray" 3370
"../../../Engine/Content/EngineMaterials/EnergyConservation/GGX_TransmissionEnergyArray.uasset" 3371
"/Engine/EngineMaterials/EnergyConservation/SheenLegacy_Energy" 3372
"../../../Engine/Content/EngineMaterials/EnergyConservation/SheenLegacy_Energy.uasset" 3373
"/Engine/EngineMaterials/DefaultPhysicalMaterial" 3374
"../../../Engine/Content/EngineMaterials/DefaultPhysicalMaterial.uasset" 3375
"/Engine/EngineMaterials/DefaultDestructiblePhysicalMaterial" 3376
"../../../Engine/Content/EngineMaterials/DefaultDestructiblePhysicalMaterial.uasset" 3377
"/MeshModelingToolset/Materials/M_DynamicMeshComponentVtxColor" 3378
"../../Plugins/Runtime/MeshModelingToolset/Content/Materials/M_DynamicMeshComponentVtxColor.uasset" 3379
"/Niagara/ParameterDefinitions/SpriteRenderer" 3380
"../../Plugins/FX/Niagara/Content/ParameterDefinitions/SpriteRenderer.uasset" 3381
"/Niagara/ParameterDefinitions/RibbonRenderer" 3382
"../../Plugins/FX/Niagara/Content/ParameterDefinitions/RibbonRenderer.uasset" 3383
"/Niagara/ParameterDefinitions/MeshRenderer" 3384
"../../Plugins/FX/Niagara/Content/ParameterDefinitions/MeshRenderer.uasset" 3385
"/Niagara/ParameterDefinitions/LightRenderer" 3386
"../../Plugins/FX/Niagara/Content/ParameterDefinitions/LightRenderer.uasset" 3387
"/Niagara/ParameterDefinitions/DecalRenderer" 3388
"../../Plugins/FX/Niagara/Content/ParameterDefinitions/DecalRenderer.uasset" 3389
"/Niagara/ParameterDefinitions/CoreParameters" 3390
"../../Plugins/FX/Niagara/Content/ParameterDefinitions/CoreParameters.uasset" 3391
"/DeformerGraph/Deformers/DG_LinearBlendSkin_Morph_Cloth" 3392
"../../Plugins/Animation/DeformerGraph/Content/Deformers/DG_LinearBlendSkin_Morph_Cloth.uasset" 3393
"/DeformerGraph/DeformerFunctions/DG_Function_LinearBlendSkin_Morph_Cloth" 3394
"../../Plugins/Animation/DeformerGraph/Content/DeformerFunctions/DG_Function_LinearBlendSkin_Morph_Cloth.uasset" 3395
"/DeformerGraph/Deformers/DG_LinearBlendSkin_Morph_Cloth_RecomputeNormals" 3396
"../../Plugins/Animation/DeformerGraph/Content/Deformers/DG_LinearBlendSkin_Morph_Cloth_RecomputeNormals.uasset" 3397
"/DeformerGraph/DeformerFunctions/DG_Function_LinearBlendSkin_Morph_Cloth_PositionOnly" 3398
"../../Plugins/Animation/DeformerGraph/Content/DeformerFunctions/DG_Function_LinearBlendSkin_Morph_Cloth_PositionOnly.uasset" 3399
"/DeformerGraph/DeformerFunctions/DG_Function_ComputeNormalsTangents" 3400
"../../Plugins/Animation/DeformerGraph/Content/DeformerFunctions/DG_Function_ComputeNormalsTangents.uasset" 3401
"/Engine/BasicShapes/Cube" 3402
"../../../Engine/Content/BasicShapes/Cube.uasset" 3403
"/Engine/BasicShapes/Sphere" 3404
"../../../Engine/Content/BasicShapes/Sphere.uasset" 3405
"../../../Engine/Content/EngineMaterials/DefaultMaterial.uasset" 3406
"/Engine/BasicShapes/Cylinder" 3407
"../../../Engine/Content/BasicShapes/Cylinder.uasset" 3408
"/Engine/BasicShapes/Cone" 3409
"../../../Engine/Content/BasicShapes/Cone.uasset" 3410
"/Engine/BasicShapes/Plane" 3411
"../../../Engine/Content/BasicShapes/Plane.uasset" 3412
"../../../Engine/Documentation/Source/Shared/Types/ABrush/ABrush.INT.udn" 3413
"../../../Engine/Content/Internationalization/icudt64l/brkitr/en_US.res" 3414
"../../../Engine/Content/Internationalization/icudt64l/brkitr/en.res" 3415
"../../../Engine/Content/Internationalization/icudt64l/brkitr/root.res" 3416
"../../../Engine/Content/Internationalization/icudt64l/brkitr/char.brk" 3417
"../../../Engine/Content/Internationalization/icudt64l/brkitr/word.brk" 3418
"/Engine/EditorResources/SequenceRecorder/Countdown" 3419
"../../../Engine/Content/EditorResources/SequenceRecorder/Countdown.uasset" 3420
"/Engine/EditorResources/SequenceRecorder/RecordingIndicator" 3421
"../../../Engine/Content/EditorResources/SequenceRecorder/RecordingIndicator.uasset" 3422
"/Engine/EditorMaterials/PhAT_UnselectedMaterial" 3423
"../../../Engine/Content/EditorMaterials/PhAT_UnselectedMaterial.uasset" 3424
"/Engine/EditorMaterials/PhAT_NoCollisionMaterial" 3425
"../../../Engine/Content/EditorMaterials/PhAT_NoCollisionMaterial.uasset" 3426
"/Engine/EditorLandscapeResources/DefaultAlphaTexture" 3427
"../../../Engine/Content/EditorLandscapeResources/DefaultAlphaTexture.uasset" 3428
"/Engine/EditorResources/S_Terrain" 3429
"../../../Engine/Content/EditorResources/S_Terrain.uasset" 3430
"../../../Engine/Plugins/FX/Niagara/Shaders/Private/NiagaraDataInterfaceTexture2DArrayTemplate.ush" 3431
"../../../Engine/Plugins/FX/Niagara/Shaders/Private/NiagaraDataInterfaceActorComponentTemplate.ush" 3432
"../../../Engine/Plugins/FX/Niagara/Shaders/Private/NiagaraDataInterfaceArrayTemplate.ush" 3433
"../../../Engine/Plugins/FX/Niagara/Shaders/Private/NiagaraDataInterfaceArrayRWTemplate.ush" 3434
"../../../Engine/Plugins/FX/Niagara/Shaders/Private/NiagaraDataInterfaceAsyncGpuTrace.ush" 3435
"../../../Engine/Plugins/FX/Niagara/Shaders/Private/NiagaraDataInterfaceAsyncGpuTraceTemplate.ush" 3436
"../../../Engine/Plugins/FX/Niagara/Shaders/Private/NiagaraDataInterfaceCamera.ush" 3437
"../../../Engine/Plugins/Experimental/ChaosNiagara/Shaders/NiagaraDataInterfaceChaosDestruction.ush" 3438
"../../../Engine/Plugins/FX/Niagara/Shaders/Private/NiagaraDataInterfaceCollisionQuery.ush" 3439
"Z:/CreationLayer/ZombieRepo/Intermediate/ShaderAutogen/PCD3D_SM5/AutogenShaderHeaders.ush" 3440
"../../../Engine/Plugins/FX/Niagara/Shaders/Private/NiagaraDataInterfaceCollisionQueryTemplate.ush" 3441
"../../../Engine/Plugins/FX/Niagara/Shaders/Private/NiagaraDataInterfaceCurveTemplate.ush" 3442
"../../../Engine/Plugins/FX/Niagara/Shaders/Private/NiagaraDataInterfaceCubeTextureTemplate.ush" 3443
"../../../Engine/Plugins/FX/Niagara/Shaders/Private/DataChannel/NiagaraDataInterfaceDataChannelCommon.ush" 3444
"../../../Engine/Plugins/FX/Niagara/Shaders/Private/DataChannel/NiagaraDataInterfaceDataChannelTemplateCommon.ush" 3445
"../../../Engine/Plugins/FX/Niagara/Shaders/Private/DataChannel/NiagaraDataInterfaceDataChannelTemplateReadCommon.ush" 3446
"../../../Engine/Plugins/FX/Niagara/Shaders/Private/DataChannel/NiagaraDataInterfaceDataChannelTemplate_Read.ush" 3447
"../../../Engine/Plugins/FX/Niagara/Shaders/Private/DataChannel/NiagaraDataInterfaceDataChannelTemplate_Consume.ush" 3448
"../../../Engine/Plugins/FX/Niagara/Shaders/Private/DataChannel/NiagaraDataInterfaceDataChannelTemplateWriteCommon.ush" 3449
"../../../Engine/Plugins/FX/Niagara/Shaders/Private/DataChannel/NiagaraDataInterfaceDataChannelTemplate_Append.ush" 3450
"../../../Engine/Plugins/FX/Niagara/Shaders/Private/NiagaraDataInterfaceDebugDraw.ush" 3451
"../../../Engine/Plugins/FX/Niagara/Shaders/Private/NiagaraDataInterfaceDebugDrawTemplate.ush" 3452
"../../../Engine/Plugins/FX/Niagara/Shaders/Private/NiagaraDataInterfaceDynamicMeshTemplate.ush" 3453
"../../../Engine/Plugins/FX/Niagara/Shaders/Private/NiagaraDataInterfaceEmitterPropertiesTemplate.ush" 3454
"../../../Engine/Plugins/FX/Niagara/Shaders/Private/NiagaraDataInterfaceExportTemplate.ush" 3455
"../../../Engine/Plugins/FX/Niagara/Shaders/Private/NiagaraDataInterfaceGBufferTemplate.ush" 3456
"../../../Engine/Plugins/Experimental/ChaosNiagara/Shaders/NiagaraDataInterfaceGeometryCollection.ush" 3457
"../../../Engine/Plugins/FX/Niagara/Shaders/Private/NiagaraTransformUtils.ush" 3458
"../../../Engine/Plugins/Runtime/HairStrands/Shaders/Private/NiagaraStrandsExternalForce.ush" 3459
"../../../Engine/Plugins/Runtime/HairStrands/Shaders/Private/NiagaraHookeSpringMaterial.ush" 3460
"../../../Engine/Plugins/Runtime/HairStrands/Shaders/Private/NiagaraAngularSpringMaterial.ush" 3461
"../../../Engine/Plugins/Runtime/HairStrands/Shaders/Private/NiagaraConstantVolumeMaterial.ush" 3462
"../../../Engine/Plugins/Runtime/HairStrands/Shaders/Private/NiagaraCosseratRodMaterial.ush" 3463
"../../../Engine/Plugins/Runtime/HairStrands/Shaders/Private/NiagaraStaticCollisionConstraint.ush" 3464
"../../../Engine/Plugins/Runtime/HairStrands/Shaders/Private/NiagaraDataInterfaceHairStrands.ush" 3465
"../../../Engine/Plugins/Runtime/HairStrands/Shaders/Private/NiagaraDataInterfaceHairStrandsTemplate.ush" 3466
"../../../Engine/Plugins/FX/Niagara/Shaders/Private/NiagaraDataInterfaceIntRenderTarget2D.ush" 3467
"../../../Engine/Plugins/FX/Niagara/Shaders/Private/NiagaraDataInterfaceLandscape.ush" 3468
"../../../Engine/Plugins/FX/Niagara/Shaders/Private/NiagaraDataInterfaceMemoryBufferTemplate.ush" 3469
"../../../Engine/Plugins/FX/Niagara/Shaders/Private/NiagaraDataInterfaceMeshRendererInfoTemplate.ush" 3470
"../../../Engine/Plugins/FX/Niagara/Shaders/Private/NiagaraDataInterfaceOcclusion.ush" 3471
"../../../Engine/Plugins/FX/Niagara/Shaders/Private/NiagaraDataInterfacePhysicsAsset.ush" 3472
"../../../Engine/Plugins/Experimental/ChaosNiagara/Shaders/NiagaraDataInterfacePhysicsField.ush" 3473
"../../../Engine/Plugins/FX/Niagara/Shaders/Private/NiagaraDataInterfacePlatformSetTemplate.ush" 3474
"../../../Engine/Plugins/Runtime/HairStrands/Shaders/Private/NiagaraDataInterfaceVelocityGrid.ush" 3475
"../../../Engine/Plugins/Runtime/HairStrands/Shaders/Private/NiagaraDataInterfaceVelocityGridTemplate.ush" 3476
"../../../Engine/Plugins/Runtime/HairStrands/Shaders/Private/NiagaraDataInterfacePressureGrid.ush" 3477
"../../../Engine/Plugins/Runtime/HairStrands/Shaders/Private/NiagaraDataInterfacePressureGridTemplate.ush" 3478
"../../../Engine/Plugins/FX/Niagara/Shaders/Private/NiagaraDataInterfaceRenderTarget2DTemplate.ush" 3479
"../../../Engine/Plugins/FX/Niagara/Shaders/Private/NiagaraDataInterfaceRenderTarget2DArrayTemplate.ush" 3480
"../../../Engine/Plugins/FX/Niagara/Shaders/Private/NiagaraDataInterfaceRenderTargetCubeTemplate.ush" 3481
"../../../Engine/Plugins/FX/Niagara/Shaders/Private/NiagaraDataInterfaceRenderTargetVolumeTemplate.ush" 3482
"../../../Engine/Plugins/FX/Niagara/Shaders/Private/NiagaraDataInterfaceRigidMeshCollisionQuery.ush" 3483
"../../../Engine/Plugins/FX/Niagara/Shaders/Private/NiagaraDistanceFieldQueries.ush" 3484
"../../../Engine/Plugins/FX/Niagara/Shaders/Private/NiagaraDataInterfaceSceneCapture2DTemplate.ush" 3485
"../../../Engine/Plugins/FX/Niagara/Shaders/Private/NiagaraDataInterfaceSimCacheReaderTemplate.ush" 3486
"../../../Engine/Plugins/FX/Niagara/Shaders/Private/NiagaraDataInterfaceSimpleCounterTemplate.ush" 3487
"../../../Engine/Plugins/FX/Niagara/Shaders/Private/NiagaraDataInterfaceSkeletalMesh.ush" 3488
"../../../Engine/Plugins/FX/Niagara/Shaders/Private/NiagaraBaryCentricUtils.ush" 3489
"../../../Engine/Plugins/FX/Niagara/Shaders/Private/NiagaraDataInterfaceSkeletalMeshTemplate.ush" 3490
"../../../Engine/Plugins/FX/Niagara/Shaders/Private/NiagaraDataInterfaceSocketReaderTemplate.ush" 3491
"../../../Engine/Plugins/FX/Niagara/Shaders/Private/NiagaraDataInterfaceSparseVolumeTextureTemplate.ush" 3492
"../../../Engine/Plugins/FX/Niagara/Shaders/Private/NiagaraDataInterfaceSplineTemplate.ush" 3493
"../../../Engine/Plugins/FX/Niagara/Shaders/Private/NiagaraDataInterfaceSpriteRendererInfoTemplate.ush" 3494
"../../../Engine/Plugins/FX/Niagara/Shaders/Private/NiagaraDataInterfaceStaticMeshTemplate.ush" 3495
"../../../Engine/Plugins/FX/Niagara/Shaders/Private/NiagaraDataInterfaceTextureTemplate.ush" 3496
"../../../Engine/Plugins/FX/Niagara/Shaders/Private/NiagaraDataInterfaceVirtualTexture.ush" 3497
"../../../Engine/Plugins/FX/Niagara/Shaders/Private/NiagaraDataInterfaceVirtualTextureTemplate.ush" 3498
"../../../Engine/Plugins/FX/Niagara/Shaders/Private/NiagaraDataInterfaceVolumeCache.ush" 3499
"../../../Engine/Plugins/FX/Niagara/Shaders/Private/NiagaraDataInterfaceVolumeTextureTemplate.ush" 3500
"../../../../CreationLayer/ZombieRepo/Intermediate/ShaderAutogen/PCD3D_SM5/AutogenShaderHeaders.ush" 3501
"../../../Engine/Plugins/Animation/ControlRig/Content/Controls/ControlRigGizmoMaterial.uasset" 3502
"../../../Engine/Plugins/Interchange/Assets/Content/Functions/MX_AnisotropicVDF.uasset" 3503
"../../../Engine/Plugins/Interchange/Assets/Content/Functions/MX_ConductorBSDF.uasset" 3504
"../../../Engine/Plugins/Interchange/Assets/Content/Functions/MX_ConicalEDF.uasset" 3505
"../../../Engine/Plugins/Interchange/Assets/Content/Functions/MX_BurleyDiffuseBSDF.uasset" 3506
"../../../Engine/Plugins/Interchange/Assets/Content/Functions/MX_MeasuredEDF.uasset" 3507
"../../../Engine/Plugins/Interchange/Assets/Content/Functions/MX_DielectricBSDF.uasset" 3508
"../../../Engine/Plugins/Interchange/Assets/Content/Functions/MX_GeneralizedSchlickBSDF.uasset" 3509
"../../../Engine/Plugins/Interchange/Assets/Content/Functions/MX_UniformEDF.uasset" 3510
"../../../Engine/Plugins/Interchange/Assets/Content/Functions/MX_TranslucentBSDF.uasset" 3511
"../../../Engine/Plugins/Interchange/Assets/Content/Functions/MX_OrenNayarBSDF.uasset" 3512
"../../../Engine/Plugins/Interchange/Assets/Content/Functions/MX_ThinFilmBSDF.uasset" 3513
"../../../Engine/Plugins/Interchange/Assets/Content/Functions/MX_AbsorptionVDF.uasset" 3514
"../../../Engine/Plugins/Interchange/Assets/Content/Functions/MX_UsdPreviewSurface.uasset" 3515
"../../../Engine/Plugins/Interchange/Assets/Content/Functions/MX_SurfaceUnlit.uasset" 3516
"../../../Engine/Plugins/Interchange/Assets/Content/Functions/MX_SheenBSDF.uasset" 3517
"../../../Engine/Plugins/Interchange/Assets/Content/Functions/MX_SubsurfaceBSDF.uasset" 3518
"../../../Engine/Plugins/Interchange/Runtime/Content/Pipelines/DefaultGLTFSceneAssetsPipeline.uasset" 3519
"../../../Engine/Content/EngineSounds/Master.uasset" 3520
"../../../Engine/Plugins/Interchange/Runtime/Content/Pipelines/DefaultTexturePipeline.uasset" 3521
"../../../Engine/Content/EngineMaterials/LTC/Sheen_LTC.uasset" 3522
"../../../Engine/Content/EngineMaterials/EnergyConservation/Sheen_Energy.uasset" 3523
"../../../Engine/Content/EngineMaterials/EnergyConservation/Diffuse_Energy.uasset" 3524
"../../../Engine/Content/EngineMaterials/FastBlueNoise_vec2_128x128x64.uasset" 3525
"../../../Engine/Plugins/Interchange/Runtime/Content/Pipelines/DefaultSceneAssetsPipeline.uasset" 3526
"../../../Engine/Plugins/Interchange/Runtime/Content/Pipelines/DefaultSceneLevelPipeline.uasset" 3527
"../../../Engine/Plugins/Interchange/Runtime/Content/Pipelines/DefaultMaterialXPipeline.uasset" 3528
"../../../Engine/Content/EngineMaterials/FastBlueNoise_scalar_128x128x64.uasset" 3529
"../../../Engine/Plugins/Interchange/Runtime/Content/Pipelines/DefaultGLTFPipeline.uasset" 3530
"../../../Engine/Plugins/Interchange/Runtime/Content/Pipelines/DefaultAssetsPipeline.uasset" 3531
"../../../Engine/Plugins/Interchange/Runtime/Content/Pipelines/DefaultGLTFAssetsPipeline.uasset" 3532
"../../../Engine/Plugins/Interchange/Runtime/Content/Pipelines/DefaultMaterialPipeline.uasset" 3533
"../../../Engine/Plugins/Animation/DeformerGraph/Shaders/Private/DataInterfaceCloth.ush" 3534
"../../../Engine/Plugins/Animation/DeformerGraph/Shaders/Private/DataInterfaceSkinnedMesh.ush" 3535
"../../../Engine/Plugins/Animation/DeformerGraph/Shaders/Private/DataInterfaceSkeleton.ush" 3536
"../../../Engine/Plugins/Animation/DeformerGraph/Shaders/Private/DataInterfaceSkeletonCommon.ush" 3537
"../../../Engine/Plugins/Animation/DeformerGraph/Shaders/Private/DataInterfaceMorphTarget.ush" 3538
"../../../Engine/Plugins/Animation/DeformerGraph/Shaders/Private/DataInterfaceRawBuffer.ush" 3539
"../../../Engine/Plugins/Runtime/ComputeFramework/Shaders/Private/BufferAlias.ush" 3540
"../../../Engine/Plugins/Animation/DeformerGraph/Shaders/Private/DataInterfaceHalfEdge.ush" 3541
"../../../Engine/Plugins/Animation/DeformerGraph/Shaders/Private/DataInterfaceSkinnedMeshWrite.ush" 3542
"../../../Engine/Plugins/Animation/DeformerGraph/Shaders/Private/DataInterfaceSkinnedMeshExec.ush" 3543
"/ControlRig/Controls/ControlRigGizmoMaterial" 3544
"/InterchangeAssets/Functions/MX_AnisotropicVDF" 3545
"/InterchangeAssets/Functions/MX_AbsorptionVDF" 3546
"/InterchangeAssets/Functions/MX_MeasuredEDF" 3547
"/InterchangeAssets/Functions/MX_ConicalEDF" 3548
"/InterchangeAssets/Functions/MX_UniformEDF" 3549
"/InterchangeAssets/Functions/MX_ThinFilmBSDF" 3550
"/InterchangeAssets/Functions/MX_SheenBSDF" 3551
"/InterchangeAssets/Functions/MX_SubsurfaceBSDF" 3552
"/InterchangeAssets/Functions/MX_GeneralizedSchlickBSDF" 3553
"/InterchangeAssets/Functions/MX_ConductorBSDF" 3554
"/InterchangeAssets/Functions/MX_DielectricBSDF" 3555
"/InterchangeAssets/Functions/MX_TranslucentBSDF" 3556
"/InterchangeAssets/Functions/MX_BurleyDiffuseBSDF" 3557
"/InterchangeAssets/Functions/MX_OrenNayarBSDF" 3558
"/InterchangeAssets/Functions/MX_UsdPreviewSurface" 3559
"/InterchangeAssets/Functions/MX_SurfaceUnlit" 3560
"/Interchange/Pipelines/DefaultGLTFSceneAssetsPipeline" 3561
"/Interchange/Pipelines/DefaultSceneLevelPipeline" 3562
"/Interchange/Pipelines/DefaultSceneAssetsPipeline" 3563
"/Interchange/Pipelines/DefaultTexturePipeline" 3564
"/Interchange/Pipelines/DefaultMaterialPipeline" 3565
"/Interchange/Pipelines/DefaultGLTFPipeline" 3566
"/Interchange/Pipelines/DefaultGLTFAssetsPipeline" 3567
"/Interchange/Pipelines/DefaultMaterialXPipeline" 3568
"/Interchange/Pipelines/DefaultAssetsPipeline" 3569
"/Engine/EngineSounds/Master" 3570
"/Engine/EngineMaterials/EnergyConservation/Diffuse_Energy" 3571
"/Engine/EngineMaterials/EnergyConservation/Sheen_Energy" 3572
"/Engine/EngineMaterials/LTC/Sheen_LTC" 3573
"/Engine/EngineMaterials/FastBlueNoise_vec2_128x128x64" 3574
"/Engine/EngineMaterials/FastBlueNoise_scalar_128x128x64" 3575
"../../../Engine/Content/EngineMaterials/DefaultBloomKernel.uasset" 3576
"../../../Engine/Content/EngineDebugMaterials/DebugEditorMaterial.uasset" 3577
"../../../Engine/Content/EngineResources/FilmGrains/Marcie_Grain_v3_128_M2_000.uasset" 3578
"../../../Engine/Content/EditorResources/BSPVertex.uasset" 3579
"/Engine/EditorResources/BSPVertex" 3580
"/Engine/EngineMaterials/DefaultBloomKernel" 3581
"/Engine/EngineResources/FilmGrains/Marcie_Grain_v3_128_M2_000" 3582
"/Engine/EngineDebugMaterials/DebugEditorMaterial" 3583
"../../../Engine/Plugins/NNE/NNEDenoiser/Content/NNE_oidn2-3-0_rt_hdr_calb_cnrm_large__dyn__fp16_opset11_ForwardAlpha.uasset" 3584
"../../../Engine/Plugins/NNE/NNEDenoiser/Content/NNE_oidn2-3-0_rt_hdr_alb_nrm__dyn__fp16_opset11_ForwardAlpha.uasset" 3585
"../../../Engine/Plugins/NNE/NNEDenoiser/Content/NNE_oidn2-3-0_rt_hdr_calb_cnrm_large__dyn__fp16_opset11_DenoiseAlpha.uasset" 3586
"../../../Engine/Plugins/NNE/NNEDenoiser/Content/NNE_oidn2-3-0_rt_hdr_alb_nrm__dyn__fp16_opset11_DenoiseAlpha.uasset" 3587
"../../../Engine/Plugins/NNE/NNEDenoiser/Content/NNE_oidn2-3-0_rt_hdr_alb_nrm_small__dyn__fp16_opset11_ForwardAlpha.uasset" 3588
"../../../Engine/Plugins/NNE/NNEDenoiser/Content/NNE_oidn2-3-0_rt_hdr_alb_nrm_small__dyn__fp16_opset11_DenoiseAlpha.uasset" 3589
"../../../Engine/Plugins/NNE/NNEDenoiser/Content/NNED_Oidn2-3_HighQuality.uasset" 3590
"../../../Engine/Plugins/NNE/NNEDenoiser/Content/NNED_Oidn2-3_HighQuality_Alpha.uasset" 3591
"../../../Engine/Plugins/NNE/NNEDenoiser/Content/NNED_Oidn2-3_Fast_Alpha.uasset" 3592
"../../../Engine/Plugins/NNE/NNEDenoiser/Content/NNED_Oidn2-3_Fast.uasset" 3593
"/NNEDenoiser/NNED_Oidn2-3_Fast" 3594
"/NNEDenoiser/NNED_Oidn2-3_Fast_Alpha" 3595
"/NNEDenoiser/NNED_Oidn2-3_HighQuality" 3596
"/NNEDenoiser/NNED_Oidn2-3_HighQuality_Alpha" 3597
"/NNEDenoiser/NNE_oidn2-3-0_rt_hdr_alb_nrm_small__dyn__fp16_opset11_DenoiseAlpha" 3598
"/NNEDenoiser/NNE_oidn2-3-0_rt_hdr_alb_nrm_small__dyn__fp16_opset11_ForwardAlpha" 3599
"/NNEDenoiser/NNE_oidn2-3-0_rt_hdr_alb_nrm__dyn__fp16_opset11_DenoiseAlpha" 3600
"/NNEDenoiser/NNE_oidn2-3-0_rt_hdr_alb_nrm__dyn__fp16_opset11_ForwardAlpha" 3601
"/NNEDenoiser/NNE_oidn2-3-0_rt_hdr_calb_cnrm_large__dyn__fp16_opset11_DenoiseAlpha" 3602
"/NNEDenoiser/NNE_oidn2-3-0_rt_hdr_calb_cnrm_large__dyn__fp16_opset11_ForwardAlpha" 3603
"../../../Engine/Plugins/NNE/NNEDenoiser/Content/NNED_Oidn2-3_Balanced_Alpha.uasset" 3604
"../../../Engine/Plugins/NNE/NNEDenoiser/Content/NNED_Oidn2-3_Balanced.uasset" 3605
"../../../Engine/Plugins/NNE/NNEDenoiser/Content/NNEDT_Oidn2-3_Balanced_Alpha.uasset" 3606
"../../../Engine/Plugins/NNE/NNEDenoiser/Content/NNEDTOM_Output_Default.uasset" 3607
"../../../Engine/Plugins/NNE/NNEDenoiser/Content/NNEDTIM_ColorAlbedoNormal_Alpha.uasset" 3608
"../../../Engine/Plugins/NNE/NNEDenoiser/Content/NNEDTIM_ColorAlbedoNormal_Default.uasset" 3609
"../../../Engine/Plugins/NNE/NNEDenoiser/Content/NNEDOM_Output_Default.uasset" 3610
"../../../Engine/Plugins/NNE/NNEDenoiser/Content/NNEDOM_Output_Alpha.uasset" 3611
"../../../Engine/Plugins/NNE/NNEDenoiser/Content/NNEDIM_HighQuality_Default.uasset" 3612
"../../../Engine/Plugins/NNE/NNEDenoiser/Content/NNEDT_Oidn2-3_Balanced.uasset" 3613
"../../../Engine/Plugins/NNE/NNEDenoiser/Content/NNEDIM_HighQuality_Alpha.uasset" 3614
"../../../Engine/Plugins/NNE/NNEDenoiser/Content/NNEDIM_ColorAlbedoNormal_Alpha.uasset" 3615
"../../../Engine/Plugins/NNE/NNEDenoiser/Content/NNEDIM_ColorAlbedoNormal_Default.uasset" 3616
"../../../Engine/Content/EngineMaterials/DefaultCalibrationGrayscale.uasset" 3617
"../../../Engine/Content/MobileResources/HUD/VirtualJoystick_Thumb.uasset" 3618
"../../../Engine/Content/EngineSounds/Submixes/MasterEQEffectPreset.uasset" 3619
"../../../Engine/Content/MobileResources/HUD/VirtualJoystick_Background.uasset" 3620
"../../../Engine/Content/EngineSounds/Submixes/MasterReverbEffectPreset.uasset" 3621
"../../../Engine/Content/EditorMaterials/PreviewShadowIndicator.uasset" 3622
"../../../Engine/Content/Maps/Entry_BuiltData.uasset" 3623
"../../../Engine/Content/EngineMaterials/DefaultCalibrationColor.uasset" 3624
"Z:/CreationLayer/ZombieRepo/Content/FirstPerson/Input/Actions/IA_Slam.uasset" 3625
"Z:/CreationLayer/ZombieRepo/Content/FirstPerson/Input/Actions/IA_Look.uasset" 3626
"Z:/CreationLayer/ZombieRepo/Content/LevelPrototyping/GameSave.uasset" 3627
"Z:/CreationLayer/ZombieRepo/Content/FirstPerson/Input/Actions/IA_Pause.uasset" 3628
"Z:/CreationLayer/ZombieRepo/Content/FirstPerson/Input/Actions/IA_Move.uasset" 3629
"Z:/CreationLayer/ZombieRepo/Content/FirstPerson/Input/Actions/IA_Dash.uasset" 3630
"Z:/CreationLayer/ZombieRepo/Content/FirstPerson/Input/Actions/IA_Heal.uasset" 3631
"../../../Engine/Content/EngineDebugMaterials/ClothMaterial_WF.uasset" 3632
"Z:/CreationLayer/ZombieRepo/Content/FirstPerson/Blueprints/E_Guns.uasset" 3633
"Z:/CreationLayer/ZombieRepo/Content/FirstPerson/Input/Actions/IA_Jump.uasset" 3634
"/Game/FirstPerson/Input/Actions/IA_Jump" 3635
"../../../Engine/Plugins/NNE/NNEDenoiser/Content/NNEDTOM_Output_Alpha.uasset" 3636
"/Game/FirstPerson/Blueprints/E_Guns" 3637
"/Game/FirstPerson/Input/Actions/IA_Heal" 3638
"/Engine/EngineDebugMaterials/ClothMaterial_WF" 3639
"/Game/FirstPerson/Input/Actions/IA_Dash" 3640
"/Game/FirstPerson/Input/Actions/IA_Move" 3641
"/Game/FirstPerson/Input/Actions/IA_Pause" 3642
"/Game/LevelPrototyping/GameSave" 3643
"/Game/FirstPerson/Input/Actions/IA_Look" 3644
"/Game/FirstPerson/Input/Actions/IA_Slam" 3645
"/Engine/Maps/Entry_BuiltData" 3646
"/Engine/EditorMaterials/PreviewShadowIndicator" 3647
"/Engine/EngineSounds/Submixes/MasterReverbEffectPreset" 3648
"/Engine/EngineSounds/Submixes/MasterEQEffectPreset" 3649
"/Engine/MobileResources/HUD/VirtualJoystick_Thumb" 3650
"/Engine/MobileResources/HUD/VirtualJoystick_Background" 3651
"Z:/CreationLayer/ZombieRepo/Intermediate/ORTOptimizerPass_Optimized63BF21EB4C333B0360B73D902818176E.onnx" 3652
"Z:/CreationLayer/ZombieRepo/Intermediate/ORTOptimizerPass_Optimized69AE535143DCC3CD476681A7BBDEA688.onnx" 3653
"Z:/CreationLayer/ZombieRepo/Intermediate/ORTOptimizerPass_Optimized9C016CB3417AF4686035A19AD1F75779.onnx" 3654
"Z:/CreationLayer/ZombieRepo/Intermediate/ORTOptimizerPass_Optimized408BCDBC46EA5C2BDC011C9C992A2707.onnx" 3655
"Z:/CreationLayer/ZombieRepo/Intermediate/ORTOptimizerPass_OptimizedAE151AEB4D7422EAF8134EA7D56972A0.onnx" 3656
"Z:/CreationLayer/ZombieRepo/Intermediate/ORTOptimizerPass_OptimizedBC791E234A6FF5F44D226D8F23D393CC.onnx" 3657
"Z:/CreationLayer/ZombieRepo/Intermediate/ORTOptimizerPass_OptimizedCDD4D9D0423735CE564BD7A5041D8788.onnx" 3658
"Z:/CreationLayer/ZombieRepo/Intermediate/ORTOptimizerPass_OptimizedE2BE0067482F87FF954E598302F1A02D.onnx" 3659
"Z:/CreationLayer/ZombieRepo/Intermediate/ORTOptimizerPass_Optimized04761F164F5378F48CD5649A2BB13492.onnx" 3660
"Z:/CreationLayer/ZombieRepo/Intermediate/ORTOptimizerPass_OptimizedAD98B6AC450449E65BB7229C78D3D4FE.onnx" 3661
"Z:/CreationLayer/ZombieRepo/Intermediate/ORTOptimizerPass_OptimizedD78BDBFB4FE0CE4C694A7CB2ED8DCEE6.onnx" 3662
"Z:/CreationLayer/ZombieRepo/Intermediate/ORTOptimizerPass_OptimizedD0713CD849C67C445460FA91F789FCFA.onnx" 3663
"/Engine/EngineMaterials/DefaultCalibrationColor" 3664
"/Engine/EngineMaterials/DefaultCalibrationGrayscale" 3665
"/NNEDenoiser/NNEDIM_ColorAlbedoNormal_Alpha" 3666
"/NNEDenoiser/NNEDIM_ColorAlbedoNormal_Default" 3667
"/NNEDenoiser/NNEDIM_HighQuality_Alpha" 3668
"/NNEDenoiser/NNEDIM_HighQuality_Default" 3669
"/NNEDenoiser/NNEDOM_Output_Alpha" 3670
"/NNEDenoiser/NNEDOM_Output_Default" 3671
"/NNEDenoiser/NNEDTIM_ColorAlbedoNormal_Alpha" 3672
"/NNEDenoiser/NNEDTIM_ColorAlbedoNormal_Default" 3673
"/NNEDenoiser/NNEDTOM_Output_Default" 3674
"/NNEDenoiser/NNEDT_Oidn2-3_Balanced" 3675
"/NNEDenoiser/NNEDT_Oidn2-3_Balanced_Alpha" 3676
"/NNEDenoiser/NNED_Oidn2-3_Balanced" 3677
"/NNEDenoiser/NNED_Oidn2-3_Balanced_Alpha" 3678
"/NNEDenoiser/NNEDTOM_Output_Alpha" 3679
"Z:/CreationLayer/ZombieRepo/Content/FirstPerson/FirstPersonArms/Character/Mesh/SK_Mannequin_Arms_PhysicsAsset.uasset" 3680
"Z:/CreationLayer/ZombieRepo/Content/ObjectAssets/Images/DamageDirection.uasset" 3681
"Z:/CreationLayer/ZombieRepo/Content/FirstPerson/FirstPersonArms/Character/Mesh/SK_Mannequin_Arms_Skeleton.uasset" 3682
"Z:/CreationLayer/ZombieRepo/Content/FirstPerson/Input/Actions/IA_Reload.uasset" 3683
"Z:/CreationLayer/ZombieRepo/Content/FirstPerson/Blueprints/Gamemode.uasset" 3684
"Z:/CreationLayer/ZombieRepo/Content/FirstPerson/Input/Actions/IA_Shoot.uasset" 3685
"Z:/CreationLayer/ZombieRepo/Content/StarterContent/Textures/T_Fire_Tiled_D.uasset" 3686
"Z:/CreationLayer/ZombieRepo/Content/StarterContent/Textures/T_Fire_SubUV.uasset" 3687
"Z:/CreationLayer/ZombieRepo/Content/StarterContent/Textures/T_Smoke_SubUV.uasset" 3688
"/Game/FirstPerson/Input/Actions/IA_Shoot" 3689
"Z:/CreationLayer/ZombieRepo/Content/StarterContent/Textures/T_Water_N.uasset" 3690
"../../../Engine/Content/Functions/Engine_MaterialFunctions01/Gradient/RadialGradient.uasset" 3691
"Z:/CreationLayer/ZombieRepo/Content/StarterContent/Textures/T_Spark_Core.uasset" 3692
"Z:/CreationLayer/ZombieRepo/Content/WBP/MainMenu/WBP_Credits.uasset" 3693
"/Game/FirstPerson/Blueprints/Gamemode" 3694
"Z:/CreationLayer/ZombieRepo/Content/WBP/MainMenu/PlaceHolderImages/20230416_171424.uasset" 3695
"Z:/CreationLayer/ZombieRepo/Content/WBP/MainMenu/WBP_LevelSelect.uasset" 3696
"Z:/CreationLayer/ZombieRepo/Content/WBP/MainMenu/WBP_GameSelect.uasset" 3697
"Z:/CreationLayer/ZombieRepo/Content/ObjectAssets/Materials/M_Hud_Damage.uasset" 3698
"Z:/CreationLayer/ZombieRepo/Content/ObjectAssets/Images/ammo.uasset" 3699
"Z:/CreationLayer/ZombieRepo/Content/StarterContent/Textures/T_Smoke_Tiled_D.uasset" 3700
"/Game/FirstPerson/Input/Actions/IA_Reload" 3701
"Z:/CreationLayer/ZombieRepo/Content/Sounds/SoundSource/SoundControl/SFX_Music.uasset" 3702
"Z:/CreationLayer/ZombieRepo/Content/Sounds/SoundSource/SoundControl/SFX_Ambioun.uasset" 3703
"Z:/CreationLayer/ZombieRepo/Content/FirstPerson/FirstPersonArms/Character/Textures/Manny/T_Manny_01_CCRCCPlastic_MSK.uasset" 3704
"Z:/CreationLayer/ZombieRepo/Content/FirstPerson/FirstPersonArms/Character/Textures/Manny/T_Manny_01_Tan.uasset" 3705
"Z:/CreationLayer/ZombieRepo/Content/FirstPerson/FirstPersonArms/Character/Textures/Manny/T_Manny_01_N.uasset" 3706
"Z:/CreationLayer/ZombieRepo/Content/FirstPerson/FirstPersonArms/Character/Textures/Manny/T_Manny_01_ASAOPMASK_MSK.uasset" 3707
"/Game/FirstPerson/FirstPersonArms/Character/Mesh/SK_Mannequin_Arms_Skeleton" 3708
"Z:/CreationLayer/ZombieRepo/Content/FirstPerson/FirstPersonArms/Character/Textures/Manny/T_Manny_01_MSR_MSK.uasset" 3709
"Z:/CreationLayer/ZombieRepo/Content/FirstPerson/FirstPersonArms/Character/Textures/Manny/T_Manny_01_BN.uasset" 3710
"Z:/CreationLayer/ZombieRepo/Content/FirstPerson/FirstPersonArms/Character/Textures/Manny/T_Manny_02_Tan.uasset" 3711
"Z:/CreationLayer/ZombieRepo/Content/FirstPerson/FirstPersonArms/Character/Textures/Manny/T_Manny_02_N.uasset" 3712
"Z:/CreationLayer/ZombieRepo/Content/FirstPerson/FirstPersonArms/Character/Textures/Manny/T_Manny_01_D.uasset" 3713
"Z:/CreationLayer/ZombieRepo/Content/FirstPerson/FirstPersonArms/Character/Textures/Manny/T_Manny_02_MSR_MSK.uasset" 3714
"Z:/CreationLayer/ZombieRepo/Content/FirstPerson/FirstPersonArms/Character/Textures/Manny/T_Manny_02_CCRCCPlastic_MSK.uasset" 3715
"/Game/FirstPerson/FirstPersonArms/Character/Mesh/SK_Mannequin_Arms_PhysicsAsset" 3716
"/Game/ObjectAssets/Images/DamageDirection" 3717
"/Game/FirstPerson/FirstPersonArms/Character/Textures/Manny/T_Manny_02_MSR_MSK" 3718
"/Game/FirstPerson/FirstPersonArms/Character/Textures/Manny/T_Manny_02_N" 3719
"/Game/FirstPerson/FirstPersonArms/Character/Textures/Manny/T_Manny_02_Tan" 3720
"/Game/FirstPerson/FirstPersonArms/Character/Textures/Manny/T_Manny_01_D" 3721
"/Game/FirstPerson/FirstPersonArms/Character/Textures/Manny/T_Manny_01_BN" 3722
"/Game/FirstPerson/FirstPersonArms/Character/Textures/Manny/T_Manny_01_MSR_MSK" 3723
"/Game/FirstPerson/FirstPersonArms/Character/Textures/Manny/T_Manny_01_ASAOPMASK_MSK" 3724
"/Game/FirstPerson/FirstPersonArms/Character/Textures/Manny/T_Manny_01_N" 3725
"/Game/FirstPerson/FirstPersonArms/Character/Textures/Manny/T_Manny_01_Tan" 3726
"/Game/FirstPerson/FirstPersonArms/Character/Textures/Manny/T_Manny_01_CCRCCPlastic_MSK" 3727
"/Game/Sounds/SoundSource/SoundControl/SFX_Music" 3728
"/Game/Sounds/SoundSource/SoundControl/SFX_Ambioun" 3729
"/Game/ObjectAssets/Images/ammo" 3730
"/Game/ObjectAssets/Materials/M_Hud_Damage" 3731
"/Game/WBP/MainMenu/WBP_GameSelect" 3732
"/Game/WBP/MainMenu/WBP_LevelSelect" 3733
"/Game/WBP/MainMenu/PlaceHolderImages/20230416_171424" 3734
"/Game/WBP/MainMenu/WBP_Credits" 3735
"/Game/StarterContent/Textures/T_Spark_Core" 3736
"/Engine/Functions/Engine_MaterialFunctions01/Gradient/RadialGradient" 3737
"/Game/StarterContent/Textures/T_Water_N" 3738
"/Game/StarterContent/Textures/T_Smoke_Tiled_D" 3739
"/Game/StarterContent/Textures/T_Smoke_SubUV" 3740
"/Game/StarterContent/Textures/T_Fire_SubUV" 3741
"/Game/StarterContent/Textures/T_Fire_Tiled_D" 3742
"/Game/FirstPerson/FirstPersonArms/Character/Textures/Manny/T_Manny_02_CCRCCPlastic_MSK" 3743
"Z:/CreationLayer/ZombieRepo/Content/FirstPerson/FirstPersonArms/Character/Textures/Manny/T_Manny_02_ASAOPMASK_MSK.uasset" 3744
"Z:/CreationLayer/ZombieRepo/Content/FirstPerson/FirstPersonArms/Character/Textures/Manny/T_Manny_02_BN.uasset" 3745
"Z:/CreationLayer/ZombieRepo/Content/BP/Enemies/AI/Behavior/BPI_EnemyAi.uasset" 3746
"Z:/CreationLayer/ZombieRepo/Content/FirstPerson/FirstPersonArms/Character/Textures/Manny/T_Manny_02_D.uasset" 3747
"../../../Engine/Content/Animation/DefaultAnimCurveCompressionSettings.uasset" 3748
"../../../Engine/Content/Animation/DefaultAnimBoneCompressionSettings.uasset" 3749
"Z:/CreationLayer/ZombieRepo/Content/ObjectAssets/FPWeapon/Mesh/SK_FPGun_Physics.uasset" 3750
"Z:/CreationLayer/ZombieRepo/Content/ObjectAssets/FPWeapon/Mesh/SK_FPGun_Skeleton.uasset" 3751
"Z:/CreationLayer/ZombieRepo/Content/BP/Enemies/Meshes/Zombie_Idle_PhysicsAsset.uasset" 3752
"Z:/CreationLayer/ZombieRepo/Content/FirstPerson/FirstPersonArms/Character/Materials/Functions/ML_BaseColorFallOff.uasset" 3753
"Z:/CreationLayer/ZombieRepo/Content/BP/Enemies/AI/Behavior/BT/BTTasks/BTT_FocusTarget.uasset" 3754
"Z:/CreationLayer/ZombieRepo/Content/FirstPerson/FirstPersonArms/Character/Textures/Shared/T_UE_Logo_M.uasset" 3755
"Z:/CreationLayer/ZombieRepo/Content/BP/Enemies/AI/Behavior/BT/BTTasks/BTT_ClearFocus.uasset" 3756
"../../../Engine/Plugins/Interchange/Assets/Content/Functions/MF_PhongToMetalRoughness.uasset" 3757
"Z:/CreationLayer/ZombieRepo/Content/BP/Enemies/Meshes/Ch10_1002_Specular.uasset" 3758
"Z:/CreationLayer/ZombieRepo/Content/BP/Enemies/Meshes/Ch10_1002_Glossiness.uasset" 3759
"Z:/CreationLayer/ZombieRepo/Content/BP/Enemies/Meshes/Ch10_1002_Diffuse.uasset" 3760
"Z:/CreationLayer/ZombieRepo/Content/BP/Enemies/Meshes/Ch10_1001_Normal.uasset" 3761
"Z:/CreationLayer/ZombieRepo/Content/BP/Enemies/Meshes/Ch10_1001_Glossiness.uasset" 3762
"Z:/CreationLayer/ZombieRepo/Content/BP/Enemies/Meshes/Ch10_1001_Diffuse.uasset" 3763
"Z:/CreationLayer/ZombieRepo/Content/BP/Enemies/Meshes/Ch10_1001_Specular.uasset" 3764
"Z:/CreationLayer/ZombieRepo/Content/BP/Enemies/Meshes/CustomSmall/TZombie_Skeleton.uasset" 3765
"Z:/CreationLayer/ZombieRepo/Content/BP/Enemies/Meshes/Ch10_1002_Normal.uasset" 3766
"Z:/CreationLayer/ZombieRepo/Content/BP/Enemies/Meshes/CustomTank/Tex/SM_Tankzomb_belt_Metallic.uasset" 3767
"Z:/CreationLayer/ZombieRepo/Content/BP/Enemies/Meshes/CustomTank/Tex/SM_Tankzomb_belt_Roughness.uasset" 3768
"Z:/CreationLayer/ZombieRepo/Content/BP/Enemies/Meshes/CustomSmall/Tex/plaidegreen.uasset" 3769
"../../../Engine/Content/ArtTools/RenderToTexture/Textures/127grey.uasset" 3770
"Z:/CreationLayer/ZombieRepo/Content/BP/Enemies/Meshes/CustomTank/Tex/SM_Tankzomb_pants_Height.uasset" 3771
"Z:/CreationLayer/ZombieRepo/Content/BP/Enemies/Meshes/CustomTank/Tex/SM_Tankzomb_pants_BaseColor.uasset" 3772
"Z:/CreationLayer/ZombieRepo/Content/BP/Enemies/Meshes/CustomTank/Tex/SM_Tankzomb_pants_Roughness.uasset" 3773
"/Engine/ArtTools/RenderToTexture/Textures/127grey" 3774
"/Game/BP/Enemies/Meshes/CustomTank/Tex/SM_Tankzomb_belt_Metallic" 3775
"/Game/BP/Enemies/Meshes/CustomSmall/TZombie_Skeleton" 3776
"/Game/BP/Enemies/Meshes/Ch10_1001_Diffuse" 3777
"/Game/BP/Enemies/Meshes/Ch10_1001_Specular" 3778
"Z:/CreationLayer/ZombieRepo/Content/BP/Enemies/Meshes/Zombie_Idle_Skeleton.uasset" 3779
"/Game/BP/Enemies/Meshes/Ch10_1001_Glossiness" 3780
"/Game/BP/Enemies/Meshes/Ch10_1001_Normal" 3781
"/Game/BP/Enemies/Meshes/Ch10_1002_Diffuse" 3782
"/Game/BP/Enemies/Meshes/Ch10_1002_Glossiness" 3783
"/Game/BP/Enemies/Meshes/Ch10_1002_Specular" 3784
"Z:/CreationLayer/ZombieRepo/Content/BP/Enemies/Meshes/CustomTank/Tex/SM_Tankzomb_belt_Height.uasset" 3785
"/InterchangeAssets/Functions/MF_PhongToMetalRoughness" 3786
"/Game/BP/Enemies/Meshes/Ch10_1002_Normal" 3787
"/Game/BP/Enemies/AI/Behavior/BT/BTTasks/BTT_ClearFocus" 3788
"/Game/BP/Enemies/AI/Behavior/BT/BTTasks/BTT_FocusTarget" 3789
"/Game/FirstPerson/FirstPersonArms/Character/Textures/Shared/T_UE_Logo_M" 3790
"/Game/FirstPerson/FirstPersonArms/Character/Materials/Functions/ML_BaseColorFallOff" 3791
"/Game/ObjectAssets/FPWeapon/Mesh/SK_FPGun_Skeleton" 3792
"/Game/ObjectAssets/FPWeapon/Mesh/SK_FPGun_Physics" 3793
"/Engine/Animation/DefaultAnimBoneCompressionSettings" 3794
"/Engine/Animation/DefaultAnimCurveCompressionSettings" 3795
"/Game/BP/Enemies/Meshes/Zombie_Idle_PhysicsAsset" 3796
"/Game/BP/Enemies/AI/Behavior/BPI_EnemyAi" 3797
"/Game/FirstPerson/FirstPersonArms/Character/Textures/Manny/T_Manny_02_ASAOPMASK_MSK" 3798
"/Game/FirstPerson/FirstPersonArms/Character/Textures/Manny/T_Manny_02_D" 3799
"/Game/BP/Enemies/Meshes/CustomTank/Tex/SM_Tankzomb_pants_Roughness" 3800
"/Game/FirstPerson/FirstPersonArms/Character/Textures/Manny/T_Manny_02_BN" 3801
"/Game/BP/Enemies/Meshes/CustomTank/Tex/SM_Tankzomb_pants_Height" 3802
"/Game/BP/Enemies/Meshes/CustomTank/Tex/SM_Tankzomb_pants_BaseColor" 3803
"/Game/BP/Enemies/Meshes/CustomSmall/Tex/plaidegreen" 3804
"/Game/BP/Enemies/Meshes/CustomTank/Tex/SM_Tankzomb_belt_Roughness" 3805
"Z:/CreationLayer/ZombieRepo/Content/BP/Enemies/Meshes/CustomTank/Tex/SM_Tankzomb_pants_Metallic.uasset" 3806
"Z:/CreationLayer/ZombieRepo/Content/BP/Enemies/Meshes/CustomSmall/TZombie_PhysicsAsset.uasset" 3807
"Z:/CreationLayer/ZombieRepo/Content/BP/Enemies/Meshes/CustomTank/TankMesh_Skeleton.uasset" 3808
"Z:/CreationLayer/ZombieRepo/Content/BP/Enemies/Meshes/CustomTank/TankMesh_PhysicsAsset.uasset" 3809
"Z:/CreationLayer/ZombieRepo/Content/BP/Enemies/Meshes/CustomTank/Tex/SM_Tankzomb_pants_Normal.uasset" 3810
"../../../Engine/Content/EditorResources/FieldNodes/_Resources/M_FieldVolumePreview.uasset" 3811
"../../../Engine/Content/Functions/Engine_MaterialFunctions02/Utility/BlendAngleCorrectedNormals.uasset" 3812
"Z:/CreationLayer/ZombieRepo/Content/ObjectAssets/FPWeapon/Textures/T_FPGun_M.uasset" 3813
"../../../Engine/Content/Functions/MaterialLayerFunctions/MatLayerBlend_Simple.uasset" 3814
"Z:/CreationLayer/ZombieRepo/Content/FirstPerson/FirstPersonArms/Character/Materials/Functions/ChromaticCurve.uasset" 3815
"Z:/CreationLayer/ZombieRepo/Content/ObjectAssets/FPWeapon/Materials/MaterialLayers/ML_Plastic_Shiny_Beige.uasset" 3816
"Z:/CreationLayer/ZombieRepo/Content/ObjectAssets/FPWeapon/Materials/MaterialLayers/ML_Screen.uasset" 3817
"Z:/CreationLayer/ZombieRepo/Content/ObjectAssets/FPWeapon/Materials/MaterialLayers/T_ML_Rubber_Blue_01_N.uasset" 3818
"Z:/CreationLayer/ZombieRepo/Content/ObjectAssets/FPWeapon/Materials/MaterialLayers/T_ML_Aluminum01.uasset" 3819
"Z:/CreationLayer/ZombieRepo/Content/BP/Enemies/Meshes/CustomSmall/Tex/skin.uasset" 3820
"Z:/CreationLayer/ZombieRepo/Content/BP/Enemies/Meshes/CustomTank/Tex/SM_Tankzomb_shoes_BaseColor.uasset" 3821
"Z:/CreationLayer/ZombieRepo/Content/ObjectAssets/FPWeapon/Materials/MaterialLayers/T_ML_Rubber_Blue_01_D.uasset" 3822
"Z:/CreationLayer/ZombieRepo/Content/ObjectAssets/FPWeapon/Textures/T_FPGun_N.uasset" 3823
"Z:/CreationLayer/ZombieRepo/Content/ObjectAssets/FPWeapon/Materials/MaterialLayers/T_ML_Aluminum01_N.uasset" 3824
"/Game/BP/Enemies/Meshes/CustomTank/Tex/SM_Tankzomb_shoes_BaseColor" 3825
"Z:/CreationLayer/ZombieRepo/Content/BP/Enemies/Meshes/CustomTank/Tex/SM_Tankzomb_shoes_Normal.uasset" 3826
"/Game/BP/Enemies/Meshes/CustomSmall/Tex/skin" 3827
"Z:/CreationLayer/ZombieRepo/Content/BP/Enemies/Meshes/CustomTank/Tex/SM_Tankzomb_shoes_Height.uasset" 3828
"Z:/CreationLayer/ZombieRepo/Content/BP/Enemies/Meshes/CustomTank/Tex/SM_Tankzomb_shoelaces_Height.uasset" 3829
"Z:/CreationLayer/ZombieRepo/Content/BP/Enemies/Meshes/CustomTank/Tex/SM_Tankzomb_torso_BaseColor.uasset" 3830
"Z:/CreationLayer/ZombieRepo/Content/BP/Enemies/Meshes/CustomTank/Tex/SM_Tankzombs_torso_Normal.uasset" 3831
"Z:/CreationLayer/ZombieRepo/Content/BP/Enemies/Meshes/CustomTank/Tex/SM_Tankzomb_torso_Metallic.uasset" 3832
"Z:/CreationLayer/ZombieRepo/Content/BP/Enemies/Meshes/CustomTank/Tex/SM_Tankzomb_torso_Roughness.uasset" 3833
"Z:/CreationLayer/ZombieRepo/Content/BP/Enemies/Meshes/CustomTank/Tex/SM_Tankzomb_shoes_Metallic.uasset" 3834
"Z:/CreationLayer/ZombieRepo/Content/BP/Enemies/Meshes/CustomTank/Tex/SM_Tankzomb_shoes_Roughness.uasset" 3835
"Z:/CreationLayer/ZombieRepo/Content/BP/Enemies/Meshes/CustomTank/Tex/SM_Tankzomb_torso_Height.uasset" 3836
"Z:/CreationLayer/ZombieRepo/Content/BP/Enemies/Meshes/CustomTank/Tex/SM_Tankzomb_shoelaces_Normal.uasset" 3837
"/Game/FirstPerson/FirstPersonArms/Character/Materials/Functions/ChromaticCurve" 3838
"/Game/ObjectAssets/FPWeapon/Materials/MaterialLayers/ML_Screen" 3839
"/Game/ObjectAssets/FPWeapon/Materials/MaterialLayers/T_ML_Rubber_Blue_01_D" 3840
"/Game/ObjectAssets/FPWeapon/Materials/MaterialLayers/ML_Plastic_Shiny_Beige" 3841
"/Game/ObjectAssets/FPWeapon/Textures/T_FPGun_N" 3842
"/Game/ObjectAssets/FPWeapon/Materials/MaterialLayers/T_ML_Aluminum01" 3843
"/Game/ObjectAssets/FPWeapon/Textures/T_FPGun_M" 3844
"/Game/ObjectAssets/FPWeapon/Materials/MaterialLayers/T_ML_Aluminum01_N" 3845
"/Game/BP/Enemies/Meshes/Zombie_Idle_Skeleton" 3846
"/Engine/Functions/MaterialLayerFunctions/MatLayerBlend_Simple" 3847
"/Game/ObjectAssets/FPWeapon/Materials/MaterialLayers/T_ML_Rubber_Blue_01_N" 3848
"/Engine/Functions/Engine_MaterialFunctions02/Utility/BlendAngleCorrectedNormals" 3849
"/Game/BP/Enemies/Meshes/CustomTank/TankMesh_PhysicsAsset" 3850
"/Engine/EditorResources/FieldNodes/_Resources/M_FieldVolumePreview" 3851
"/Game/BP/Enemies/Meshes/CustomTank/TankMesh_Skeleton" 3852
"/Game/BP/Enemies/Meshes/CustomSmall/TZombie_PhysicsAsset" 3853
"/Game/BP/Enemies/Meshes/CustomTank/Tex/SM_Tankzomb_pants_Metallic" 3854
"/Game/BP/Enemies/Meshes/CustomTank/Tex/SM_Tankzomb_pants_Normal" 3855
"/Game/BP/Enemies/Meshes/CustomTank/Tex/SM_Tankzomb_belt_Height" 3856
"/Game/BP/Enemies/Meshes/CustomTank/Tex/SM_Tankzomb_shoelaces_Normal" 3857
"/Game/BP/Enemies/Meshes/CustomTank/Tex/SM_Tankzomb_shoelaces_Height" 3858
"Z:/CreationLayer/ZombieRepo/Content/BP/Enemies/Meshes/CustomTank/Tex/SM_Tankzomb_shoelaces_Roughness.uasset" 3859
"Z:/CreationLayer/ZombieRepo/Content/BP/Enemies/Meshes/CustomTank/Tex/SM_Tankzomb_shoelaces_BaseColor.uasset" 3860
"/Game/BP/Enemies/Meshes/CustomTank/Tex/SM_Tankzomb_torso_Metallic" 3861
"/Game/BP/Enemies/Meshes/CustomTank/Tex/SM_Tankzomb_torso_Height" 3862
"/Game/BP/Enemies/Meshes/CustomTank/Tex/SM_Tankzombs_torso_Normal" 3863
"/Game/BP/Enemies/Meshes/CustomTank/Tex/SM_Tankzomb_torso_BaseColor" 3864
"/Game/BP/Enemies/Meshes/CustomTank/Tex/SM_Tankzomb_torso_Roughness" 3865
"/Game/BP/Enemies/Meshes/CustomTank/Tex/SM_Tankzomb_shoes_Metallic" 3866
"/Game/BP/Enemies/Meshes/CustomTank/Tex/SM_Tankzomb_shoes_Roughness" 3867
"/Game/BP/Enemies/Meshes/CustomTank/Tex/SM_Tankzomb_shoes_Height" 3868
"/Game/BP/Enemies/Meshes/CustomTank/Tex/SM_Tankzomb_shoes_Normal" 3869
"Z:/CreationLayer/ZombieRepo/Content/BP/Enemies/Meshes/CustomTank/Tex/SM_Tankzomb_shoelaces_Metallic.uasset" 3870
"Z:/CreationLayer/ZombieRepo/Content/BP/Enemies/Meshes/CustomTank/Tex/SM_Tankzomb_beltloops_BaseColor.uasset" 3871
"/Game/BP/Enemies/Meshes/CustomTank/Tex/SM_Tankzomb_shoelaces_BaseColor" 3872
"Z:/CreationLayer/ZombieRepo/Content/BP/Enemies/Meshes/CustomTank/Tex/SM_Tankzomb_beltloops_Roughness.uasset" 3873
"Z:/CreationLayer/ZombieRepo/Content/BP/Enemies/Meshes/CustomTank/Tex/SM_Tankzomb_beltloops_Normal.uasset" 3874
"Z:/CreationLayer/ZombieRepo/Content/BP/Enemies/Meshes/CustomTank/Tex/SM_Tankzomb_beltloops_Height.uasset" 3875
"/Game/BP/Enemies/Meshes/CustomTank/Tex/SM_Tankzomb_shoelaces_Roughness" 3876
"Z:/CreationLayer/ZombieRepo/Content/BP/Enemies/Meshes/CustomTank/Tex/SM_Tankzomb_gums_Metallic.uasset" 3877
"Z:/CreationLayer/ZombieRepo/Content/BP/Enemies/Meshes/CustomTank/Tex/SM_Tankzomb_beltloops_Metallic.uasset" 3878
"Z:/CreationLayer/ZombieRepo/Content/BP/Enemies/Meshes/CustomTank/Tex/SM_Tankzomb_gums_BaseColor.uasset" 3879
"Z:/CreationLayer/ZombieRepo/Content/BP/Enemies/Meshes/CustomTank/Tex/SM_Tankzomb_gums_Roughness.uasset" 3880
"Z:/CreationLayer/ZombieRepo/Content/BP/Enemies/Meshes/CustomTank/Tex/SM_Tankzomb_gums_Height.uasset" 3881
"Z:/CreationLayer/ZombieRepo/Content/BP/Enemies/Meshes/CustomTank/Tex/SM_Tankzomb_gums_Normal.uasset" 3882
"Z:/CreationLayer/ZombieRepo/Content/BP/Enemies/Meshes/CustomTank/Tex/SM_Tankzomb_belt_BaseColor.uasset" 3883
"Z:/CreationLayer/ZombieRepo/Content/BP/Enemies/Meshes/CustomTank/Tex/SM_Tankzomb_belt_Normal.uasset" 3884
"Z:/CreationLayer/ZombieRepo/Content/BP/Enemies/Meshes/CustomTank/Tex/SM_Tankzomb_teeth_BaseColor.uasset" 3885
"Z:/CreationLayer/ZombieRepo/Content/BP/Enemies/Meshes/CustomTank/Tex/SM_Tankzomb_teeth_Roughness.uasset" 3886
"Z:/CreationLayer/ZombieRepo/Content/BP/Enemies/Meshes/CustomTank/Tex/SM_Tankzomb_teeth_Height.uasset" 3887
"Z:/CreationLayer/ZombieRepo/Content/BP/Enemies/Meshes/CustomTank/Tex/SM_Tankzomb_teeth_Normal.uasset" 3888
"Z:/CreationLayer/ZombieRepo/Content/BP/Enemies/Meshes/CustomTank/Tex/SM_Tankzomb_eyes_Normal.uasset" 3889
"Z:/CreationLayer/ZombieRepo/Content/BP/Enemies/Meshes/CustomTank/Tex/SM_Tankzomb_teeth_Metallic.uasset" 3890
"Z:/CreationLayer/ZombieRepo/Content/BP/Enemies/Meshes/CustomTank/Tex/SM_Tankzomb_eyes_Height.uasset" 3891
"Z:/CreationLayer/ZombieRepo/Content/BP/Enemies/Meshes/CustomTank/Tex/SM_Tankzomb_eyes_BaseColor.uasset" 3892
"Z:/CreationLayer/ZombieRepo/Content/BP/Enemies/Meshes/CustomTank/Tex/SM_Tankzomb_eyes_Roughness.uasset" 3893
"Z:/CreationLayer/ZombieRepo/Content/BP/Enemies/Meshes/CustomTank/Tex/SM_Tankzomb_eyes_Metallic.uasset" 3894
"../../../Engine/Content/EngineDebugMaterials/HeatmapGradient.uasset" 3895
"/Game/BP/Enemies/Meshes/CustomTank/Tex/SM_Tankzomb_gums_Normal" 3896
"/Game/BP/Enemies/Meshes/CustomTank/Tex/SM_Tankzomb_gums_Height" 3897
"/Game/BP/Enemies/Meshes/CustomTank/Tex/SM_Tankzomb_gums_Roughness" 3898
"/Game/BP/Enemies/Meshes/CustomTank/Tex/SM_Tankzomb_gums_BaseColor" 3899
"/Game/BP/Enemies/Meshes/CustomTank/Tex/SM_Tankzomb_gums_Metallic" 3900
"/Game/BP/Enemies/Meshes/CustomTank/Tex/SM_Tankzomb_beltloops_Metallic" 3901
"/Game/BP/Enemies/Meshes/CustomTank/Tex/SM_Tankzomb_beltloops_Height" 3902
"/Game/BP/Enemies/Meshes/CustomTank/Tex/SM_Tankzomb_beltloops_Normal" 3903
"/Game/BP/Enemies/Meshes/CustomTank/Tex/SM_Tankzomb_beltloops_Roughness" 3904
"/Game/BP/Enemies/Meshes/CustomTank/Tex/SM_Tankzomb_beltloops_BaseColor" 3905
"/Game/BP/Enemies/Meshes/CustomTank/Tex/SM_Tankzomb_shoelaces_Metallic" 3906
"/Engine/EngineDebugMaterials/HeatmapGradient" 3907
"/Game/BP/Enemies/Meshes/CustomTank/Tex/SM_Tankzomb_eyes_Metallic" 3908
"/Game/BP/Enemies/Meshes/CustomTank/Tex/SM_Tankzomb_eyes_BaseColor" 3909
"/Game/BP/Enemies/Meshes/CustomTank/Tex/SM_Tankzomb_eyes_Roughness" 3910
"/Game/BP/Enemies/Meshes/CustomTank/Tex/SM_Tankzomb_eyes_Height" 3911
"/Game/BP/Enemies/Meshes/CustomTank/Tex/SM_Tankzomb_eyes_Normal" 3912
"/Game/BP/Enemies/Meshes/CustomTank/Tex/SM_Tankzomb_teeth_Metallic" 3913
"/Game/BP/Enemies/Meshes/CustomTank/Tex/SM_Tankzomb_teeth_Normal" 3914
"/Game/BP/Enemies/Meshes/CustomTank/Tex/SM_Tankzomb_teeth_Height" 3915
"/Game/BP/Enemies/Meshes/CustomTank/Tex/SM_Tankzomb_teeth_Roughness" 3916
"/Game/BP/Enemies/Meshes/CustomTank/Tex/SM_Tankzomb_teeth_BaseColor" 3917
"/Game/BP/Enemies/Meshes/CustomTank/Tex/SM_Tankzomb_belt_Normal" 3918
"/Game/BP/Enemies/Meshes/CustomTank/Tex/SM_Tankzomb_belt_BaseColor" 3919
"Z:/CreationLayer/ZombieRepo/Content/ObjectAssets/Sounds/ElementBurn.uasset" 3920
"Z:/CreationLayer/ZombieRepo/Content/ObjectAssets/Sounds/SpeedWoosh.uasset" 3921
"Z:/CreationLayer/ZombieRepo/Content/ObjectAssets/Sounds/ShotgunFire.uasset" 3922
"Z:/CreationLayer/ZombieRepo/Content/ObjectAssets/Sounds/PistolFire.uasset" 3923
"Z:/CreationLayer/ZombieRepo/Content/ObjectAssets/Sounds/ElectroBell.uasset" 3924
"Z:/CreationLayer/ZombieRepo/Content/ObjectAssets/FPWeapon/Audio/FirstPersonTemplateWeaponFire02.uasset" 3925
"Z:/CreationLayer/ZombieRepo/Content/ObjectAssets/Sounds/PistolReload.uasset" 3926
"Z:/CreationLayer/ZombieRepo/Content/ObjectAssets/Sounds/FuturisticJingle.uasset" 3927
"Z:/CreationLayer/ZombieRepo/Content/ObjectAssets/Sounds/RifleSGReload.uasset" 3928
"../../../Engine/Content/VREditor/Sounds/UI/Flashlight_Switch.uasset" 3929
"../../../Engine/Content/EditorSounds/GamePreview/EndSimulate.uasset" 3930
"Z:/CreationLayer/ZombieRepo/Content/Sounds/SoundSource/FastExplode.uasset" 3931
"Z:/CreationLayer/ZombieRepo/Content/Sounds/SoundSource/FastChase.uasset" 3932
"Z:/CreationLayer/ZombieRepo/Content/ObjectAssets/Sounds/footstep-372877.uasset" 3933
"Z:/CreationLayer/ZombieRepo/Content/Sounds/SoundSource/RegZWalk.uasset" 3934
"Z:/CreationLayer/ZombieRepo/Content/Sounds/SoundSource/SlowZChase.uasset" 3935
"/Game/ObjectAssets/Sounds/ElementBurn" 3936
"/Game/ObjectAssets/Sounds/SpeedWoosh" 3937
"/Game/Sounds/SoundSource/SlowZChase" 3938
"/Game/Sounds/SoundSource/RegZWalk" 3939
"/Game/ObjectAssets/Sounds/footstep-372877" 3940
"/Game/Sounds/SoundSource/FastChase" 3941
"/Game/Sounds/SoundSource/FastExplode" 3942
"/Engine/EditorSounds/GamePreview/EndSimulate" 3943
"/Engine/VREditor/Sounds/UI/Flashlight_Switch" 3944
"/Game/ObjectAssets/Sounds/RifleSGReload" 3945
"/Game/ObjectAssets/Sounds/PistolReload" 3946
"/Game/ObjectAssets/Sounds/FuturisticJingle" 3947
"/Game/ObjectAssets/Sounds/ElectroBell" 3948
"/Game/ObjectAssets/FPWeapon/Audio/FirstPersonTemplateWeaponFire02" 3949
"/Game/ObjectAssets/Sounds/PistolFire" 3950
"/Game/ObjectAssets/Sounds/ShotgunFire" 3951
"../../../Engine/Plugins/Interchange/Assets/Content/Functions/MX_Surface.uasset" 3952
"../../../Engine/Content/EngineMaterials/PPM_DefaultCalibrationGrayscale.uasset" 3953
"../../../Engine/Content/EngineMaterials/PPM_DefaultCalibrationColor.uasset" 3954
"Z:/CreationLayer/ZombieRepo/Content/FirstPerson/Input/MobileControls.uasset" 3955
"../../../Engine/Content/EngineMaterials/Substrate/Volume/SubstrateSimpleVolumeEnvLUT3D.uasset" 3956
"../../../Engine/Content/EngineMaterials/Substrate/Volume/SubstrateSimpleVolumeLUT3D.uasset" 3957
"../../../Engine/Content/EngineMaterials/Substrate/GLints2/AGlintTex2dArray2.uasset" 3958
"../../../Engine/Content/EngineMaterials/Substrate/GLints/AGlintTex2dArray.uasset" 3959
"../../../Engine/Content/EditorMaterials/PreviewShadowIndicatorMaterial.uasset" 3960
"Z:/CreationLayer/ZombieRepo/Content/FirstPerson/Input/IMC_Default.uasset" 3961
"Z:/CreationLayer/ZombieRepo/Content/FirstPerson/Input/IMC_Weapons.uasset" 3962
"Z:/CreationLayer/ZombieRepo/Content/StarterContent/Particles/Materials/M_Fire_SubUV.uasset" 3963
"Z:/CreationLayer/ZombieRepo/Content/StarterContent/Particles/Materials/M_smoke_subUV.uasset" 3964
"Z:/CreationLayer/ZombieRepo/Content/StarterContent/Particles/Materials/M_Heat_Distortion.uasset" 3965
"Z:/CreationLayer/ZombieRepo/Content/StarterContent/Particles/Materials/M_Radial_Gradient.uasset" 3966
"Z:/CreationLayer/ZombieRepo/Content/StarterContent/Particles/Materials/M_Spark.uasset" 3967
"Z:/CreationLayer/ZombieRepo/Content/ObjectAssets/Materials/M_Hud_Damage_Inst.uasset" 3968
"Z:/CreationLayer/ZombieRepo/Content/Sounds/SoundSource/SoundControl/MainSoundMix.uasset" 3969
"Z:/CreationLayer/ZombieRepo/Content/BP/Enemies/Anims/Zombie_Running.uasset" 3970
"Z:/CreationLayer/ZombieRepo/Content/BP/Enemies/Anims/Zombie_Idle_Anim.uasset" 3971
"Z:/CreationLayer/ZombieRepo/Content/FirstPerson/FirstPersonArms/Animations/FP_Land.uasset" 3972
"Z:/CreationLayer/ZombieRepo/Content/FirstPerson/FirstPersonArms/Animations/FP_Jump.uasset" 3973
"Z:/CreationLayer/ZombieRepo/Content/FirstPerson/FirstPersonArms/Animations/FP_Run_Fwd.uasset" 3974
"Z:/CreationLayer/ZombieRepo/Content/FirstPerson/FirstPersonArms/Animations/FP_Idle.uasset" 3975
"Z:/CreationLayer/ZombieRepo/Content/FirstPerson/FirstPersonArms/Animations/FP_Falling.uasset" 3976
"Z:/CreationLayer/ZombieRepo/Content/FirstPerson/FirstPersonArms/Animations/FP_Rifle_Run.uasset" 3977
"Z:/CreationLayer/ZombieRepo/Content/FirstPerson/FirstPersonArms/Animations/FP_Rifle_Idle.uasset" 3978
"/Game/FirstPerson/FirstPersonArms/Animations/FP_Idle" 3979
"/Game/FirstPerson/FirstPersonArms/Animations/FP_Run_Fwd" 3980
"/Game/FirstPerson/FirstPersonArms/Animations/FP_Jump" 3981
"/Game/FirstPerson/FirstPersonArms/Animations/FP_Land" 3982
"/Game/BP/Enemies/Anims/Zombie_Idle_Anim" 3983
"/Game/BP/Enemies/Anims/Zombie_Running" 3984
"/Game/Sounds/SoundSource/SoundControl/MainSoundMix" 3985
"/Game/ObjectAssets/Materials/M_Hud_Damage_Inst" 3986
"/Game/StarterContent/Particles/Materials/M_Heat_Distortion" 3987
"/Game/StarterContent/Particles/Materials/M_smoke_subUV" 3988
"/Game/StarterContent/Particles/Materials/M_Fire_SubUV" 3989
"/Game/FirstPerson/FirstPersonArms/Animations/FP_Rifle_Idle" 3990
"/Game/FirstPerson/Input/IMC_Weapons" 3991
"/Game/FirstPerson/Input/IMC_Default" 3992
"/Engine/EditorMaterials/PreviewShadowIndicatorMaterial" 3993
"/Engine/EngineMaterials/Substrate/GLints/AGlintTex2dArray" 3994
"../../../Engine/Content/EngineMaterials/Substrate/GLints/dict_16_192_64_0p5_0p02_0000_0000.uasset" 3995
"../../../Engine/Content/EngineMaterials/Substrate/GLints/dict_16_192_64_0p5_0p02_0000_0001.uasset" 3996
"../../../Engine/Content/EngineMaterials/Substrate/GLints/dict_16_192_64_0p5_0p02_0000_0002.uasset" 3997
"../../../Engine/Content/EngineMaterials/Substrate/GLints/dict_16_192_64_0p5_0p02_0000_0003.uasset" 3998
"../../../Engine/Content/EngineMaterials/Substrate/GLints/dict_16_192_64_0p5_0p02_0000_0004.uasset" 3999
"../../../Engine/Content/EngineMaterials/Substrate/GLints/dict_16_192_64_0p5_0p02_0000_0005.uasset" 4000
"../../../Engine/Content/EngineMaterials/Substrate/GLints/dict_16_192_64_0p5_0p02_0000_0006.uasset" 4001
"../../../Engine/Content/EngineMaterials/Substrate/GLints/dict_16_192_64_0p5_0p02_0000_0007.uasset" 4002
"../../../Engine/Content/EngineMaterials/Substrate/GLints/dict_16_192_64_0p5_0p02_0000_0008.uasset" 4003
"../../../Engine/Content/EngineMaterials/Substrate/GLints/dict_16_192_64_0p5_0p02_0000_0009.uasset" 4004
"../../../Engine/Content/EngineMaterials/Substrate/GLints/dict_16_192_64_0p5_0p02_0000_0010.uasset" 4005
"../../../Engine/Content/EngineMaterials/Substrate/GLints/dict_16_192_64_0p5_0p02_0000_0011.uasset" 4006
"../../../Engine/Content/EngineMaterials/Substrate/GLints/dict_16_192_64_0p5_0p02_0000_0012.uasset" 4007
"../../../Engine/Content/EngineMaterials/Substrate/GLints/dict_16_192_64_0p5_0p02_0000_0013.uasset" 4008
"../../../Engine/Content/EngineMaterials/Substrate/GLints/dict_16_192_64_0p5_0p02_0000_0014.uasset" 4009
"../../../Engine/Content/EngineMaterials/Substrate/GLints/dict_16_192_64_0p5_0p02_0000_0015.uasset" 4010
"../../../Engine/Content/EngineMaterials/Substrate/GLints/dict_16_192_64_0p5_0p02_0001_0000.uasset" 4011
"../../../Engine/Content/EngineMaterials/Substrate/GLints/dict_16_192_64_0p5_0p02_0001_0001.uasset" 4012
"../../../Engine/Content/EngineMaterials/Substrate/GLints/dict_16_192_64_0p5_0p02_0001_0002.uasset" 4013
"../../../Engine/Content/EngineMaterials/Substrate/GLints/dict_16_192_64_0p5_0p02_0001_0003.uasset" 4014
"../../../Engine/Content/EngineMaterials/Substrate/GLints/dict_16_192_64_0p5_0p02_0001_0004.uasset" 4015
"../../../Engine/Content/EngineMaterials/Substrate/GLints/dict_16_192_64_0p5_0p02_0001_0005.uasset" 4016
"../../../Engine/Content/EngineMaterials/Substrate/GLints/dict_16_192_64_0p5_0p02_0001_0006.uasset" 4017
"../../../Engine/Content/EngineMaterials/Substrate/GLints/dict_16_192_64_0p5_0p02_0001_0007.uasset" 4018
"../../../Engine/Content/EngineMaterials/Substrate/GLints/dict_16_192_64_0p5_0p02_0001_0008.uasset" 4019
"../../../Engine/Content/EngineMaterials/Substrate/GLints/dict_16_192_64_0p5_0p02_0001_0009.uasset" 4020
"../../../Engine/Content/EngineMaterials/Substrate/GLints/dict_16_192_64_0p5_0p02_0001_0010.uasset" 4021
"../../../Engine/Content/EngineMaterials/Substrate/GLints/dict_16_192_64_0p5_0p02_0001_0011.uasset" 4022
"../../../Engine/Content/EngineMaterials/Substrate/GLints/dict_16_192_64_0p5_0p02_0001_0012.uasset" 4023
"../../../Engine/Content/EngineMaterials/Substrate/GLints/dict_16_192_64_0p5_0p02_0001_0013.uasset" 4024
"../../../Engine/Content/EngineMaterials/Substrate/GLints/dict_16_192_64_0p5_0p02_0001_0014.uasset" 4025
"../../../Engine/Content/EngineMaterials/Substrate/GLints/dict_16_192_64_0p5_0p02_0001_0015.uasset" 4026
"../../../Engine/Content/EngineMaterials/Substrate/GLints/dict_16_192_64_0p5_0p02_0002_0000.uasset" 4027
"../../../Engine/Content/EngineMaterials/Substrate/GLints/dict_16_192_64_0p5_0p02_0002_0001.uasset" 4028
"../../../Engine/Content/EngineMaterials/Substrate/GLints/dict_16_192_64_0p5_0p02_0002_0002.uasset" 4029
"../../../Engine/Content/EngineMaterials/Substrate/GLints/dict_16_192_64_0p5_0p02_0002_0003.uasset" 4030
"../../../Engine/Content/EngineMaterials/Substrate/GLints/dict_16_192_64_0p5_0p02_0002_0004.uasset" 4031
"../../../Engine/Content/EngineMaterials/Substrate/GLints/dict_16_192_64_0p5_0p02_0002_0005.uasset" 4032
"../../../Engine/Content/EngineMaterials/Substrate/GLints/dict_16_192_64_0p5_0p02_0002_0006.uasset" 4033
"../../../Engine/Content/EngineMaterials/Substrate/GLints/dict_16_192_64_0p5_0p02_0002_0007.uasset" 4034
"../../../Engine/Content/EngineMaterials/Substrate/GLints/dict_16_192_64_0p5_0p02_0002_0008.uasset" 4035
"../../../Engine/Content/EngineMaterials/Substrate/GLints/dict_16_192_64_0p5_0p02_0002_0009.uasset" 4036
"../../../Engine/Content/EngineMaterials/Substrate/GLints/dict_16_192_64_0p5_0p02_0002_0010.uasset" 4037
"../../../Engine/Content/EngineMaterials/Substrate/GLints/dict_16_192_64_0p5_0p02_0002_0011.uasset" 4038
"../../../Engine/Content/EngineMaterials/Substrate/GLints/dict_16_192_64_0p5_0p02_0002_0012.uasset" 4039
"../../../Engine/Content/EngineMaterials/Substrate/GLints/dict_16_192_64_0p5_0p02_0002_0013.uasset" 4040
"../../../Engine/Content/EngineMaterials/Substrate/GLints/dict_16_192_64_0p5_0p02_0002_0014.uasset" 4041
"../../../Engine/Content/EngineMaterials/Substrate/GLints/dict_16_192_64_0p5_0p02_0002_0015.uasset" 4042
"../../../Engine/Content/EngineMaterials/Substrate/GLints/dict_16_192_64_0p5_0p02_0003_0000.uasset" 4043
"../../../Engine/Content/EngineMaterials/Substrate/GLints/dict_16_192_64_0p5_0p02_0003_0001.uasset" 4044
"../../../Engine/Content/EngineMaterials/Substrate/GLints/dict_16_192_64_0p5_0p02_0003_0002.uasset" 4045
"../../../Engine/Content/EngineMaterials/Substrate/GLints/dict_16_192_64_0p5_0p02_0003_0003.uasset" 4046
"../../../Engine/Content/EngineMaterials/Substrate/GLints/dict_16_192_64_0p5_0p02_0003_0004.uasset" 4047
"../../../Engine/Content/EngineMaterials/Substrate/GLints/dict_16_192_64_0p5_0p02_0003_0005.uasset" 4048
"../../../Engine/Content/EngineMaterials/Substrate/GLints/dict_16_192_64_0p5_0p02_0003_0006.uasset" 4049
"../../../Engine/Content/EngineMaterials/Substrate/GLints/dict_16_192_64_0p5_0p02_0003_0007.uasset" 4050
"../../../Engine/Content/EngineMaterials/Substrate/GLints/dict_16_192_64_0p5_0p02_0003_0008.uasset" 4051
"../../../Engine/Content/EngineMaterials/Substrate/GLints/dict_16_192_64_0p5_0p02_0003_0009.uasset" 4052
"../../../Engine/Content/EngineMaterials/Substrate/GLints/dict_16_192_64_0p5_0p02_0003_0010.uasset" 4053
"../../../Engine/Content/EngineMaterials/Substrate/GLints/dict_16_192_64_0p5_0p02_0003_0011.uasset" 4054
"../../../Engine/Content/EngineMaterials/Substrate/GLints/dict_16_192_64_0p5_0p02_0003_0012.uasset" 4055
"../../../Engine/Content/EngineMaterials/Substrate/GLints/dict_16_192_64_0p5_0p02_0003_0013.uasset" 4056
"../../../Engine/Content/EngineMaterials/Substrate/GLints/dict_16_192_64_0p5_0p02_0003_0014.uasset" 4057
"../../../Engine/Content/EngineMaterials/Substrate/GLints/dict_16_192_64_0p5_0p02_0003_0015.uasset" 4058
"../../../Engine/Content/EngineMaterials/Substrate/GLints/dict_16_192_64_0p5_0p02_0004_0000.uasset" 4059
"../../../Engine/Content/EngineMaterials/Substrate/GLints/dict_16_192_64_0p5_0p02_0004_0001.uasset" 4060
"../../../Engine/Content/EngineMaterials/Substrate/GLints/dict_16_192_64_0p5_0p02_0004_0002.uasset" 4061
"../../../Engine/Content/EngineMaterials/Substrate/GLints/dict_16_192_64_0p5_0p02_0004_0003.uasset" 4062
"../../../Engine/Content/EngineMaterials/Substrate/GLints/dict_16_192_64_0p5_0p02_0004_0004.uasset" 4063
"../../../Engine/Content/EngineMaterials/Substrate/GLints/dict_16_192_64_0p5_0p02_0004_0005.uasset" 4064
"../../../Engine/Content/EngineMaterials/Substrate/GLints/dict_16_192_64_0p5_0p02_0004_0006.uasset" 4065
"../../../Engine/Content/EngineMaterials/Substrate/GLints/dict_16_192_64_0p5_0p02_0004_0007.uasset" 4066
"../../../Engine/Content/EngineMaterials/Substrate/GLints/dict_16_192_64_0p5_0p02_0004_0008.uasset" 4067
"../../../Engine/Content/EngineMaterials/Substrate/GLints/dict_16_192_64_0p5_0p02_0004_0009.uasset" 4068
"../../../Engine/Content/EngineMaterials/Substrate/GLints/dict_16_192_64_0p5_0p02_0004_0010.uasset" 4069
"../../../Engine/Content/EngineMaterials/Substrate/GLints/dict_16_192_64_0p5_0p02_0004_0011.uasset" 4070
"../../../Engine/Content/EngineMaterials/Substrate/GLints/dict_16_192_64_0p5_0p02_0004_0012.uasset" 4071
"../../../Engine/Content/EngineMaterials/Substrate/GLints/dict_16_192_64_0p5_0p02_0004_0013.uasset" 4072
"../../../Engine/Content/EngineMaterials/Substrate/GLints/dict_16_192_64_0p5_0p02_0004_0014.uasset" 4073
"../../../Engine/Content/EngineMaterials/Substrate/GLints/dict_16_192_64_0p5_0p02_0004_0015.uasset" 4074
"../../../Engine/Content/EngineMaterials/Substrate/GLints/dict_16_192_64_0p5_0p02_0005_0000.uasset" 4075
"../../../Engine/Content/EngineMaterials/Substrate/GLints/dict_16_192_64_0p5_0p02_0005_0001.uasset" 4076
"../../../Engine/Content/EngineMaterials/Substrate/GLints/dict_16_192_64_0p5_0p02_0005_0002.uasset" 4077
"../../../Engine/Content/EngineMaterials/Substrate/GLints/dict_16_192_64_0p5_0p02_0005_0003.uasset" 4078
"../../../Engine/Content/EngineMaterials/Substrate/GLints/dict_16_192_64_0p5_0p02_0005_0004.uasset" 4079
"../../../Engine/Content/EngineMaterials/Substrate/GLints/dict_16_192_64_0p5_0p02_0005_0005.uasset" 4080
"../../../Engine/Content/EngineMaterials/Substrate/GLints/dict_16_192_64_0p5_0p02_0005_0006.uasset" 4081
"../../../Engine/Content/EngineMaterials/Substrate/GLints/dict_16_192_64_0p5_0p02_0005_0007.uasset" 4082
"../../../Engine/Content/EngineMaterials/Substrate/GLints/dict_16_192_64_0p5_0p02_0005_0008.uasset" 4083
"../../../Engine/Content/EngineMaterials/Substrate/GLints/dict_16_192_64_0p5_0p02_0005_0009.uasset" 4084
"../../../Engine/Content/EngineMaterials/Substrate/GLints/dict_16_192_64_0p5_0p02_0005_0010.uasset" 4085
"../../../Engine/Content/EngineMaterials/Substrate/GLints/dict_16_192_64_0p5_0p02_0005_0011.uasset" 4086
"../../../Engine/Content/EngineMaterials/Substrate/GLints/dict_16_192_64_0p5_0p02_0005_0012.uasset" 4087
"../../../Engine/Content/EngineMaterials/Substrate/GLints/dict_16_192_64_0p5_0p02_0005_0013.uasset" 4088
"../../../Engine/Content/EngineMaterials/Substrate/GLints/dict_16_192_64_0p5_0p02_0005_0014.uasset" 4089
"../../../Engine/Content/EngineMaterials/Substrate/GLints/dict_16_192_64_0p5_0p02_0005_0015.uasset" 4090
"../../../Engine/Content/EngineMaterials/Substrate/GLints/dict_16_192_64_0p5_0p02_0006_0000.uasset" 4091
"../../../Engine/Content/EngineMaterials/Substrate/GLints/dict_16_192_64_0p5_0p02_0006_0001.uasset" 4092
"../../../Engine/Content/EngineMaterials/Substrate/GLints/dict_16_192_64_0p5_0p02_0006_0002.uasset" 4093
"../../../Engine/Content/EngineMaterials/Substrate/GLints/dict_16_192_64_0p5_0p02_0006_0003.uasset" 4094
"../../../Engine/Content/EngineMaterials/Substrate/GLints/dict_16_192_64_0p5_0p02_0006_0004.uasset" 4095
"../../../Engine/Content/EngineMaterials/Substrate/GLints/dict_16_192_64_0p5_0p02_0006_0005.uasset" 4096
"../../../Engine/Content/EngineMaterials/Substrate/GLints/dict_16_192_64_0p5_0p02_0006_0006.uasset" 4097
"../../../Engine/Content/EngineMaterials/Substrate/GLints/dict_16_192_64_0p5_0p02_0006_0007.uasset" 4098
"../../../Engine/Content/EngineMaterials/Substrate/GLints/dict_16_192_64_0p5_0p02_0006_0008.uasset" 4099
"../../../Engine/Content/EngineMaterials/Substrate/GLints/dict_16_192_64_0p5_0p02_0006_0009.uasset" 4100
"../../../Engine/Content/EngineMaterials/Substrate/GLints/dict_16_192_64_0p5_0p02_0006_0010.uasset" 4101
"../../../Engine/Content/EngineMaterials/Substrate/GLints/dict_16_192_64_0p5_0p02_0006_0011.uasset" 4102
"../../../Engine/Content/EngineMaterials/Substrate/GLints/dict_16_192_64_0p5_0p02_0006_0012.uasset" 4103
"../../../Engine/Content/EngineMaterials/Substrate/GLints/dict_16_192_64_0p5_0p02_0006_0013.uasset" 4104
"../../../Engine/Content/EngineMaterials/Substrate/GLints/dict_16_192_64_0p5_0p02_0006_0014.uasset" 4105
"../../../Engine/Content/EngineMaterials/Substrate/GLints/dict_16_192_64_0p5_0p02_0006_0015.uasset" 4106
"../../../Engine/Content/EngineMaterials/Substrate/GLints/dict_16_192_64_0p5_0p02_0007_0000.uasset" 4107
"../../../Engine/Content/EngineMaterials/Substrate/GLints/dict_16_192_64_0p5_0p02_0007_0001.uasset" 4108
"../../../Engine/Content/EngineMaterials/Substrate/GLints/dict_16_192_64_0p5_0p02_0007_0002.uasset" 4109
"../../../Engine/Content/EngineMaterials/Substrate/GLints/dict_16_192_64_0p5_0p02_0007_0003.uasset" 4110
"../../../Engine/Content/EngineMaterials/Substrate/GLints/dict_16_192_64_0p5_0p02_0007_0004.uasset" 4111
"../../../Engine/Content/EngineMaterials/Substrate/GLints/dict_16_192_64_0p5_0p02_0007_0005.uasset" 4112
"../../../Engine/Content/EngineMaterials/Substrate/GLints/dict_16_192_64_0p5_0p02_0007_0006.uasset" 4113
"../../../Engine/Content/EngineMaterials/Substrate/GLints/dict_16_192_64_0p5_0p02_0007_0007.uasset" 4114
"../../../Engine/Content/EngineMaterials/Substrate/GLints/dict_16_192_64_0p5_0p02_0007_0008.uasset" 4115
"../../../Engine/Content/EngineMaterials/Substrate/GLints/dict_16_192_64_0p5_0p02_0007_0009.uasset" 4116
"../../../Engine/Content/EngineMaterials/Substrate/GLints/dict_16_192_64_0p5_0p02_0007_0010.uasset" 4117
"../../../Engine/Content/EngineMaterials/Substrate/GLints/dict_16_192_64_0p5_0p02_0007_0011.uasset" 4118
"../../../Engine/Content/EngineMaterials/Substrate/GLints/dict_16_192_64_0p5_0p02_0007_0012.uasset" 4119
"../../../Engine/Content/EngineMaterials/Substrate/GLints/dict_16_192_64_0p5_0p02_0007_0013.uasset" 4120
"../../../Engine/Content/EngineMaterials/Substrate/GLints/dict_16_192_64_0p5_0p02_0007_0014.uasset" 4121
"../../../Engine/Content/EngineMaterials/Substrate/GLints/dict_16_192_64_0p5_0p02_0007_0015.uasset" 4122
"../../../Engine/Content/EngineMaterials/Substrate/GLints/dict_16_192_64_0p5_0p02_0008_0000.uasset" 4123
"../../../Engine/Content/EngineMaterials/Substrate/GLints/dict_16_192_64_0p5_0p02_0008_0001.uasset" 4124
"../../../Engine/Content/EngineMaterials/Substrate/GLints/dict_16_192_64_0p5_0p02_0008_0002.uasset" 4125
"../../../Engine/Content/EngineMaterials/Substrate/GLints/dict_16_192_64_0p5_0p02_0008_0003.uasset" 4126
"../../../Engine/Content/EngineMaterials/Substrate/GLints/dict_16_192_64_0p5_0p02_0008_0004.uasset" 4127
"../../../Engine/Content/EngineMaterials/Substrate/GLints/dict_16_192_64_0p5_0p02_0008_0005.uasset" 4128
"../../../Engine/Content/EngineMaterials/Substrate/GLints/dict_16_192_64_0p5_0p02_0008_0006.uasset" 4129
"../../../Engine/Content/EngineMaterials/Substrate/GLints/dict_16_192_64_0p5_0p02_0008_0007.uasset" 4130
"../../../Engine/Content/EngineMaterials/Substrate/GLints/dict_16_192_64_0p5_0p02_0008_0008.uasset" 4131
"../../../Engine/Content/EngineMaterials/Substrate/GLints/dict_16_192_64_0p5_0p02_0008_0009.uasset" 4132
"../../../Engine/Content/EngineMaterials/Substrate/GLints/dict_16_192_64_0p5_0p02_0008_0010.uasset" 4133
"../../../Engine/Content/EngineMaterials/Substrate/GLints/dict_16_192_64_0p5_0p02_0008_0011.uasset" 4134
"../../../Engine/Content/EngineMaterials/Substrate/GLints/dict_16_192_64_0p5_0p02_0008_0012.uasset" 4135
"../../../Engine/Content/EngineMaterials/Substrate/GLints/dict_16_192_64_0p5_0p02_0008_0013.uasset" 4136
"../../../Engine/Content/EngineMaterials/Substrate/GLints/dict_16_192_64_0p5_0p02_0008_0014.uasset" 4137
"../../../Engine/Content/EngineMaterials/Substrate/GLints/dict_16_192_64_0p5_0p02_0008_0015.uasset" 4138
"../../../Engine/Content/EngineMaterials/Substrate/GLints/dict_16_192_64_0p5_0p02_0009_0000.uasset" 4139
"../../../Engine/Content/EngineMaterials/Substrate/GLints/dict_16_192_64_0p5_0p02_0009_0001.uasset" 4140
"../../../Engine/Content/EngineMaterials/Substrate/GLints/dict_16_192_64_0p5_0p02_0009_0002.uasset" 4141
"../../../Engine/Content/EngineMaterials/Substrate/GLints/dict_16_192_64_0p5_0p02_0009_0003.uasset" 4142
"../../../Engine/Content/EngineMaterials/Substrate/GLints/dict_16_192_64_0p5_0p02_0009_0004.uasset" 4143
"../../../Engine/Content/EngineMaterials/Substrate/GLints/dict_16_192_64_0p5_0p02_0009_0005.uasset" 4144
"../../../Engine/Content/EngineMaterials/Substrate/GLints/dict_16_192_64_0p5_0p02_0009_0006.uasset" 4145
"../../../Engine/Content/EngineMaterials/Substrate/GLints/dict_16_192_64_0p5_0p02_0009_0007.uasset" 4146
"../../../Engine/Content/EngineMaterials/Substrate/GLints/dict_16_192_64_0p5_0p02_0009_0008.uasset" 4147
"../../../Engine/Content/EngineMaterials/Substrate/GLints/dict_16_192_64_0p5_0p02_0009_0009.uasset" 4148
"../../../Engine/Content/EngineMaterials/Substrate/GLints/dict_16_192_64_0p5_0p02_0009_0010.uasset" 4149
"../../../Engine/Content/EngineMaterials/Substrate/GLints/dict_16_192_64_0p5_0p02_0009_0011.uasset" 4150
"../../../Engine/Content/EngineMaterials/Substrate/GLints/dict_16_192_64_0p5_0p02_0009_0012.uasset" 4151
"../../../Engine/Content/EngineMaterials/Substrate/GLints/dict_16_192_64_0p5_0p02_0009_0013.uasset" 4152
"../../../Engine/Content/EngineMaterials/Substrate/GLints/dict_16_192_64_0p5_0p02_0009_0014.uasset" 4153
"../../../Engine/Content/EngineMaterials/Substrate/GLints/dict_16_192_64_0p5_0p02_0009_0015.uasset" 4154
"../../../Engine/Content/EngineMaterials/Substrate/GLints/dict_16_192_64_0p5_0p02_0010_0000.uasset" 4155
"../../../Engine/Content/EngineMaterials/Substrate/GLints/dict_16_192_64_0p5_0p02_0010_0001.uasset" 4156
"../../../Engine/Content/EngineMaterials/Substrate/GLints/dict_16_192_64_0p5_0p02_0010_0002.uasset" 4157
"../../../Engine/Content/EngineMaterials/Substrate/GLints/dict_16_192_64_0p5_0p02_0010_0003.uasset" 4158
"../../../Engine/Content/EngineMaterials/Substrate/GLints/dict_16_192_64_0p5_0p02_0010_0004.uasset" 4159
"../../../Engine/Content/EngineMaterials/Substrate/GLints/dict_16_192_64_0p5_0p02_0010_0005.uasset" 4160
"../../../Engine/Content/EngineMaterials/Substrate/GLints/dict_16_192_64_0p5_0p02_0010_0006.uasset" 4161
"../../../Engine/Content/EngineMaterials/Substrate/GLints/dict_16_192_64_0p5_0p02_0010_0007.uasset" 4162
"../../../Engine/Content/EngineMaterials/Substrate/GLints/dict_16_192_64_0p5_0p02_0010_0008.uasset" 4163
"../../../Engine/Content/EngineMaterials/Substrate/GLints/dict_16_192_64_0p5_0p02_0010_0009.uasset" 4164
"../../../Engine/Content/EngineMaterials/Substrate/GLints/dict_16_192_64_0p5_0p02_0010_0010.uasset" 4165
"../../../Engine/Content/EngineMaterials/Substrate/GLints/dict_16_192_64_0p5_0p02_0010_0011.uasset" 4166
"../../../Engine/Content/EngineMaterials/Substrate/GLints/dict_16_192_64_0p5_0p02_0010_0012.uasset" 4167
"../../../Engine/Content/EngineMaterials/Substrate/GLints/dict_16_192_64_0p5_0p02_0010_0013.uasset" 4168
"../../../Engine/Content/EngineMaterials/Substrate/GLints/dict_16_192_64_0p5_0p02_0010_0014.uasset" 4169
"../../../Engine/Content/EngineMaterials/Substrate/GLints/dict_16_192_64_0p5_0p02_0010_0015.uasset" 4170
"../../../Engine/Content/EngineMaterials/Substrate/GLints/dict_16_192_64_0p5_0p02_0011_0000.uasset" 4171
"../../../Engine/Content/EngineMaterials/Substrate/GLints/dict_16_192_64_0p5_0p02_0011_0001.uasset" 4172
"../../../Engine/Content/EngineMaterials/Substrate/GLints/dict_16_192_64_0p5_0p02_0011_0002.uasset" 4173
"../../../Engine/Content/EngineMaterials/Substrate/GLints/dict_16_192_64_0p5_0p02_0011_0003.uasset" 4174
"../../../Engine/Content/EngineMaterials/Substrate/GLints/dict_16_192_64_0p5_0p02_0011_0004.uasset" 4175
"../../../Engine/Content/EngineMaterials/Substrate/GLints/dict_16_192_64_0p5_0p02_0011_0005.uasset" 4176
"../../../Engine/Content/EngineMaterials/Substrate/GLints/dict_16_192_64_0p5_0p02_0011_0006.uasset" 4177
"../../../Engine/Content/EngineMaterials/Substrate/GLints/dict_16_192_64_0p5_0p02_0011_0007.uasset" 4178
"../../../Engine/Content/EngineMaterials/Substrate/GLints/dict_16_192_64_0p5_0p02_0011_0008.uasset" 4179
"../../../Engine/Content/EngineMaterials/Substrate/GLints/dict_16_192_64_0p5_0p02_0011_0009.uasset" 4180
"../../../Engine/Content/EngineMaterials/Substrate/GLints/dict_16_192_64_0p5_0p02_0011_0010.uasset" 4181
"../../../Engine/Content/EngineMaterials/Substrate/GLints/dict_16_192_64_0p5_0p02_0011_0011.uasset" 4182
"../../../Engine/Content/EngineMaterials/Substrate/GLints/dict_16_192_64_0p5_0p02_0011_0012.uasset" 4183
"../../../Engine/Content/EngineMaterials/Substrate/GLints/dict_16_192_64_0p5_0p02_0011_0013.uasset" 4184
"../../../Engine/Content/EngineMaterials/Substrate/GLints/dict_16_192_64_0p5_0p02_0011_0014.uasset" 4185
"../../../Engine/Content/EngineMaterials/Substrate/GLints/dict_16_192_64_0p5_0p02_0011_0015.uasset" 4186
"../../../Engine/Content/EngineMaterials/Substrate/GLints/dict_16_192_64_0p5_0p02_0012_0000.uasset" 4187
"../../../Engine/Content/EngineMaterials/Substrate/GLints/dict_16_192_64_0p5_0p02_0012_0001.uasset" 4188
"../../../Engine/Content/EngineMaterials/Substrate/GLints/dict_16_192_64_0p5_0p02_0012_0002.uasset" 4189
"../../../Engine/Content/EngineMaterials/Substrate/GLints/dict_16_192_64_0p5_0p02_0012_0003.uasset" 4190
"../../../Engine/Content/EngineMaterials/Substrate/GLints/dict_16_192_64_0p5_0p02_0012_0004.uasset" 4191
"../../../Engine/Content/EngineMaterials/Substrate/GLints/dict_16_192_64_0p5_0p02_0012_0005.uasset" 4192
"../../../Engine/Content/EngineMaterials/Substrate/GLints/dict_16_192_64_0p5_0p02_0012_0006.uasset" 4193
"../../../Engine/Content/EngineMaterials/Substrate/GLints/dict_16_192_64_0p5_0p02_0012_0007.uasset" 4194
"../../../Engine/Content/EngineMaterials/Substrate/GLints/dict_16_192_64_0p5_0p02_0012_0008.uasset" 4195
"../../../Engine/Content/EngineMaterials/Substrate/GLints/dict_16_192_64_0p5_0p02_0012_0009.uasset" 4196
"../../../Engine/Content/EngineMaterials/Substrate/GLints/dict_16_192_64_0p5_0p02_0012_0010.uasset" 4197
"../../../Engine/Content/EngineMaterials/Substrate/GLints/dict_16_192_64_0p5_0p02_0012_0011.uasset" 4198
"../../../Engine/Content/EngineMaterials/Substrate/GLints/dict_16_192_64_0p5_0p02_0012_0012.uasset" 4199
"../../../Engine/Content/EngineMaterials/Substrate/GLints/dict_16_192_64_0p5_0p02_0012_0013.uasset" 4200
"../../../Engine/Content/EngineMaterials/Substrate/GLints/dict_16_192_64_0p5_0p02_0012_0014.uasset" 4201
"../../../Engine/Content/EngineMaterials/Substrate/GLints/dict_16_192_64_0p5_0p02_0012_0015.uasset" 4202
"../../../Engine/Content/EngineMaterials/Substrate/GLints/dict_16_192_64_0p5_0p02_0013_0000.uasset" 4203
"../../../Engine/Content/EngineMaterials/Substrate/GLints/dict_16_192_64_0p5_0p02_0013_0001.uasset" 4204
"../../../Engine/Content/EngineMaterials/Substrate/GLints/dict_16_192_64_0p5_0p02_0013_0002.uasset" 4205
"../../../Engine/Content/EngineMaterials/Substrate/GLints/dict_16_192_64_0p5_0p02_0013_0003.uasset" 4206
"../../../Engine/Content/EngineMaterials/Substrate/GLints/dict_16_192_64_0p5_0p02_0013_0004.uasset" 4207
"../../../Engine/Content/EngineMaterials/Substrate/GLints/dict_16_192_64_0p5_0p02_0013_0005.uasset" 4208
"../../../Engine/Content/EngineMaterials/Substrate/GLints/dict_16_192_64_0p5_0p02_0013_0006.uasset" 4209
"../../../Engine/Content/EngineMaterials/Substrate/GLints/dict_16_192_64_0p5_0p02_0013_0007.uasset" 4210
"../../../Engine/Content/EngineMaterials/Substrate/GLints/dict_16_192_64_0p5_0p02_0013_0008.uasset" 4211
"../../../Engine/Content/EngineMaterials/Substrate/GLints/dict_16_192_64_0p5_0p02_0013_0009.uasset" 4212
"../../../Engine/Content/EngineMaterials/Substrate/GLints/dict_16_192_64_0p5_0p02_0013_0010.uasset" 4213
"../../../Engine/Content/EngineMaterials/Substrate/GLints/dict_16_192_64_0p5_0p02_0013_0011.uasset" 4214
"../../../Engine/Content/EngineMaterials/Substrate/GLints/dict_16_192_64_0p5_0p02_0013_0012.uasset" 4215
"../../../Engine/Content/EngineMaterials/Substrate/GLints/dict_16_192_64_0p5_0p02_0013_0013.uasset" 4216
"../../../Engine/Content/EngineMaterials/Substrate/GLints/dict_16_192_64_0p5_0p02_0013_0014.uasset" 4217
"../../../Engine/Content/EngineMaterials/Substrate/GLints/dict_16_192_64_0p5_0p02_0013_0015.uasset" 4218
"../../../Engine/Content/EngineMaterials/Substrate/GLints/dict_16_192_64_0p5_0p02_0014_0000.uasset" 4219
"../../../Engine/Content/EngineMaterials/Substrate/GLints/dict_16_192_64_0p5_0p02_0014_0001.uasset" 4220
"../../../Engine/Content/EngineMaterials/Substrate/GLints/dict_16_192_64_0p5_0p02_0014_0002.uasset" 4221
"../../../Engine/Content/EngineMaterials/Substrate/GLints/dict_16_192_64_0p5_0p02_0014_0003.uasset" 4222
"../../../Engine/Content/EngineMaterials/Substrate/GLints/dict_16_192_64_0p5_0p02_0014_0004.uasset" 4223
"../../../Engine/Content/EngineMaterials/Substrate/GLints/dict_16_192_64_0p5_0p02_0014_0005.uasset" 4224
"../../../Engine/Content/EngineMaterials/Substrate/GLints/dict_16_192_64_0p5_0p02_0014_0006.uasset" 4225
"../../../Engine/Content/EngineMaterials/Substrate/GLints/dict_16_192_64_0p5_0p02_0014_0007.uasset" 4226
"../../../Engine/Content/EngineMaterials/Substrate/GLints/dict_16_192_64_0p5_0p02_0014_0008.uasset" 4227
"../../../Engine/Content/EngineMaterials/Substrate/GLints/dict_16_192_64_0p5_0p02_0014_0009.uasset" 4228
"../../../Engine/Content/EngineMaterials/Substrate/GLints/dict_16_192_64_0p5_0p02_0014_0010.uasset" 4229
"../../../Engine/Content/EngineMaterials/Substrate/GLints/dict_16_192_64_0p5_0p02_0014_0011.uasset" 4230
"../../../Engine/Content/EngineMaterials/Substrate/GLints/dict_16_192_64_0p5_0p02_0014_0012.uasset" 4231
"../../../Engine/Content/EngineMaterials/Substrate/GLints/dict_16_192_64_0p5_0p02_0014_0013.uasset" 4232
"../../../Engine/Content/EngineMaterials/Substrate/GLints/dict_16_192_64_0p5_0p02_0014_0014.uasset" 4233
"../../../Engine/Content/EngineMaterials/Substrate/GLints/dict_16_192_64_0p5_0p02_0014_0015.uasset" 4234
"../../../Engine/Content/EngineMaterials/Substrate/GLints/dict_16_192_64_0p5_0p02_0015_0000.uasset" 4235
"../../../Engine/Content/EngineMaterials/Substrate/GLints/dict_16_192_64_0p5_0p02_0015_0001.uasset" 4236
"../../../Engine/Content/EngineMaterials/Substrate/GLints/dict_16_192_64_0p5_0p02_0015_0002.uasset" 4237
"../../../Engine/Content/EngineMaterials/Substrate/GLints/dict_16_192_64_0p5_0p02_0015_0003.uasset" 4238
"../../../Engine/Content/EngineMaterials/Substrate/GLints/dict_16_192_64_0p5_0p02_0015_0004.uasset" 4239
"../../../Engine/Content/EngineMaterials/Substrate/GLints/dict_16_192_64_0p5_0p02_0015_0005.uasset" 4240
"../../../Engine/Content/EngineMaterials/Substrate/GLints/dict_16_192_64_0p5_0p02_0015_0006.uasset" 4241
"../../../Engine/Content/EngineMaterials/Substrate/GLints/dict_16_192_64_0p5_0p02_0015_0007.uasset" 4242
"../../../Engine/Content/EngineMaterials/Substrate/GLints/dict_16_192_64_0p5_0p02_0015_0008.uasset" 4243
"../../../Engine/Content/EngineMaterials/Substrate/GLints/dict_16_192_64_0p5_0p02_0015_0009.uasset" 4244
"../../../Engine/Content/EngineMaterials/Substrate/GLints/dict_16_192_64_0p5_0p02_0015_0010.uasset" 4245
"../../../Engine/Content/EngineMaterials/Substrate/GLints/dict_16_192_64_0p5_0p02_0015_0011.uasset" 4246
"../../../Engine/Content/EngineMaterials/Substrate/GLints/dict_16_192_64_0p5_0p02_0015_0012.uasset" 4247
"../../../Engine/Content/EngineMaterials/Substrate/GLints/dict_16_192_64_0p5_0p02_0015_0013.uasset" 4248
"../../../Engine/Content/EngineMaterials/Substrate/GLints/dict_16_192_64_0p5_0p02_0015_0014.uasset" 4249
"../../../Engine/Content/EngineMaterials/Substrate/GLints/dict_16_192_64_0p5_0p02_0015_0015.uasset" 4250
"../../../Engine/Content/EngineMaterials/Substrate/GLints/dict_16_192_64_0p5_0p02_0016_0000.uasset" 4251
"../../../Engine/Content/EngineMaterials/Substrate/GLints/dict_16_192_64_0p5_0p02_0016_0001.uasset" 4252
"../../../Engine/Content/EngineMaterials/Substrate/GLints/dict_16_192_64_0p5_0p02_0016_0002.uasset" 4253
"../../../Engine/Content/EngineMaterials/Substrate/GLints/dict_16_192_64_0p5_0p02_0016_0003.uasset" 4254
"../../../Engine/Content/EngineMaterials/Substrate/GLints/dict_16_192_64_0p5_0p02_0016_0004.uasset" 4255
"../../../Engine/Content/EngineMaterials/Substrate/GLints/dict_16_192_64_0p5_0p02_0016_0005.uasset" 4256
"../../../Engine/Content/EngineMaterials/Substrate/GLints/dict_16_192_64_0p5_0p02_0016_0006.uasset" 4257
"../../../Engine/Content/EngineMaterials/Substrate/GLints/dict_16_192_64_0p5_0p02_0016_0007.uasset" 4258
"../../../Engine/Content/EngineMaterials/Substrate/GLints/dict_16_192_64_0p5_0p02_0016_0008.uasset" 4259
"../../../Engine/Content/EngineMaterials/Substrate/GLints/dict_16_192_64_0p5_0p02_0016_0009.uasset" 4260
"../../../Engine/Content/EngineMaterials/Substrate/GLints/dict_16_192_64_0p5_0p02_0016_0010.uasset" 4261
"../../../Engine/Content/EngineMaterials/Substrate/GLints/dict_16_192_64_0p5_0p02_0016_0011.uasset" 4262
"../../../Engine/Content/EngineMaterials/Substrate/GLints/dict_16_192_64_0p5_0p02_0016_0012.uasset" 4263
"../../../Engine/Content/EngineMaterials/Substrate/GLints/dict_16_192_64_0p5_0p02_0016_0013.uasset" 4264
"../../../Engine/Content/EngineMaterials/Substrate/GLints/dict_16_192_64_0p5_0p02_0016_0014.uasset" 4265
"../../../Engine/Content/EngineMaterials/Substrate/GLints/dict_16_192_64_0p5_0p02_0016_0015.uasset" 4266
"../../../Engine/Content/EngineMaterials/Substrate/GLints/dict_16_192_64_0p5_0p02_0017_0000.uasset" 4267
"../../../Engine/Content/EngineMaterials/Substrate/GLints/dict_16_192_64_0p5_0p02_0017_0001.uasset" 4268
"../../../Engine/Content/EngineMaterials/Substrate/GLints/dict_16_192_64_0p5_0p02_0017_0002.uasset" 4269
"../../../Engine/Content/EngineMaterials/Substrate/GLints/dict_16_192_64_0p5_0p02_0017_0003.uasset" 4270
"../../../Engine/Content/EngineMaterials/Substrate/GLints/dict_16_192_64_0p5_0p02_0017_0004.uasset" 4271
"../../../Engine/Content/EngineMaterials/Substrate/GLints/dict_16_192_64_0p5_0p02_0017_0005.uasset" 4272
"../../../Engine/Content/EngineMaterials/Substrate/GLints/dict_16_192_64_0p5_0p02_0017_0006.uasset" 4273
"../../../Engine/Content/EngineMaterials/Substrate/GLints/dict_16_192_64_0p5_0p02_0017_0007.uasset" 4274
"../../../Engine/Content/EngineMaterials/Substrate/GLints/dict_16_192_64_0p5_0p02_0017_0008.uasset" 4275
"../../../Engine/Content/EngineMaterials/Substrate/GLints/dict_16_192_64_0p5_0p02_0017_0009.uasset" 4276
"../../../Engine/Content/EngineMaterials/Substrate/GLints/dict_16_192_64_0p5_0p02_0017_0010.uasset" 4277
"../../../Engine/Content/EngineMaterials/Substrate/GLints/dict_16_192_64_0p5_0p02_0017_0011.uasset" 4278
"../../../Engine/Content/EngineMaterials/Substrate/GLints/dict_16_192_64_0p5_0p02_0017_0012.uasset" 4279
"../../../Engine/Content/EngineMaterials/Substrate/GLints/dict_16_192_64_0p5_0p02_0017_0013.uasset" 4280
"../../../Engine/Content/EngineMaterials/Substrate/GLints/dict_16_192_64_0p5_0p02_0017_0014.uasset" 4281
"../../../Engine/Content/EngineMaterials/Substrate/GLints/dict_16_192_64_0p5_0p02_0017_0015.uasset" 4282
"../../../Engine/Content/EngineMaterials/Substrate/GLints/dict_16_192_64_0p5_0p02_0018_0000.uasset" 4283
"../../../Engine/Content/EngineMaterials/Substrate/GLints/dict_16_192_64_0p5_0p02_0018_0001.uasset" 4284
"../../../Engine/Content/EngineMaterials/Substrate/GLints/dict_16_192_64_0p5_0p02_0018_0002.uasset" 4285
"../../../Engine/Content/EngineMaterials/Substrate/GLints/dict_16_192_64_0p5_0p02_0018_0003.uasset" 4286
"../../../Engine/Content/EngineMaterials/Substrate/GLints/dict_16_192_64_0p5_0p02_0018_0004.uasset" 4287
"../../../Engine/Content/EngineMaterials/Substrate/GLints/dict_16_192_64_0p5_0p02_0018_0005.uasset" 4288
"../../../Engine/Content/EngineMaterials/Substrate/GLints/dict_16_192_64_0p5_0p02_0018_0006.uasset" 4289
"../../../Engine/Content/EngineMaterials/Substrate/GLints/dict_16_192_64_0p5_0p02_0018_0007.uasset" 4290
"../../../Engine/Content/EngineMaterials/Substrate/GLints/dict_16_192_64_0p5_0p02_0018_0008.uasset" 4291
"../../../Engine/Content/EngineMaterials/Substrate/GLints/dict_16_192_64_0p5_0p02_0018_0009.uasset" 4292
"../../../Engine/Content/EngineMaterials/Substrate/GLints/dict_16_192_64_0p5_0p02_0018_0010.uasset" 4293
"../../../Engine/Content/EngineMaterials/Substrate/GLints/dict_16_192_64_0p5_0p02_0018_0011.uasset" 4294
"../../../Engine/Content/EngineMaterials/Substrate/GLints/dict_16_192_64_0p5_0p02_0018_0012.uasset" 4295
"../../../Engine/Content/EngineMaterials/Substrate/GLints/dict_16_192_64_0p5_0p02_0018_0013.uasset" 4296
"../../../Engine/Content/EngineMaterials/Substrate/GLints/dict_16_192_64_0p5_0p02_0018_0014.uasset" 4297
"../../../Engine/Content/EngineMaterials/Substrate/GLints/dict_16_192_64_0p5_0p02_0018_0015.uasset" 4298
"../../../Engine/Content/EngineMaterials/Substrate/GLints/dict_16_192_64_0p5_0p02_0019_0000.uasset" 4299
"../../../Engine/Content/EngineMaterials/Substrate/GLints/dict_16_192_64_0p5_0p02_0019_0001.uasset" 4300
"../../../Engine/Content/EngineMaterials/Substrate/GLints/dict_16_192_64_0p5_0p02_0019_0002.uasset" 4301
"../../../Engine/Content/EngineMaterials/Substrate/GLints/dict_16_192_64_0p5_0p02_0019_0003.uasset" 4302
"../../../Engine/Content/EngineMaterials/Substrate/GLints/dict_16_192_64_0p5_0p02_0019_0004.uasset" 4303
"../../../Engine/Content/EngineMaterials/Substrate/GLints/dict_16_192_64_0p5_0p02_0019_0005.uasset" 4304
"../../../Engine/Content/EngineMaterials/Substrate/GLints/dict_16_192_64_0p5_0p02_0019_0006.uasset" 4305
"../../../Engine/Content/EngineMaterials/Substrate/GLints/dict_16_192_64_0p5_0p02_0019_0007.uasset" 4306
"../../../Engine/Content/EngineMaterials/Substrate/GLints/dict_16_192_64_0p5_0p02_0019_0008.uasset" 4307
"../../../Engine/Content/EngineMaterials/Substrate/GLints/dict_16_192_64_0p5_0p02_0019_0009.uasset" 4308
"../../../Engine/Content/EngineMaterials/Substrate/GLints/dict_16_192_64_0p5_0p02_0019_0010.uasset" 4309
"../../../Engine/Content/EngineMaterials/Substrate/GLints/dict_16_192_64_0p5_0p02_0019_0011.uasset" 4310
"../../../Engine/Content/EngineMaterials/Substrate/GLints/dict_16_192_64_0p5_0p02_0019_0012.uasset" 4311
"../../../Engine/Content/EngineMaterials/Substrate/GLints/dict_16_192_64_0p5_0p02_0019_0013.uasset" 4312
"../../../Engine/Content/EngineMaterials/Substrate/GLints/dict_16_192_64_0p5_0p02_0019_0014.uasset" 4313
"../../../Engine/Content/EngineMaterials/Substrate/GLints/dict_16_192_64_0p5_0p02_0019_0015.uasset" 4314
"../../../Engine/Content/EngineMaterials/Substrate/GLints/dict_16_192_64_0p5_0p02_0020_0000.uasset" 4315
"../../../Engine/Content/EngineMaterials/Substrate/GLints/dict_16_192_64_0p5_0p02_0020_0001.uasset" 4316
"../../../Engine/Content/EngineMaterials/Substrate/GLints/dict_16_192_64_0p5_0p02_0020_0002.uasset" 4317
"../../../Engine/Content/EngineMaterials/Substrate/GLints/dict_16_192_64_0p5_0p02_0020_0003.uasset" 4318
"../../../Engine/Content/EngineMaterials/Substrate/GLints/dict_16_192_64_0p5_0p02_0020_0004.uasset" 4319
"../../../Engine/Content/EngineMaterials/Substrate/GLints/dict_16_192_64_0p5_0p02_0020_0005.uasset" 4320
"../../../Engine/Content/EngineMaterials/Substrate/GLints/dict_16_192_64_0p5_0p02_0020_0006.uasset" 4321
"../../../Engine/Content/EngineMaterials/Substrate/GLints/dict_16_192_64_0p5_0p02_0020_0007.uasset" 4322
"../../../Engine/Content/EngineMaterials/Substrate/GLints/dict_16_192_64_0p5_0p02_0020_0008.uasset" 4323
"../../../Engine/Content/EngineMaterials/Substrate/GLints/dict_16_192_64_0p5_0p02_0020_0009.uasset" 4324
"../../../Engine/Content/EngineMaterials/Substrate/GLints/dict_16_192_64_0p5_0p02_0020_0010.uasset" 4325
"../../../Engine/Content/EngineMaterials/Substrate/GLints/dict_16_192_64_0p5_0p02_0020_0011.uasset" 4326
"../../../Engine/Content/EngineMaterials/Substrate/GLints/dict_16_192_64_0p5_0p02_0020_0012.uasset" 4327
"../../../Engine/Content/EngineMaterials/Substrate/GLints/dict_16_192_64_0p5_0p02_0020_0013.uasset" 4328
"../../../Engine/Content/EngineMaterials/Substrate/GLints/dict_16_192_64_0p5_0p02_0020_0014.uasset" 4329
"../../../Engine/Content/EngineMaterials/Substrate/GLints/dict_16_192_64_0p5_0p02_0020_0015.uasset" 4330
"../../../Engine/Content/EngineMaterials/Substrate/GLints/dict_16_192_64_0p5_0p02_0021_0000.uasset" 4331
"../../../Engine/Content/EngineMaterials/Substrate/GLints/dict_16_192_64_0p5_0p02_0021_0001.uasset" 4332
"../../../Engine/Content/EngineMaterials/Substrate/GLints/dict_16_192_64_0p5_0p02_0021_0002.uasset" 4333
"../../../Engine/Content/EngineMaterials/Substrate/GLints/dict_16_192_64_0p5_0p02_0021_0003.uasset" 4334
"../../../Engine/Content/EngineMaterials/Substrate/GLints/dict_16_192_64_0p5_0p02_0021_0004.uasset" 4335
"../../../Engine/Content/EngineMaterials/Substrate/GLints/dict_16_192_64_0p5_0p02_0021_0005.uasset" 4336
"../../../Engine/Content/EngineMaterials/Substrate/GLints/dict_16_192_64_0p5_0p02_0021_0006.uasset" 4337
"../../../Engine/Content/EngineMaterials/Substrate/GLints/dict_16_192_64_0p5_0p02_0021_0007.uasset" 4338
"../../../Engine/Content/EngineMaterials/Substrate/GLints/dict_16_192_64_0p5_0p02_0021_0008.uasset" 4339
"../../../Engine/Content/EngineMaterials/Substrate/GLints/dict_16_192_64_0p5_0p02_0021_0009.uasset" 4340
"../../../Engine/Content/EngineMaterials/Substrate/GLints/dict_16_192_64_0p5_0p02_0021_0010.uasset" 4341
"../../../Engine/Content/EngineMaterials/Substrate/GLints/dict_16_192_64_0p5_0p02_0021_0011.uasset" 4342
"../../../Engine/Content/EngineMaterials/Substrate/GLints/dict_16_192_64_0p5_0p02_0021_0012.uasset" 4343
"../../../Engine/Content/EngineMaterials/Substrate/GLints/dict_16_192_64_0p5_0p02_0021_0013.uasset" 4344
"../../../Engine/Content/EngineMaterials/Substrate/GLints/dict_16_192_64_0p5_0p02_0021_0014.uasset" 4345
"../../../Engine/Content/EngineMaterials/Substrate/GLints/dict_16_192_64_0p5_0p02_0021_0015.uasset" 4346
"../../../Engine/Content/EngineMaterials/Substrate/GLints/dict_16_192_64_0p5_0p02_0022_0000.uasset" 4347
"../../../Engine/Content/EngineMaterials/Substrate/GLints/dict_16_192_64_0p5_0p02_0022_0001.uasset" 4348
"../../../Engine/Content/EngineMaterials/Substrate/GLints/dict_16_192_64_0p5_0p02_0022_0002.uasset" 4349
"../../../Engine/Content/EngineMaterials/Substrate/GLints/dict_16_192_64_0p5_0p02_0022_0003.uasset" 4350
"../../../Engine/Content/EngineMaterials/Substrate/GLints/dict_16_192_64_0p5_0p02_0022_0004.uasset" 4351
"../../../Engine/Content/EngineMaterials/Substrate/GLints/dict_16_192_64_0p5_0p02_0022_0005.uasset" 4352
"../../../Engine/Content/EngineMaterials/Substrate/GLints/dict_16_192_64_0p5_0p02_0022_0006.uasset" 4353
"../../../Engine/Content/EngineMaterials/Substrate/GLints/dict_16_192_64_0p5_0p02_0022_0007.uasset" 4354
"../../../Engine/Content/EngineMaterials/Substrate/GLints/dict_16_192_64_0p5_0p02_0022_0008.uasset" 4355
"../../../Engine/Content/EngineMaterials/Substrate/GLints/dict_16_192_64_0p5_0p02_0022_0009.uasset" 4356
"../../../Engine/Content/EngineMaterials/Substrate/GLints/dict_16_192_64_0p5_0p02_0022_0010.uasset" 4357
"../../../Engine/Content/EngineMaterials/Substrate/GLints/dict_16_192_64_0p5_0p02_0022_0011.uasset" 4358
"../../../Engine/Content/EngineMaterials/Substrate/GLints/dict_16_192_64_0p5_0p02_0022_0012.uasset" 4359
"../../../Engine/Content/EngineMaterials/Substrate/GLints/dict_16_192_64_0p5_0p02_0022_0013.uasset" 4360
"../../../Engine/Content/EngineMaterials/Substrate/GLints/dict_16_192_64_0p5_0p02_0022_0014.uasset" 4361
"../../../Engine/Content/EngineMaterials/Substrate/GLints/dict_16_192_64_0p5_0p02_0022_0015.uasset" 4362
"../../../Engine/Content/EngineMaterials/Substrate/GLints/dict_16_192_64_0p5_0p02_0023_0000.uasset" 4363
"../../../Engine/Content/EngineMaterials/Substrate/GLints/dict_16_192_64_0p5_0p02_0023_0001.uasset" 4364
"../../../Engine/Content/EngineMaterials/Substrate/GLints/dict_16_192_64_0p5_0p02_0023_0002.uasset" 4365
"../../../Engine/Content/EngineMaterials/Substrate/GLints/dict_16_192_64_0p5_0p02_0023_0003.uasset" 4366
"../../../Engine/Content/EngineMaterials/Substrate/GLints/dict_16_192_64_0p5_0p02_0023_0004.uasset" 4367
"../../../Engine/Content/EngineMaterials/Substrate/GLints/dict_16_192_64_0p5_0p02_0023_0005.uasset" 4368
"../../../Engine/Content/EngineMaterials/Substrate/GLints/dict_16_192_64_0p5_0p02_0023_0006.uasset" 4369
"../../../Engine/Content/EngineMaterials/Substrate/GLints/dict_16_192_64_0p5_0p02_0023_0007.uasset" 4370
"../../../Engine/Content/EngineMaterials/Substrate/GLints/dict_16_192_64_0p5_0p02_0023_0008.uasset" 4371
"../../../Engine/Content/EngineMaterials/Substrate/GLints/dict_16_192_64_0p5_0p02_0023_0009.uasset" 4372
"../../../Engine/Content/EngineMaterials/Substrate/GLints/dict_16_192_64_0p5_0p02_0023_0010.uasset" 4373
"../../../Engine/Content/EngineMaterials/Substrate/GLints/dict_16_192_64_0p5_0p02_0023_0011.uasset" 4374
"../../../Engine/Content/EngineMaterials/Substrate/GLints/dict_16_192_64_0p5_0p02_0023_0012.uasset" 4375
"../../../Engine/Content/EngineMaterials/Substrate/GLints/dict_16_192_64_0p5_0p02_0023_0013.uasset" 4376
"../../../Engine/Content/EngineMaterials/Substrate/GLints/dict_16_192_64_0p5_0p02_0023_0014.uasset" 4377
"../../../Engine/Content/EngineMaterials/Substrate/GLints/dict_16_192_64_0p5_0p02_0023_0015.uasset" 4378
"../../../Engine/Content/EngineMaterials/Substrate/GLints/dict_16_192_64_0p5_0p02_0024_0000.uasset" 4379
"../../../Engine/Content/EngineMaterials/Substrate/GLints/dict_16_192_64_0p5_0p02_0024_0001.uasset" 4380
"../../../Engine/Content/EngineMaterials/Substrate/GLints/dict_16_192_64_0p5_0p02_0024_0002.uasset" 4381
"../../../Engine/Content/EngineMaterials/Substrate/GLints/dict_16_192_64_0p5_0p02_0024_0003.uasset" 4382
"../../../Engine/Content/EngineMaterials/Substrate/GLints/dict_16_192_64_0p5_0p02_0024_0004.uasset" 4383
"../../../Engine/Content/EngineMaterials/Substrate/GLints/dict_16_192_64_0p5_0p02_0024_0005.uasset" 4384
"../../../Engine/Content/EngineMaterials/Substrate/GLints/dict_16_192_64_0p5_0p02_0024_0006.uasset" 4385
"../../../Engine/Content/EngineMaterials/Substrate/GLints/dict_16_192_64_0p5_0p02_0024_0007.uasset" 4386
"../../../Engine/Content/EngineMaterials/Substrate/GLints/dict_16_192_64_0p5_0p02_0024_0008.uasset" 4387
"../../../Engine/Content/EngineMaterials/Substrate/GLints/dict_16_192_64_0p5_0p02_0024_0009.uasset" 4388
"../../../Engine/Content/EngineMaterials/Substrate/GLints/dict_16_192_64_0p5_0p02_0024_0010.uasset" 4389
"../../../Engine/Content/EngineMaterials/Substrate/GLints/dict_16_192_64_0p5_0p02_0024_0011.uasset" 4390
"../../../Engine/Content/EngineMaterials/Substrate/GLints/dict_16_192_64_0p5_0p02_0024_0012.uasset" 4391
"../../../Engine/Content/EngineMaterials/Substrate/GLints/dict_16_192_64_0p5_0p02_0024_0013.uasset" 4392
"../../../Engine/Content/EngineMaterials/Substrate/GLints/dict_16_192_64_0p5_0p02_0024_0014.uasset" 4393
"../../../Engine/Content/EngineMaterials/Substrate/GLints/dict_16_192_64_0p5_0p02_0024_0015.uasset" 4394
"../../../Engine/Content/EngineMaterials/Substrate/GLints/dict_16_192_64_0p5_0p02_0025_0000.uasset" 4395
"../../../Engine/Content/EngineMaterials/Substrate/GLints/dict_16_192_64_0p5_0p02_0025_0001.uasset" 4396
"../../../Engine/Content/EngineMaterials/Substrate/GLints/dict_16_192_64_0p5_0p02_0025_0002.uasset" 4397
"../../../Engine/Content/EngineMaterials/Substrate/GLints/dict_16_192_64_0p5_0p02_0025_0003.uasset" 4398
"../../../Engine/Content/EngineMaterials/Substrate/GLints/dict_16_192_64_0p5_0p02_0025_0004.uasset" 4399
"../../../Engine/Content/EngineMaterials/Substrate/GLints/dict_16_192_64_0p5_0p02_0025_0005.uasset" 4400
"../../../Engine/Content/EngineMaterials/Substrate/GLints/dict_16_192_64_0p5_0p02_0025_0006.uasset" 4401
"../../../Engine/Content/EngineMaterials/Substrate/GLints/dict_16_192_64_0p5_0p02_0025_0007.uasset" 4402
"../../../Engine/Content/EngineMaterials/Substrate/GLints/dict_16_192_64_0p5_0p02_0025_0008.uasset" 4403
"../../../Engine/Content/EngineMaterials/Substrate/GLints/dict_16_192_64_0p5_0p02_0025_0009.uasset" 4404
"../../../Engine/Content/EngineMaterials/Substrate/GLints/dict_16_192_64_0p5_0p02_0025_0010.uasset" 4405
"../../../Engine/Content/EngineMaterials/Substrate/GLints/dict_16_192_64_0p5_0p02_0025_0011.uasset" 4406
"../../../Engine/Content/EngineMaterials/Substrate/GLints/dict_16_192_64_0p5_0p02_0025_0012.uasset" 4407
"../../../Engine/Content/EngineMaterials/Substrate/GLints/dict_16_192_64_0p5_0p02_0025_0013.uasset" 4408
"../../../Engine/Content/EngineMaterials/Substrate/GLints/dict_16_192_64_0p5_0p02_0025_0014.uasset" 4409
"../../../Engine/Content/EngineMaterials/Substrate/GLints/dict_16_192_64_0p5_0p02_0025_0015.uasset" 4410
"../../../Engine/Content/EngineMaterials/Substrate/GLints/dict_16_192_64_0p5_0p02_0026_0000.uasset" 4411
"../../../Engine/Content/EngineMaterials/Substrate/GLints/dict_16_192_64_0p5_0p02_0026_0001.uasset" 4412
"../../../Engine/Content/EngineMaterials/Substrate/GLints/dict_16_192_64_0p5_0p02_0026_0002.uasset" 4413
"../../../Engine/Content/EngineMaterials/Substrate/GLints/dict_16_192_64_0p5_0p02_0026_0003.uasset" 4414
"../../../Engine/Content/EngineMaterials/Substrate/GLints/dict_16_192_64_0p5_0p02_0026_0004.uasset" 4415
"../../../Engine/Content/EngineMaterials/Substrate/GLints/dict_16_192_64_0p5_0p02_0026_0005.uasset" 4416
"../../../Engine/Content/EngineMaterials/Substrate/GLints/dict_16_192_64_0p5_0p02_0026_0006.uasset" 4417
"../../../Engine/Content/EngineMaterials/Substrate/GLints/dict_16_192_64_0p5_0p02_0026_0007.uasset" 4418
"../../../Engine/Content/EngineMaterials/Substrate/GLints/dict_16_192_64_0p5_0p02_0026_0008.uasset" 4419
"../../../Engine/Content/EngineMaterials/Substrate/GLints/dict_16_192_64_0p5_0p02_0026_0009.uasset" 4420
"../../../Engine/Content/EngineMaterials/Substrate/GLints/dict_16_192_64_0p5_0p02_0026_0010.uasset" 4421
"../../../Engine/Content/EngineMaterials/Substrate/GLints/dict_16_192_64_0p5_0p02_0026_0011.uasset" 4422
"../../../Engine/Content/EngineMaterials/Substrate/GLints/dict_16_192_64_0p5_0p02_0026_0012.uasset" 4423
"../../../Engine/Content/EngineMaterials/Substrate/GLints/dict_16_192_64_0p5_0p02_0026_0013.uasset" 4424
"../../../Engine/Content/EngineMaterials/Substrate/GLints/dict_16_192_64_0p5_0p02_0026_0014.uasset" 4425
"../../../Engine/Content/EngineMaterials/Substrate/GLints/dict_16_192_64_0p5_0p02_0026_0015.uasset" 4426
"../../../Engine/Content/EngineMaterials/Substrate/GLints/dict_16_192_64_0p5_0p02_0027_0000.uasset" 4427
"../../../Engine/Content/EngineMaterials/Substrate/GLints/dict_16_192_64_0p5_0p02_0027_0001.uasset" 4428
"../../../Engine/Content/EngineMaterials/Substrate/GLints/dict_16_192_64_0p5_0p02_0027_0002.uasset" 4429
"../../../Engine/Content/EngineMaterials/Substrate/GLints/dict_16_192_64_0p5_0p02_0027_0003.uasset" 4430
"../../../Engine/Content/EngineMaterials/Substrate/GLints/dict_16_192_64_0p5_0p02_0027_0004.uasset" 4431
"../../../Engine/Content/EngineMaterials/Substrate/GLints/dict_16_192_64_0p5_0p02_0027_0005.uasset" 4432
"../../../Engine/Content/EngineMaterials/Substrate/GLints/dict_16_192_64_0p5_0p02_0027_0006.uasset" 4433
"../../../Engine/Content/EngineMaterials/Substrate/GLints/dict_16_192_64_0p5_0p02_0027_0007.uasset" 4434
"../../../Engine/Content/EngineMaterials/Substrate/GLints/dict_16_192_64_0p5_0p02_0027_0008.uasset" 4435
"../../../Engine/Content/EngineMaterials/Substrate/GLints/dict_16_192_64_0p5_0p02_0027_0009.uasset" 4436
"../../../Engine/Content/EngineMaterials/Substrate/GLints/dict_16_192_64_0p5_0p02_0027_0010.uasset" 4437
"../../../Engine/Content/EngineMaterials/Substrate/GLints/dict_16_192_64_0p5_0p02_0027_0011.uasset" 4438
"../../../Engine/Content/EngineMaterials/Substrate/GLints/dict_16_192_64_0p5_0p02_0027_0012.uasset" 4439
"../../../Engine/Content/EngineMaterials/Substrate/GLints/dict_16_192_64_0p5_0p02_0027_0013.uasset" 4440
"../../../Engine/Content/EngineMaterials/Substrate/GLints/dict_16_192_64_0p5_0p02_0027_0014.uasset" 4441
"../../../Engine/Content/EngineMaterials/Substrate/GLints/dict_16_192_64_0p5_0p02_0027_0015.uasset" 4442
"../../../Engine/Content/EngineMaterials/Substrate/GLints/dict_16_192_64_0p5_0p02_0028_0000.uasset" 4443
"../../../Engine/Content/EngineMaterials/Substrate/GLints/dict_16_192_64_0p5_0p02_0028_0001.uasset" 4444
"../../../Engine/Content/EngineMaterials/Substrate/GLints/dict_16_192_64_0p5_0p02_0028_0002.uasset" 4445
"../../../Engine/Content/EngineMaterials/Substrate/GLints/dict_16_192_64_0p5_0p02_0028_0003.uasset" 4446
"../../../Engine/Content/EngineMaterials/Substrate/GLints/dict_16_192_64_0p5_0p02_0028_0004.uasset" 4447
"../../../Engine/Content/EngineMaterials/Substrate/GLints/dict_16_192_64_0p5_0p02_0028_0005.uasset" 4448
"../../../Engine/Content/EngineMaterials/Substrate/GLints/dict_16_192_64_0p5_0p02_0028_0006.uasset" 4449
"../../../Engine/Content/EngineMaterials/Substrate/GLints/dict_16_192_64_0p5_0p02_0028_0007.uasset" 4450
"../../../Engine/Content/EngineMaterials/Substrate/GLints/dict_16_192_64_0p5_0p02_0028_0008.uasset" 4451
"../../../Engine/Content/EngineMaterials/Substrate/GLints/dict_16_192_64_0p5_0p02_0028_0009.uasset" 4452
"../../../Engine/Content/EngineMaterials/Substrate/GLints/dict_16_192_64_0p5_0p02_0028_0010.uasset" 4453
"../../../Engine/Content/EngineMaterials/Substrate/GLints/dict_16_192_64_0p5_0p02_0028_0011.uasset" 4454
"../../../Engine/Content/EngineMaterials/Substrate/GLints/dict_16_192_64_0p5_0p02_0028_0012.uasset" 4455
"../../../Engine/Content/EngineMaterials/Substrate/GLints/dict_16_192_64_0p5_0p02_0028_0013.uasset" 4456
"../../../Engine/Content/EngineMaterials/Substrate/GLints/dict_16_192_64_0p5_0p02_0028_0014.uasset" 4457
"../../../Engine/Content/EngineMaterials/Substrate/GLints/dict_16_192_64_0p5_0p02_0028_0015.uasset" 4458
"../../../Engine/Content/EngineMaterials/Substrate/GLints/dict_16_192_64_0p5_0p02_0029_0000.uasset" 4459
"../../../Engine/Content/EngineMaterials/Substrate/GLints/dict_16_192_64_0p5_0p02_0029_0001.uasset" 4460
"../../../Engine/Content/EngineMaterials/Substrate/GLints/dict_16_192_64_0p5_0p02_0029_0002.uasset" 4461
"../../../Engine/Content/EngineMaterials/Substrate/GLints/dict_16_192_64_0p5_0p02_0029_0003.uasset" 4462
"../../../Engine/Content/EngineMaterials/Substrate/GLints/dict_16_192_64_0p5_0p02_0029_0004.uasset" 4463
"../../../Engine/Content/EngineMaterials/Substrate/GLints/dict_16_192_64_0p5_0p02_0029_0005.uasset" 4464
"../../../Engine/Content/EngineMaterials/Substrate/GLints/dict_16_192_64_0p5_0p02_0029_0006.uasset" 4465
"../../../Engine/Content/EngineMaterials/Substrate/GLints/dict_16_192_64_0p5_0p02_0029_0007.uasset" 4466
"../../../Engine/Content/EngineMaterials/Substrate/GLints/dict_16_192_64_0p5_0p02_0029_0008.uasset" 4467
"../../../Engine/Content/EngineMaterials/Substrate/GLints/dict_16_192_64_0p5_0p02_0029_0009.uasset" 4468
"../../../Engine/Content/EngineMaterials/Substrate/GLints/dict_16_192_64_0p5_0p02_0029_0010.uasset" 4469
"../../../Engine/Content/EngineMaterials/Substrate/GLints/dict_16_192_64_0p5_0p02_0029_0011.uasset" 4470
"../../../Engine/Content/EngineMaterials/Substrate/GLints/dict_16_192_64_0p5_0p02_0029_0012.uasset" 4471
"../../../Engine/Content/EngineMaterials/Substrate/GLints/dict_16_192_64_0p5_0p02_0029_0013.uasset" 4472
"../../../Engine/Content/EngineMaterials/Substrate/GLints/dict_16_192_64_0p5_0p02_0029_0014.uasset" 4473
"../../../Engine/Content/EngineMaterials/Substrate/GLints/dict_16_192_64_0p5_0p02_0029_0015.uasset" 4474
"../../../Engine/Content/EngineMaterials/Substrate/GLints/dict_16_192_64_0p5_0p02_0030_0000.uasset" 4475
"../../../Engine/Content/EngineMaterials/Substrate/GLints/dict_16_192_64_0p5_0p02_0030_0001.uasset" 4476
"../../../Engine/Content/EngineMaterials/Substrate/GLints/dict_16_192_64_0p5_0p02_0030_0002.uasset" 4477
"../../../Engine/Content/EngineMaterials/Substrate/GLints/dict_16_192_64_0p5_0p02_0030_0003.uasset" 4478
"../../../Engine/Content/EngineMaterials/Substrate/GLints/dict_16_192_64_0p5_0p02_0030_0004.uasset" 4479
"../../../Engine/Content/EngineMaterials/Substrate/GLints/dict_16_192_64_0p5_0p02_0030_0005.uasset" 4480
"../../../Engine/Content/EngineMaterials/Substrate/GLints/dict_16_192_64_0p5_0p02_0030_0006.uasset" 4481
"../../../Engine/Content/EngineMaterials/Substrate/GLints/dict_16_192_64_0p5_0p02_0030_0007.uasset" 4482
"../../../Engine/Content/EngineMaterials/Substrate/GLints/dict_16_192_64_0p5_0p02_0030_0008.uasset" 4483
"../../../Engine/Content/EngineMaterials/Substrate/GLints/dict_16_192_64_0p5_0p02_0030_0009.uasset" 4484
"../../../Engine/Content/EngineMaterials/Substrate/GLints/dict_16_192_64_0p5_0p02_0030_0010.uasset" 4485
"../../../Engine/Content/EngineMaterials/Substrate/GLints/dict_16_192_64_0p5_0p02_0030_0011.uasset" 4486
"../../../Engine/Content/EngineMaterials/Substrate/GLints/dict_16_192_64_0p5_0p02_0030_0012.uasset" 4487
"../../../Engine/Content/EngineMaterials/Substrate/GLints/dict_16_192_64_0p5_0p02_0030_0013.uasset" 4488
"../../../Engine/Content/EngineMaterials/Substrate/GLints/dict_16_192_64_0p5_0p02_0030_0014.uasset" 4489
"../../../Engine/Content/EngineMaterials/Substrate/GLints/dict_16_192_64_0p5_0p02_0030_0015.uasset" 4490
"../../../Engine/Content/EngineMaterials/Substrate/GLints/dict_16_192_64_0p5_0p02_0031_0000.uasset" 4491
"../../../Engine/Content/EngineMaterials/Substrate/GLints/dict_16_192_64_0p5_0p02_0031_0001.uasset" 4492
"../../../Engine/Content/EngineMaterials/Substrate/GLints/dict_16_192_64_0p5_0p02_0031_0002.uasset" 4493
"../../../Engine/Content/EngineMaterials/Substrate/GLints/dict_16_192_64_0p5_0p02_0031_0003.uasset" 4494
"../../../Engine/Content/EngineMaterials/Substrate/GLints/dict_16_192_64_0p5_0p02_0031_0004.uasset" 4495
"../../../Engine/Content/EngineMaterials/Substrate/GLints/dict_16_192_64_0p5_0p02_0031_0005.uasset" 4496
"../../../Engine/Content/EngineMaterials/Substrate/GLints/dict_16_192_64_0p5_0p02_0031_0006.uasset" 4497
"../../../Engine/Content/EngineMaterials/Substrate/GLints/dict_16_192_64_0p5_0p02_0031_0007.uasset" 4498
"../../../Engine/Content/EngineMaterials/Substrate/GLints/dict_16_192_64_0p5_0p02_0031_0008.uasset" 4499
"../../../Engine/Content/EngineMaterials/Substrate/GLints/dict_16_192_64_0p5_0p02_0031_0009.uasset" 4500
"../../../Engine/Content/EngineMaterials/Substrate/GLints/dict_16_192_64_0p5_0p02_0031_0010.uasset" 4501
"../../../Engine/Content/EngineMaterials/Substrate/GLints/dict_16_192_64_0p5_0p02_0031_0011.uasset" 4502
"../../../Engine/Content/EngineMaterials/Substrate/GLints/dict_16_192_64_0p5_0p02_0031_0012.uasset" 4503
"../../../Engine/Content/EngineMaterials/Substrate/GLints/dict_16_192_64_0p5_0p02_0031_0013.uasset" 4504
"../../../Engine/Content/EngineMaterials/Substrate/GLints/dict_16_192_64_0p5_0p02_0031_0014.uasset" 4505
"../../../Engine/Content/EngineMaterials/Substrate/GLints/dict_16_192_64_0p5_0p02_0031_0015.uasset" 4506
"../../../Engine/Content/EngineMaterials/Substrate/GLints/dict_16_192_64_0p5_0p02_0032_0000.uasset" 4507
"../../../Engine/Content/EngineMaterials/Substrate/GLints/dict_16_192_64_0p5_0p02_0032_0001.uasset" 4508
"../../../Engine/Content/EngineMaterials/Substrate/GLints/dict_16_192_64_0p5_0p02_0032_0002.uasset" 4509
"../../../Engine/Content/EngineMaterials/Substrate/GLints/dict_16_192_64_0p5_0p02_0032_0003.uasset" 4510
"../../../Engine/Content/EngineMaterials/Substrate/GLints/dict_16_192_64_0p5_0p02_0032_0004.uasset" 4511
"../../../Engine/Content/EngineMaterials/Substrate/GLints/dict_16_192_64_0p5_0p02_0032_0005.uasset" 4512
"../../../Engine/Content/EngineMaterials/Substrate/GLints/dict_16_192_64_0p5_0p02_0032_0006.uasset" 4513
"../../../Engine/Content/EngineMaterials/Substrate/GLints/dict_16_192_64_0p5_0p02_0032_0007.uasset" 4514
"../../../Engine/Content/EngineMaterials/Substrate/GLints/dict_16_192_64_0p5_0p02_0032_0008.uasset" 4515
"../../../Engine/Content/EngineMaterials/Substrate/GLints/dict_16_192_64_0p5_0p02_0032_0009.uasset" 4516
"../../../Engine/Content/EngineMaterials/Substrate/GLints/dict_16_192_64_0p5_0p02_0032_0010.uasset" 4517
"../../../Engine/Content/EngineMaterials/Substrate/GLints/dict_16_192_64_0p5_0p02_0032_0011.uasset" 4518
"../../../Engine/Content/EngineMaterials/Substrate/GLints/dict_16_192_64_0p5_0p02_0032_0012.uasset" 4519
"../../../Engine/Content/EngineMaterials/Substrate/GLints/dict_16_192_64_0p5_0p02_0032_0013.uasset" 4520
"../../../Engine/Content/EngineMaterials/Substrate/GLints/dict_16_192_64_0p5_0p02_0032_0014.uasset" 4521
"../../../Engine/Content/EngineMaterials/Substrate/GLints/dict_16_192_64_0p5_0p02_0032_0015.uasset" 4522
"../../../Engine/Content/EngineMaterials/Substrate/GLints/dict_16_192_64_0p5_0p02_0033_0000.uasset" 4523
"../../../Engine/Content/EngineMaterials/Substrate/GLints/dict_16_192_64_0p5_0p02_0033_0001.uasset" 4524
"../../../Engine/Content/EngineMaterials/Substrate/GLints/dict_16_192_64_0p5_0p02_0033_0002.uasset" 4525
"../../../Engine/Content/EngineMaterials/Substrate/GLints/dict_16_192_64_0p5_0p02_0033_0003.uasset" 4526
"../../../Engine/Content/EngineMaterials/Substrate/GLints/dict_16_192_64_0p5_0p02_0033_0004.uasset" 4527
"../../../Engine/Content/EngineMaterials/Substrate/GLints/dict_16_192_64_0p5_0p02_0033_0005.uasset" 4528
"../../../Engine/Content/EngineMaterials/Substrate/GLints/dict_16_192_64_0p5_0p02_0033_0006.uasset" 4529
"../../../Engine/Content/EngineMaterials/Substrate/GLints/dict_16_192_64_0p5_0p02_0033_0007.uasset" 4530
"../../../Engine/Content/EngineMaterials/Substrate/GLints/dict_16_192_64_0p5_0p02_0033_0008.uasset" 4531
"../../../Engine/Content/EngineMaterials/Substrate/GLints/dict_16_192_64_0p5_0p02_0033_0009.uasset" 4532
"../../../Engine/Content/EngineMaterials/Substrate/GLints/dict_16_192_64_0p5_0p02_0033_0010.uasset" 4533
"../../../Engine/Content/EngineMaterials/Substrate/GLints/dict_16_192_64_0p5_0p02_0033_0011.uasset" 4534
"../../../Engine/Content/EngineMaterials/Substrate/GLints/dict_16_192_64_0p5_0p02_0033_0012.uasset" 4535
"../../../Engine/Content/EngineMaterials/Substrate/GLints/dict_16_192_64_0p5_0p02_0033_0013.uasset" 4536
"../../../Engine/Content/EngineMaterials/Substrate/GLints/dict_16_192_64_0p5_0p02_0033_0014.uasset" 4537
"../../../Engine/Content/EngineMaterials/Substrate/GLints/dict_16_192_64_0p5_0p02_0033_0015.uasset" 4538
"../../../Engine/Content/EngineMaterials/Substrate/GLints/dict_16_192_64_0p5_0p02_0034_0000.uasset" 4539
"../../../Engine/Content/EngineMaterials/Substrate/GLints/dict_16_192_64_0p5_0p02_0034_0001.uasset" 4540
"../../../Engine/Content/EngineMaterials/Substrate/GLints/dict_16_192_64_0p5_0p02_0034_0002.uasset" 4541
"../../../Engine/Content/EngineMaterials/Substrate/GLints/dict_16_192_64_0p5_0p02_0034_0003.uasset" 4542
"../../../Engine/Content/EngineMaterials/Substrate/GLints/dict_16_192_64_0p5_0p02_0034_0004.uasset" 4543
"../../../Engine/Content/EngineMaterials/Substrate/GLints/dict_16_192_64_0p5_0p02_0034_0005.uasset" 4544
"../../../Engine/Content/EngineMaterials/Substrate/GLints/dict_16_192_64_0p5_0p02_0034_0006.uasset" 4545
"../../../Engine/Content/EngineMaterials/Substrate/GLints/dict_16_192_64_0p5_0p02_0034_0007.uasset" 4546
"../../../Engine/Content/EngineMaterials/Substrate/GLints/dict_16_192_64_0p5_0p02_0034_0008.uasset" 4547
"../../../Engine/Content/EngineMaterials/Substrate/GLints/dict_16_192_64_0p5_0p02_0034_0009.uasset" 4548
"../../../Engine/Content/EngineMaterials/Substrate/GLints/dict_16_192_64_0p5_0p02_0034_0010.uasset" 4549
"../../../Engine/Content/EngineMaterials/Substrate/GLints/dict_16_192_64_0p5_0p02_0034_0011.uasset" 4550
"../../../Engine/Content/EngineMaterials/Substrate/GLints/dict_16_192_64_0p5_0p02_0034_0012.uasset" 4551
"../../../Engine/Content/EngineMaterials/Substrate/GLints/dict_16_192_64_0p5_0p02_0034_0013.uasset" 4552
"../../../Engine/Content/EngineMaterials/Substrate/GLints/dict_16_192_64_0p5_0p02_0034_0014.uasset" 4553
"../../../Engine/Content/EngineMaterials/Substrate/GLints/dict_16_192_64_0p5_0p02_0034_0015.uasset" 4554
"../../../Engine/Content/EngineMaterials/Substrate/GLints/dict_16_192_64_0p5_0p02_0035_0000.uasset" 4555
"../../../Engine/Content/EngineMaterials/Substrate/GLints/dict_16_192_64_0p5_0p02_0035_0001.uasset" 4556
"../../../Engine/Content/EngineMaterials/Substrate/GLints/dict_16_192_64_0p5_0p02_0035_0002.uasset" 4557
"../../../Engine/Content/EngineMaterials/Substrate/GLints/dict_16_192_64_0p5_0p02_0035_0003.uasset" 4558
"../../../Engine/Content/EngineMaterials/Substrate/GLints/dict_16_192_64_0p5_0p02_0035_0004.uasset" 4559
"../../../Engine/Content/EngineMaterials/Substrate/GLints/dict_16_192_64_0p5_0p02_0035_0005.uasset" 4560
"../../../Engine/Content/EngineMaterials/Substrate/GLints/dict_16_192_64_0p5_0p02_0035_0006.uasset" 4561
"../../../Engine/Content/EngineMaterials/Substrate/GLints/dict_16_192_64_0p5_0p02_0035_0007.uasset" 4562
"../../../Engine/Content/EngineMaterials/Substrate/GLints/dict_16_192_64_0p5_0p02_0035_0008.uasset" 4563
"../../../Engine/Content/EngineMaterials/Substrate/GLints/dict_16_192_64_0p5_0p02_0035_0009.uasset" 4564
"../../../Engine/Content/EngineMaterials/Substrate/GLints/dict_16_192_64_0p5_0p02_0035_0010.uasset" 4565
"../../../Engine/Content/EngineMaterials/Substrate/GLints/dict_16_192_64_0p5_0p02_0035_0011.uasset" 4566
"../../../Engine/Content/EngineMaterials/Substrate/GLints/dict_16_192_64_0p5_0p02_0035_0012.uasset" 4567
"../../../Engine/Content/EngineMaterials/Substrate/GLints/dict_16_192_64_0p5_0p02_0035_0013.uasset" 4568
"../../../Engine/Content/EngineMaterials/Substrate/GLints/dict_16_192_64_0p5_0p02_0035_0014.uasset" 4569
"../../../Engine/Content/EngineMaterials/Substrate/GLints/dict_16_192_64_0p5_0p02_0035_0015.uasset" 4570
"../../../Engine/Content/EngineMaterials/Substrate/GLints/dict_16_192_64_0p5_0p02_0036_0000.uasset" 4571
"../../../Engine/Content/EngineMaterials/Substrate/GLints/dict_16_192_64_0p5_0p02_0036_0001.uasset" 4572
"../../../Engine/Content/EngineMaterials/Substrate/GLints/dict_16_192_64_0p5_0p02_0036_0002.uasset" 4573
"../../../Engine/Content/EngineMaterials/Substrate/GLints/dict_16_192_64_0p5_0p02_0036_0003.uasset" 4574
"../../../Engine/Content/EngineMaterials/Substrate/GLints/dict_16_192_64_0p5_0p02_0036_0004.uasset" 4575
"../../../Engine/Content/EngineMaterials/Substrate/GLints/dict_16_192_64_0p5_0p02_0036_0005.uasset" 4576
"../../../Engine/Content/EngineMaterials/Substrate/GLints/dict_16_192_64_0p5_0p02_0036_0006.uasset" 4577
"../../../Engine/Content/EngineMaterials/Substrate/GLints/dict_16_192_64_0p5_0p02_0036_0007.uasset" 4578
"../../../Engine/Content/EngineMaterials/Substrate/GLints/dict_16_192_64_0p5_0p02_0036_0008.uasset" 4579
"../../../Engine/Content/EngineMaterials/Substrate/GLints/dict_16_192_64_0p5_0p02_0036_0009.uasset" 4580
"../../../Engine/Content/EngineMaterials/Substrate/GLints/dict_16_192_64_0p5_0p02_0036_0010.uasset" 4581
"../../../Engine/Content/EngineMaterials/Substrate/GLints/dict_16_192_64_0p5_0p02_0036_0011.uasset" 4582
"../../../Engine/Content/EngineMaterials/Substrate/GLints/dict_16_192_64_0p5_0p02_0036_0012.uasset" 4583
"../../../Engine/Content/EngineMaterials/Substrate/GLints/dict_16_192_64_0p5_0p02_0036_0013.uasset" 4584
"../../../Engine/Content/EngineMaterials/Substrate/GLints/dict_16_192_64_0p5_0p02_0036_0014.uasset" 4585
"../../../Engine/Content/EngineMaterials/Substrate/GLints/dict_16_192_64_0p5_0p02_0036_0015.uasset" 4586
"../../../Engine/Content/EngineMaterials/Substrate/GLints/dict_16_192_64_0p5_0p02_0037_0000.uasset" 4587
"../../../Engine/Content/EngineMaterials/Substrate/GLints/dict_16_192_64_0p5_0p02_0037_0001.uasset" 4588
"../../../Engine/Content/EngineMaterials/Substrate/GLints/dict_16_192_64_0p5_0p02_0037_0002.uasset" 4589
"../../../Engine/Content/EngineMaterials/Substrate/GLints/dict_16_192_64_0p5_0p02_0037_0003.uasset" 4590
"../../../Engine/Content/EngineMaterials/Substrate/GLints/dict_16_192_64_0p5_0p02_0037_0004.uasset" 4591
"../../../Engine/Content/EngineMaterials/Substrate/GLints/dict_16_192_64_0p5_0p02_0037_0005.uasset" 4592
"../../../Engine/Content/EngineMaterials/Substrate/GLints/dict_16_192_64_0p5_0p02_0037_0006.uasset" 4593
"../../../Engine/Content/EngineMaterials/Substrate/GLints/dict_16_192_64_0p5_0p02_0037_0007.uasset" 4594
"../../../Engine/Content/EngineMaterials/Substrate/GLints/dict_16_192_64_0p5_0p02_0037_0008.uasset" 4595
"../../../Engine/Content/EngineMaterials/Substrate/GLints/dict_16_192_64_0p5_0p02_0037_0009.uasset" 4596
"../../../Engine/Content/EngineMaterials/Substrate/GLints/dict_16_192_64_0p5_0p02_0037_0010.uasset" 4597
"../../../Engine/Content/EngineMaterials/Substrate/GLints/dict_16_192_64_0p5_0p02_0037_0011.uasset" 4598
"../../../Engine/Content/EngineMaterials/Substrate/GLints/dict_16_192_64_0p5_0p02_0037_0012.uasset" 4599
"../../../Engine/Content/EngineMaterials/Substrate/GLints/dict_16_192_64_0p5_0p02_0037_0013.uasset" 4600
"../../../Engine/Content/EngineMaterials/Substrate/GLints/dict_16_192_64_0p5_0p02_0037_0014.uasset" 4601
"../../../Engine/Content/EngineMaterials/Substrate/GLints/dict_16_192_64_0p5_0p02_0037_0015.uasset" 4602
"../../../Engine/Content/EngineMaterials/Substrate/GLints/dict_16_192_64_0p5_0p02_0038_0000.uasset" 4603
"../../../Engine/Content/EngineMaterials/Substrate/GLints/dict_16_192_64_0p5_0p02_0038_0001.uasset" 4604
"../../../Engine/Content/EngineMaterials/Substrate/GLints/dict_16_192_64_0p5_0p02_0038_0002.uasset" 4605
"../../../Engine/Content/EngineMaterials/Substrate/GLints/dict_16_192_64_0p5_0p02_0038_0003.uasset" 4606
"../../../Engine/Content/EngineMaterials/Substrate/GLints/dict_16_192_64_0p5_0p02_0038_0004.uasset" 4607
"../../../Engine/Content/EngineMaterials/Substrate/GLints/dict_16_192_64_0p5_0p02_0038_0005.uasset" 4608
"../../../Engine/Content/EngineMaterials/Substrate/GLints/dict_16_192_64_0p5_0p02_0038_0006.uasset" 4609
"../../../Engine/Content/EngineMaterials/Substrate/GLints/dict_16_192_64_0p5_0p02_0038_0007.uasset" 4610
"../../../Engine/Content/EngineMaterials/Substrate/GLints/dict_16_192_64_0p5_0p02_0038_0008.uasset" 4611
"../../../Engine/Content/EngineMaterials/Substrate/GLints/dict_16_192_64_0p5_0p02_0038_0009.uasset" 4612
"../../../Engine/Content/EngineMaterials/Substrate/GLints/dict_16_192_64_0p5_0p02_0038_0010.uasset" 4613
"../../../Engine/Content/EngineMaterials/Substrate/GLints/dict_16_192_64_0p5_0p02_0038_0011.uasset" 4614
"../../../Engine/Content/EngineMaterials/Substrate/GLints/dict_16_192_64_0p5_0p02_0038_0012.uasset" 4615
"../../../Engine/Content/EngineMaterials/Substrate/GLints/dict_16_192_64_0p5_0p02_0038_0013.uasset" 4616
"../../../Engine/Content/EngineMaterials/Substrate/GLints/dict_16_192_64_0p5_0p02_0038_0014.uasset" 4617
"../../../Engine/Content/EngineMaterials/Substrate/GLints/dict_16_192_64_0p5_0p02_0038_0015.uasset" 4618
"../../../Engine/Content/EngineMaterials/Substrate/GLints/dict_16_192_64_0p5_0p02_0039_0000.uasset" 4619
"../../../Engine/Content/EngineMaterials/Substrate/GLints/dict_16_192_64_0p5_0p02_0039_0001.uasset" 4620
"../../../Engine/Content/EngineMaterials/Substrate/GLints/dict_16_192_64_0p5_0p02_0039_0002.uasset" 4621
"../../../Engine/Content/EngineMaterials/Substrate/GLints/dict_16_192_64_0p5_0p02_0039_0003.uasset" 4622
"../../../Engine/Content/EngineMaterials/Substrate/GLints/dict_16_192_64_0p5_0p02_0039_0004.uasset" 4623
"../../../Engine/Content/EngineMaterials/Substrate/GLints/dict_16_192_64_0p5_0p02_0039_0005.uasset" 4624
"../../../Engine/Content/EngineMaterials/Substrate/GLints/dict_16_192_64_0p5_0p02_0039_0006.uasset" 4625
"../../../Engine/Content/EngineMaterials/Substrate/GLints/dict_16_192_64_0p5_0p02_0039_0007.uasset" 4626
"../../../Engine/Content/EngineMaterials/Substrate/GLints/dict_16_192_64_0p5_0p02_0039_0008.uasset" 4627
"../../../Engine/Content/EngineMaterials/Substrate/GLints/dict_16_192_64_0p5_0p02_0039_0009.uasset" 4628
"../../../Engine/Content/EngineMaterials/Substrate/GLints/dict_16_192_64_0p5_0p02_0039_0010.uasset" 4629
"../../../Engine/Content/EngineMaterials/Substrate/GLints/dict_16_192_64_0p5_0p02_0039_0011.uasset" 4630
"../../../Engine/Content/EngineMaterials/Substrate/GLints/dict_16_192_64_0p5_0p02_0039_0012.uasset" 4631
"../../../Engine/Content/EngineMaterials/Substrate/GLints/dict_16_192_64_0p5_0p02_0039_0013.uasset" 4632
"../../../Engine/Content/EngineMaterials/Substrate/GLints/dict_16_192_64_0p5_0p02_0039_0014.uasset" 4633
"../../../Engine/Content/EngineMaterials/Substrate/GLints/dict_16_192_64_0p5_0p02_0039_0015.uasset" 4634
"../../../Engine/Content/EngineMaterials/Substrate/GLints/dict_16_192_64_0p5_0p02_0040_0000.uasset" 4635
"../../../Engine/Content/EngineMaterials/Substrate/GLints/dict_16_192_64_0p5_0p02_0040_0001.uasset" 4636
"../../../Engine/Content/EngineMaterials/Substrate/GLints/dict_16_192_64_0p5_0p02_0040_0002.uasset" 4637
"../../../Engine/Content/EngineMaterials/Substrate/GLints/dict_16_192_64_0p5_0p02_0040_0003.uasset" 4638
"../../../Engine/Content/EngineMaterials/Substrate/GLints/dict_16_192_64_0p5_0p02_0040_0004.uasset" 4639
"../../../Engine/Content/EngineMaterials/Substrate/GLints/dict_16_192_64_0p5_0p02_0040_0005.uasset" 4640
"../../../Engine/Content/EngineMaterials/Substrate/GLints/dict_16_192_64_0p5_0p02_0040_0006.uasset" 4641
"../../../Engine/Content/EngineMaterials/Substrate/GLints/dict_16_192_64_0p5_0p02_0040_0007.uasset" 4642
"../../../Engine/Content/EngineMaterials/Substrate/GLints/dict_16_192_64_0p5_0p02_0040_0008.uasset" 4643
"../../../Engine/Content/EngineMaterials/Substrate/GLints/dict_16_192_64_0p5_0p02_0040_0009.uasset" 4644
"../../../Engine/Content/EngineMaterials/Substrate/GLints/dict_16_192_64_0p5_0p02_0040_0010.uasset" 4645
"../../../Engine/Content/EngineMaterials/Substrate/GLints/dict_16_192_64_0p5_0p02_0040_0011.uasset" 4646
"../../../Engine/Content/EngineMaterials/Substrate/GLints/dict_16_192_64_0p5_0p02_0040_0012.uasset" 4647
"../../../Engine/Content/EngineMaterials/Substrate/GLints/dict_16_192_64_0p5_0p02_0040_0013.uasset" 4648
"../../../Engine/Content/EngineMaterials/Substrate/GLints/dict_16_192_64_0p5_0p02_0040_0014.uasset" 4649
"../../../Engine/Content/EngineMaterials/Substrate/GLints/dict_16_192_64_0p5_0p02_0040_0015.uasset" 4650
"../../../Engine/Content/EngineMaterials/Substrate/GLints/dict_16_192_64_0p5_0p02_0041_0000.uasset" 4651
"../../../Engine/Content/EngineMaterials/Substrate/GLints/dict_16_192_64_0p5_0p02_0041_0001.uasset" 4652
"../../../Engine/Content/EngineMaterials/Substrate/GLints/dict_16_192_64_0p5_0p02_0041_0002.uasset" 4653
"../../../Engine/Content/EngineMaterials/Substrate/GLints/dict_16_192_64_0p5_0p02_0041_0003.uasset" 4654
"../../../Engine/Content/EngineMaterials/Substrate/GLints/dict_16_192_64_0p5_0p02_0041_0004.uasset" 4655
"../../../Engine/Content/EngineMaterials/Substrate/GLints/dict_16_192_64_0p5_0p02_0041_0005.uasset" 4656
"../../../Engine/Content/EngineMaterials/Substrate/GLints/dict_16_192_64_0p5_0p02_0041_0006.uasset" 4657
"../../../Engine/Content/EngineMaterials/Substrate/GLints/dict_16_192_64_0p5_0p02_0041_0007.uasset" 4658
"../../../Engine/Content/EngineMaterials/Substrate/GLints/dict_16_192_64_0p5_0p02_0041_0008.uasset" 4659
"../../../Engine/Content/EngineMaterials/Substrate/GLints/dict_16_192_64_0p5_0p02_0041_0009.uasset" 4660
"../../../Engine/Content/EngineMaterials/Substrate/GLints/dict_16_192_64_0p5_0p02_0041_0010.uasset" 4661
"../../../Engine/Content/EngineMaterials/Substrate/GLints/dict_16_192_64_0p5_0p02_0041_0011.uasset" 4662
"../../../Engine/Content/EngineMaterials/Substrate/GLints/dict_16_192_64_0p5_0p02_0041_0012.uasset" 4663
"../../../Engine/Content/EngineMaterials/Substrate/GLints/dict_16_192_64_0p5_0p02_0041_0013.uasset" 4664
"../../../Engine/Content/EngineMaterials/Substrate/GLints/dict_16_192_64_0p5_0p02_0041_0014.uasset" 4665
"../../../Engine/Content/EngineMaterials/Substrate/GLints/dict_16_192_64_0p5_0p02_0041_0015.uasset" 4666
"../../../Engine/Content/EngineMaterials/Substrate/GLints/dict_16_192_64_0p5_0p02_0042_0000.uasset" 4667
"../../../Engine/Content/EngineMaterials/Substrate/GLints/dict_16_192_64_0p5_0p02_0042_0001.uasset" 4668
"../../../Engine/Content/EngineMaterials/Substrate/GLints/dict_16_192_64_0p5_0p02_0042_0002.uasset" 4669
"../../../Engine/Content/EngineMaterials/Substrate/GLints/dict_16_192_64_0p5_0p02_0042_0003.uasset" 4670
"../../../Engine/Content/EngineMaterials/Substrate/GLints/dict_16_192_64_0p5_0p02_0042_0004.uasset" 4671
"../../../Engine/Content/EngineMaterials/Substrate/GLints/dict_16_192_64_0p5_0p02_0042_0005.uasset" 4672
"../../../Engine/Content/EngineMaterials/Substrate/GLints/dict_16_192_64_0p5_0p02_0042_0006.uasset" 4673
"../../../Engine/Content/EngineMaterials/Substrate/GLints/dict_16_192_64_0p5_0p02_0042_0007.uasset" 4674
"../../../Engine/Content/EngineMaterials/Substrate/GLints/dict_16_192_64_0p5_0p02_0042_0008.uasset" 4675
"../../../Engine/Content/EngineMaterials/Substrate/GLints/dict_16_192_64_0p5_0p02_0042_0009.uasset" 4676
"../../../Engine/Content/EngineMaterials/Substrate/GLints/dict_16_192_64_0p5_0p02_0042_0010.uasset" 4677
"../../../Engine/Content/EngineMaterials/Substrate/GLints/dict_16_192_64_0p5_0p02_0042_0011.uasset" 4678
"../../../Engine/Content/EngineMaterials/Substrate/GLints/dict_16_192_64_0p5_0p02_0042_0012.uasset" 4679
"../../../Engine/Content/EngineMaterials/Substrate/GLints/dict_16_192_64_0p5_0p02_0042_0013.uasset" 4680
"../../../Engine/Content/EngineMaterials/Substrate/GLints/dict_16_192_64_0p5_0p02_0042_0014.uasset" 4681
"../../../Engine/Content/EngineMaterials/Substrate/GLints/dict_16_192_64_0p5_0p02_0042_0015.uasset" 4682
"../../../Engine/Content/EngineMaterials/Substrate/GLints/dict_16_192_64_0p5_0p02_0043_0000.uasset" 4683
"../../../Engine/Content/EngineMaterials/Substrate/GLints/dict_16_192_64_0p5_0p02_0043_0001.uasset" 4684
"../../../Engine/Content/EngineMaterials/Substrate/GLints/dict_16_192_64_0p5_0p02_0043_0002.uasset" 4685
"../../../Engine/Content/EngineMaterials/Substrate/GLints/dict_16_192_64_0p5_0p02_0043_0003.uasset" 4686
"../../../Engine/Content/EngineMaterials/Substrate/GLints/dict_16_192_64_0p5_0p02_0043_0004.uasset" 4687
"../../../Engine/Content/EngineMaterials/Substrate/GLints/dict_16_192_64_0p5_0p02_0043_0005.uasset" 4688
"../../../Engine/Content/EngineMaterials/Substrate/GLints/dict_16_192_64_0p5_0p02_0043_0006.uasset" 4689
"../../../Engine/Content/EngineMaterials/Substrate/GLints/dict_16_192_64_0p5_0p02_0043_0007.uasset" 4690
"../../../Engine/Content/EngineMaterials/Substrate/GLints/dict_16_192_64_0p5_0p02_0043_0008.uasset" 4691
"../../../Engine/Content/EngineMaterials/Substrate/GLints/dict_16_192_64_0p5_0p02_0043_0009.uasset" 4692
"../../../Engine/Content/EngineMaterials/Substrate/GLints/dict_16_192_64_0p5_0p02_0043_0010.uasset" 4693
"../../../Engine/Content/EngineMaterials/Substrate/GLints/dict_16_192_64_0p5_0p02_0043_0011.uasset" 4694
"../../../Engine/Content/EngineMaterials/Substrate/GLints/dict_16_192_64_0p5_0p02_0043_0012.uasset" 4695
"../../../Engine/Content/EngineMaterials/Substrate/GLints/dict_16_192_64_0p5_0p02_0043_0013.uasset" 4696
"../../../Engine/Content/EngineMaterials/Substrate/GLints/dict_16_192_64_0p5_0p02_0043_0014.uasset" 4697
"../../../Engine/Content/EngineMaterials/Substrate/GLints/dict_16_192_64_0p5_0p02_0043_0015.uasset" 4698
"../../../Engine/Content/EngineMaterials/Substrate/GLints/dict_16_192_64_0p5_0p02_0044_0000.uasset" 4699
"../../../Engine/Content/EngineMaterials/Substrate/GLints/dict_16_192_64_0p5_0p02_0044_0001.uasset" 4700
"../../../Engine/Content/EngineMaterials/Substrate/GLints/dict_16_192_64_0p5_0p02_0044_0002.uasset" 4701
"../../../Engine/Content/EngineMaterials/Substrate/GLints/dict_16_192_64_0p5_0p02_0044_0003.uasset" 4702
"../../../Engine/Content/EngineMaterials/Substrate/GLints/dict_16_192_64_0p5_0p02_0044_0004.uasset" 4703
"../../../Engine/Content/EngineMaterials/Substrate/GLints/dict_16_192_64_0p5_0p02_0044_0005.uasset" 4704
"../../../Engine/Content/EngineMaterials/Substrate/GLints/dict_16_192_64_0p5_0p02_0044_0006.uasset" 4705
"../../../Engine/Content/EngineMaterials/Substrate/GLints/dict_16_192_64_0p5_0p02_0044_0007.uasset" 4706
"../../../Engine/Content/EngineMaterials/Substrate/GLints/dict_16_192_64_0p5_0p02_0044_0008.uasset" 4707
"../../../Engine/Content/EngineMaterials/Substrate/GLints/dict_16_192_64_0p5_0p02_0044_0009.uasset" 4708
"../../../Engine/Content/EngineMaterials/Substrate/GLints/dict_16_192_64_0p5_0p02_0044_0010.uasset" 4709
"../../../Engine/Content/EngineMaterials/Substrate/GLints/dict_16_192_64_0p5_0p02_0044_0011.uasset" 4710
"../../../Engine/Content/EngineMaterials/Substrate/GLints/dict_16_192_64_0p5_0p02_0044_0012.uasset" 4711
"../../../Engine/Content/EngineMaterials/Substrate/GLints/dict_16_192_64_0p5_0p02_0044_0013.uasset" 4712
"../../../Engine/Content/EngineMaterials/Substrate/GLints/dict_16_192_64_0p5_0p02_0044_0014.uasset" 4713
"../../../Engine/Content/EngineMaterials/Substrate/GLints/dict_16_192_64_0p5_0p02_0044_0015.uasset" 4714
"../../../Engine/Content/EngineMaterials/Substrate/GLints/dict_16_192_64_0p5_0p02_0045_0000.uasset" 4715
"../../../Engine/Content/EngineMaterials/Substrate/GLints/dict_16_192_64_0p5_0p02_0045_0001.uasset" 4716
"../../../Engine/Content/EngineMaterials/Substrate/GLints/dict_16_192_64_0p5_0p02_0045_0002.uasset" 4717
"../../../Engine/Content/EngineMaterials/Substrate/GLints/dict_16_192_64_0p5_0p02_0045_0003.uasset" 4718
"../../../Engine/Content/EngineMaterials/Substrate/GLints/dict_16_192_64_0p5_0p02_0045_0004.uasset" 4719
"../../../Engine/Content/EngineMaterials/Substrate/GLints/dict_16_192_64_0p5_0p02_0045_0005.uasset" 4720
"../../../Engine/Content/EngineMaterials/Substrate/GLints/dict_16_192_64_0p5_0p02_0045_0006.uasset" 4721
"../../../Engine/Content/EngineMaterials/Substrate/GLints/dict_16_192_64_0p5_0p02_0045_0007.uasset" 4722
"../../../Engine/Content/EngineMaterials/Substrate/GLints/dict_16_192_64_0p5_0p02_0045_0008.uasset" 4723
"../../../Engine/Content/EngineMaterials/Substrate/GLints/dict_16_192_64_0p5_0p02_0045_0009.uasset" 4724
"../../../Engine/Content/EngineMaterials/Substrate/GLints/dict_16_192_64_0p5_0p02_0045_0010.uasset" 4725
"../../../Engine/Content/EngineMaterials/Substrate/GLints/dict_16_192_64_0p5_0p02_0045_0011.uasset" 4726
"../../../Engine/Content/EngineMaterials/Substrate/GLints/dict_16_192_64_0p5_0p02_0045_0012.uasset" 4727
"../../../Engine/Content/EngineMaterials/Substrate/GLints/dict_16_192_64_0p5_0p02_0045_0013.uasset" 4728
"../../../Engine/Content/EngineMaterials/Substrate/GLints/dict_16_192_64_0p5_0p02_0045_0014.uasset" 4729
"../../../Engine/Content/EngineMaterials/Substrate/GLints/dict_16_192_64_0p5_0p02_0045_0015.uasset" 4730
"../../../Engine/Content/EngineMaterials/Substrate/GLints/dict_16_192_64_0p5_0p02_0046_0000.uasset" 4731
"../../../Engine/Content/EngineMaterials/Substrate/GLints/dict_16_192_64_0p5_0p02_0046_0001.uasset" 4732
"../../../Engine/Content/EngineMaterials/Substrate/GLints/dict_16_192_64_0p5_0p02_0046_0002.uasset" 4733
"../../../Engine/Content/EngineMaterials/Substrate/GLints/dict_16_192_64_0p5_0p02_0046_0003.uasset" 4734
"../../../Engine/Content/EngineMaterials/Substrate/GLints/dict_16_192_64_0p5_0p02_0046_0004.uasset" 4735
"../../../Engine/Content/EngineMaterials/Substrate/GLints/dict_16_192_64_0p5_0p02_0046_0005.uasset" 4736
"../../../Engine/Content/EngineMaterials/Substrate/GLints/dict_16_192_64_0p5_0p02_0046_0006.uasset" 4737
"../../../Engine/Content/EngineMaterials/Substrate/GLints/dict_16_192_64_0p5_0p02_0046_0007.uasset" 4738
"../../../Engine/Content/EngineMaterials/Substrate/GLints/dict_16_192_64_0p5_0p02_0046_0008.uasset" 4739
"../../../Engine/Content/EngineMaterials/Substrate/GLints/dict_16_192_64_0p5_0p02_0046_0009.uasset" 4740
"../../../Engine/Content/EngineMaterials/Substrate/GLints/dict_16_192_64_0p5_0p02_0046_0010.uasset" 4741
"../../../Engine/Content/EngineMaterials/Substrate/GLints/dict_16_192_64_0p5_0p02_0046_0011.uasset" 4742
"../../../Engine/Content/EngineMaterials/Substrate/GLints/dict_16_192_64_0p5_0p02_0046_0012.uasset" 4743
"../../../Engine/Content/EngineMaterials/Substrate/GLints/dict_16_192_64_0p5_0p02_0046_0013.uasset" 4744
"../../../Engine/Content/EngineMaterials/Substrate/GLints/dict_16_192_64_0p5_0p02_0046_0014.uasset" 4745
"../../../Engine/Content/EngineMaterials/Substrate/GLints/dict_16_192_64_0p5_0p02_0046_0015.uasset" 4746
"../../../Engine/Content/EngineMaterials/Substrate/GLints/dict_16_192_64_0p5_0p02_0047_0000.uasset" 4747
"../../../Engine/Content/EngineMaterials/Substrate/GLints/dict_16_192_64_0p5_0p02_0047_0001.uasset" 4748
"../../../Engine/Content/EngineMaterials/Substrate/GLints/dict_16_192_64_0p5_0p02_0047_0002.uasset" 4749
"../../../Engine/Content/EngineMaterials/Substrate/GLints/dict_16_192_64_0p5_0p02_0047_0003.uasset" 4750
"../../../Engine/Content/EngineMaterials/Substrate/GLints/dict_16_192_64_0p5_0p02_0047_0004.uasset" 4751
"../../../Engine/Content/EngineMaterials/Substrate/GLints/dict_16_192_64_0p5_0p02_0047_0005.uasset" 4752
"../../../Engine/Content/EngineMaterials/Substrate/GLints/dict_16_192_64_0p5_0p02_0047_0006.uasset" 4753
"../../../Engine/Content/EngineMaterials/Substrate/GLints/dict_16_192_64_0p5_0p02_0047_0007.uasset" 4754
"../../../Engine/Content/EngineMaterials/Substrate/GLints/dict_16_192_64_0p5_0p02_0047_0008.uasset" 4755
"../../../Engine/Content/EngineMaterials/Substrate/GLints/dict_16_192_64_0p5_0p02_0047_0009.uasset" 4756
"../../../Engine/Content/EngineMaterials/Substrate/GLints/dict_16_192_64_0p5_0p02_0047_0010.uasset" 4757
"../../../Engine/Content/EngineMaterials/Substrate/GLints/dict_16_192_64_0p5_0p02_0047_0011.uasset" 4758
"../../../Engine/Content/EngineMaterials/Substrate/GLints/dict_16_192_64_0p5_0p02_0047_0012.uasset" 4759
"../../../Engine/Content/EngineMaterials/Substrate/GLints/dict_16_192_64_0p5_0p02_0047_0013.uasset" 4760
"../../../Engine/Content/EngineMaterials/Substrate/GLints/dict_16_192_64_0p5_0p02_0047_0014.uasset" 4761
"../../../Engine/Content/EngineMaterials/Substrate/GLints/dict_16_192_64_0p5_0p02_0047_0015.uasset" 4762
"../../../Engine/Content/EngineMaterials/Substrate/GLints/dict_16_192_64_0p5_0p02_0048_0000.uasset" 4763
"../../../Engine/Content/EngineMaterials/Substrate/GLints/dict_16_192_64_0p5_0p02_0048_0001.uasset" 4764
"../../../Engine/Content/EngineMaterials/Substrate/GLints/dict_16_192_64_0p5_0p02_0048_0002.uasset" 4765
"../../../Engine/Content/EngineMaterials/Substrate/GLints/dict_16_192_64_0p5_0p02_0048_0003.uasset" 4766
"../../../Engine/Content/EngineMaterials/Substrate/GLints/dict_16_192_64_0p5_0p02_0048_0004.uasset" 4767
"../../../Engine/Content/EngineMaterials/Substrate/GLints/dict_16_192_64_0p5_0p02_0048_0005.uasset" 4768
"../../../Engine/Content/EngineMaterials/Substrate/GLints/dict_16_192_64_0p5_0p02_0048_0006.uasset" 4769
"../../../Engine/Content/EngineMaterials/Substrate/GLints/dict_16_192_64_0p5_0p02_0048_0007.uasset" 4770
"../../../Engine/Content/EngineMaterials/Substrate/GLints/dict_16_192_64_0p5_0p02_0048_0008.uasset" 4771
"../../../Engine/Content/EngineMaterials/Substrate/GLints/dict_16_192_64_0p5_0p02_0048_0009.uasset" 4772
"../../../Engine/Content/EngineMaterials/Substrate/GLints/dict_16_192_64_0p5_0p02_0048_0010.uasset" 4773
"../../../Engine/Content/EngineMaterials/Substrate/GLints/dict_16_192_64_0p5_0p02_0048_0011.uasset" 4774
"../../../Engine/Content/EngineMaterials/Substrate/GLints/dict_16_192_64_0p5_0p02_0048_0012.uasset" 4775
"../../../Engine/Content/EngineMaterials/Substrate/GLints/dict_16_192_64_0p5_0p02_0048_0013.uasset" 4776
"../../../Engine/Content/EngineMaterials/Substrate/GLints/dict_16_192_64_0p5_0p02_0048_0014.uasset" 4777
"../../../Engine/Content/EngineMaterials/Substrate/GLints/dict_16_192_64_0p5_0p02_0048_0015.uasset" 4778
"../../../Engine/Content/EngineMaterials/Substrate/GLints/dict_16_192_64_0p5_0p02_0049_0000.uasset" 4779
"../../../Engine/Content/EngineMaterials/Substrate/GLints/dict_16_192_64_0p5_0p02_0049_0001.uasset" 4780
"../../../Engine/Content/EngineMaterials/Substrate/GLints/dict_16_192_64_0p5_0p02_0049_0002.uasset" 4781
"../../../Engine/Content/EngineMaterials/Substrate/GLints/dict_16_192_64_0p5_0p02_0049_0003.uasset" 4782
"../../../Engine/Content/EngineMaterials/Substrate/GLints/dict_16_192_64_0p5_0p02_0049_0004.uasset" 4783
"../../../Engine/Content/EngineMaterials/Substrate/GLints/dict_16_192_64_0p5_0p02_0049_0005.uasset" 4784
"../../../Engine/Content/EngineMaterials/Substrate/GLints/dict_16_192_64_0p5_0p02_0049_0006.uasset" 4785
"../../../Engine/Content/EngineMaterials/Substrate/GLints/dict_16_192_64_0p5_0p02_0049_0007.uasset" 4786
"../../../Engine/Content/EngineMaterials/Substrate/GLints/dict_16_192_64_0p5_0p02_0049_0008.uasset" 4787
"../../../Engine/Content/EngineMaterials/Substrate/GLints/dict_16_192_64_0p5_0p02_0049_0009.uasset" 4788
"../../../Engine/Content/EngineMaterials/Substrate/GLints/dict_16_192_64_0p5_0p02_0049_0010.uasset" 4789
"../../../Engine/Content/EngineMaterials/Substrate/GLints/dict_16_192_64_0p5_0p02_0049_0011.uasset" 4790
"../../../Engine/Content/EngineMaterials/Substrate/GLints/dict_16_192_64_0p5_0p02_0049_0012.uasset" 4791
"../../../Engine/Content/EngineMaterials/Substrate/GLints/dict_16_192_64_0p5_0p02_0049_0013.uasset" 4792
"../../../Engine/Content/EngineMaterials/Substrate/GLints/dict_16_192_64_0p5_0p02_0049_0014.uasset" 4793
"../../../Engine/Content/EngineMaterials/Substrate/GLints/dict_16_192_64_0p5_0p02_0049_0015.uasset" 4794
"../../../Engine/Content/EngineMaterials/Substrate/GLints/dict_16_192_64_0p5_0p02_0050_0000.uasset" 4795
"../../../Engine/Content/EngineMaterials/Substrate/GLints/dict_16_192_64_0p5_0p02_0050_0001.uasset" 4796
"../../../Engine/Content/EngineMaterials/Substrate/GLints/dict_16_192_64_0p5_0p02_0050_0002.uasset" 4797
"../../../Engine/Content/EngineMaterials/Substrate/GLints/dict_16_192_64_0p5_0p02_0050_0003.uasset" 4798
"../../../Engine/Content/EngineMaterials/Substrate/GLints/dict_16_192_64_0p5_0p02_0050_0004.uasset" 4799
"../../../Engine/Content/EngineMaterials/Substrate/GLints/dict_16_192_64_0p5_0p02_0050_0005.uasset" 4800
"../../../Engine/Content/EngineMaterials/Substrate/GLints/dict_16_192_64_0p5_0p02_0050_0006.uasset" 4801
"../../../Engine/Content/EngineMaterials/Substrate/GLints/dict_16_192_64_0p5_0p02_0050_0007.uasset" 4802
"../../../Engine/Content/EngineMaterials/Substrate/GLints/dict_16_192_64_0p5_0p02_0050_0008.uasset" 4803
"../../../Engine/Content/EngineMaterials/Substrate/GLints/dict_16_192_64_0p5_0p02_0050_0009.uasset" 4804
"../../../Engine/Content/EngineMaterials/Substrate/GLints/dict_16_192_64_0p5_0p02_0050_0010.uasset" 4805
"../../../Engine/Content/EngineMaterials/Substrate/GLints/dict_16_192_64_0p5_0p02_0050_0011.uasset" 4806
"../../../Engine/Content/EngineMaterials/Substrate/GLints/dict_16_192_64_0p5_0p02_0050_0012.uasset" 4807
"../../../Engine/Content/EngineMaterials/Substrate/GLints/dict_16_192_64_0p5_0p02_0050_0013.uasset" 4808
"../../../Engine/Content/EngineMaterials/Substrate/GLints/dict_16_192_64_0p5_0p02_0050_0014.uasset" 4809
"../../../Engine/Content/EngineMaterials/Substrate/GLints/dict_16_192_64_0p5_0p02_0050_0015.uasset" 4810
"../../../Engine/Content/EngineMaterials/Substrate/GLints/dict_16_192_64_0p5_0p02_0051_0000.uasset" 4811
"../../../Engine/Content/EngineMaterials/Substrate/GLints/dict_16_192_64_0p5_0p02_0051_0001.uasset" 4812
"../../../Engine/Content/EngineMaterials/Substrate/GLints/dict_16_192_64_0p5_0p02_0051_0002.uasset" 4813
"../../../Engine/Content/EngineMaterials/Substrate/GLints/dict_16_192_64_0p5_0p02_0051_0003.uasset" 4814
"../../../Engine/Content/EngineMaterials/Substrate/GLints/dict_16_192_64_0p5_0p02_0051_0004.uasset" 4815
"../../../Engine/Content/EngineMaterials/Substrate/GLints/dict_16_192_64_0p5_0p02_0051_0005.uasset" 4816
"../../../Engine/Content/EngineMaterials/Substrate/GLints/dict_16_192_64_0p5_0p02_0051_0006.uasset" 4817
"../../../Engine/Content/EngineMaterials/Substrate/GLints/dict_16_192_64_0p5_0p02_0051_0007.uasset" 4818
"../../../Engine/Content/EngineMaterials/Substrate/GLints/dict_16_192_64_0p5_0p02_0051_0008.uasset" 4819
"../../../Engine/Content/EngineMaterials/Substrate/GLints/dict_16_192_64_0p5_0p02_0051_0009.uasset" 4820
"../../../Engine/Content/EngineMaterials/Substrate/GLints/dict_16_192_64_0p5_0p02_0051_0010.uasset" 4821
"../../../Engine/Content/EngineMaterials/Substrate/GLints/dict_16_192_64_0p5_0p02_0051_0011.uasset" 4822
"../../../Engine/Content/EngineMaterials/Substrate/GLints/dict_16_192_64_0p5_0p02_0051_0012.uasset" 4823
"../../../Engine/Content/EngineMaterials/Substrate/GLints/dict_16_192_64_0p5_0p02_0051_0013.uasset" 4824
"../../../Engine/Content/EngineMaterials/Substrate/GLints/dict_16_192_64_0p5_0p02_0051_0014.uasset" 4825
"../../../Engine/Content/EngineMaterials/Substrate/GLints/dict_16_192_64_0p5_0p02_0051_0015.uasset" 4826
"../../../Engine/Content/EngineMaterials/Substrate/GLints/dict_16_192_64_0p5_0p02_0052_0000.uasset" 4827
"../../../Engine/Content/EngineMaterials/Substrate/GLints/dict_16_192_64_0p5_0p02_0052_0001.uasset" 4828
"../../../Engine/Content/EngineMaterials/Substrate/GLints/dict_16_192_64_0p5_0p02_0052_0002.uasset" 4829
"../../../Engine/Content/EngineMaterials/Substrate/GLints/dict_16_192_64_0p5_0p02_0052_0003.uasset" 4830
"../../../Engine/Content/EngineMaterials/Substrate/GLints/dict_16_192_64_0p5_0p02_0052_0004.uasset" 4831
"../../../Engine/Content/EngineMaterials/Substrate/GLints/dict_16_192_64_0p5_0p02_0052_0005.uasset" 4832
"../../../Engine/Content/EngineMaterials/Substrate/GLints/dict_16_192_64_0p5_0p02_0052_0006.uasset" 4833
"../../../Engine/Content/EngineMaterials/Substrate/GLints/dict_16_192_64_0p5_0p02_0052_0007.uasset" 4834
"../../../Engine/Content/EngineMaterials/Substrate/GLints/dict_16_192_64_0p5_0p02_0052_0008.uasset" 4835
"../../../Engine/Content/EngineMaterials/Substrate/GLints/dict_16_192_64_0p5_0p02_0052_0009.uasset" 4836
"../../../Engine/Content/EngineMaterials/Substrate/GLints/dict_16_192_64_0p5_0p02_0052_0010.uasset" 4837
"../../../Engine/Content/EngineMaterials/Substrate/GLints/dict_16_192_64_0p5_0p02_0052_0011.uasset" 4838
"../../../Engine/Content/EngineMaterials/Substrate/GLints/dict_16_192_64_0p5_0p02_0052_0012.uasset" 4839
"../../../Engine/Content/EngineMaterials/Substrate/GLints/dict_16_192_64_0p5_0p02_0052_0013.uasset" 4840
"../../../Engine/Content/EngineMaterials/Substrate/GLints/dict_16_192_64_0p5_0p02_0052_0014.uasset" 4841
"../../../Engine/Content/EngineMaterials/Substrate/GLints/dict_16_192_64_0p5_0p02_0052_0015.uasset" 4842
"../../../Engine/Content/EngineMaterials/Substrate/GLints/dict_16_192_64_0p5_0p02_0053_0000.uasset" 4843
"../../../Engine/Content/EngineMaterials/Substrate/GLints/dict_16_192_64_0p5_0p02_0053_0001.uasset" 4844
"../../../Engine/Content/EngineMaterials/Substrate/GLints/dict_16_192_64_0p5_0p02_0053_0002.uasset" 4845
"../../../Engine/Content/EngineMaterials/Substrate/GLints/dict_16_192_64_0p5_0p02_0053_0003.uasset" 4846
"../../../Engine/Content/EngineMaterials/Substrate/GLints/dict_16_192_64_0p5_0p02_0053_0004.uasset" 4847
"../../../Engine/Content/EngineMaterials/Substrate/GLints/dict_16_192_64_0p5_0p02_0053_0005.uasset" 4848
"../../../Engine/Content/EngineMaterials/Substrate/GLints/dict_16_192_64_0p5_0p02_0053_0006.uasset" 4849
"../../../Engine/Content/EngineMaterials/Substrate/GLints/dict_16_192_64_0p5_0p02_0053_0007.uasset" 4850
"../../../Engine/Content/EngineMaterials/Substrate/GLints/dict_16_192_64_0p5_0p02_0053_0008.uasset" 4851
"../../../Engine/Content/EngineMaterials/Substrate/GLints/dict_16_192_64_0p5_0p02_0053_0009.uasset" 4852
"../../../Engine/Content/EngineMaterials/Substrate/GLints/dict_16_192_64_0p5_0p02_0053_0010.uasset" 4853
"../../../Engine/Content/EngineMaterials/Substrate/GLints/dict_16_192_64_0p5_0p02_0053_0011.uasset" 4854
"../../../Engine/Content/EngineMaterials/Substrate/GLints/dict_16_192_64_0p5_0p02_0053_0012.uasset" 4855
"../../../Engine/Content/EngineMaterials/Substrate/GLints/dict_16_192_64_0p5_0p02_0053_0013.uasset" 4856
"../../../Engine/Content/EngineMaterials/Substrate/GLints/dict_16_192_64_0p5_0p02_0053_0014.uasset" 4857
"../../../Engine/Content/EngineMaterials/Substrate/GLints/dict_16_192_64_0p5_0p02_0053_0015.uasset" 4858
"../../../Engine/Content/EngineMaterials/Substrate/GLints/dict_16_192_64_0p5_0p02_0054_0000.uasset" 4859
"../../../Engine/Content/EngineMaterials/Substrate/GLints/dict_16_192_64_0p5_0p02_0054_0001.uasset" 4860
"../../../Engine/Content/EngineMaterials/Substrate/GLints/dict_16_192_64_0p5_0p02_0054_0002.uasset" 4861
"../../../Engine/Content/EngineMaterials/Substrate/GLints/dict_16_192_64_0p5_0p02_0054_0003.uasset" 4862
"../../../Engine/Content/EngineMaterials/Substrate/GLints/dict_16_192_64_0p5_0p02_0054_0004.uasset" 4863
"../../../Engine/Content/EngineMaterials/Substrate/GLints/dict_16_192_64_0p5_0p02_0054_0005.uasset" 4864
"../../../Engine/Content/EngineMaterials/Substrate/GLints/dict_16_192_64_0p5_0p02_0054_0006.uasset" 4865
"../../../Engine/Content/EngineMaterials/Substrate/GLints/dict_16_192_64_0p5_0p02_0054_0007.uasset" 4866
"../../../Engine/Content/EngineMaterials/Substrate/GLints/dict_16_192_64_0p5_0p02_0054_0008.uasset" 4867
"../../../Engine/Content/EngineMaterials/Substrate/GLints/dict_16_192_64_0p5_0p02_0054_0009.uasset" 4868
"../../../Engine/Content/EngineMaterials/Substrate/GLints/dict_16_192_64_0p5_0p02_0054_0010.uasset" 4869
"../../../Engine/Content/EngineMaterials/Substrate/GLints/dict_16_192_64_0p5_0p02_0054_0011.uasset" 4870
"../../../Engine/Content/EngineMaterials/Substrate/GLints/dict_16_192_64_0p5_0p02_0054_0012.uasset" 4871
"../../../Engine/Content/EngineMaterials/Substrate/GLints/dict_16_192_64_0p5_0p02_0054_0013.uasset" 4872
"../../../Engine/Content/EngineMaterials/Substrate/GLints/dict_16_192_64_0p5_0p02_0054_0014.uasset" 4873
"../../../Engine/Content/EngineMaterials/Substrate/GLints/dict_16_192_64_0p5_0p02_0054_0015.uasset" 4874
"../../../Engine/Content/EngineMaterials/Substrate/GLints/dict_16_192_64_0p5_0p02_0055_0000.uasset" 4875
"../../../Engine/Content/EngineMaterials/Substrate/GLints/dict_16_192_64_0p5_0p02_0055_0001.uasset" 4876
"../../../Engine/Content/EngineMaterials/Substrate/GLints/dict_16_192_64_0p5_0p02_0055_0002.uasset" 4877
"../../../Engine/Content/EngineMaterials/Substrate/GLints/dict_16_192_64_0p5_0p02_0055_0003.uasset" 4878
"../../../Engine/Content/EngineMaterials/Substrate/GLints/dict_16_192_64_0p5_0p02_0055_0004.uasset" 4879
"../../../Engine/Content/EngineMaterials/Substrate/GLints/dict_16_192_64_0p5_0p02_0055_0005.uasset" 4880
"../../../Engine/Content/EngineMaterials/Substrate/GLints/dict_16_192_64_0p5_0p02_0055_0006.uasset" 4881
"../../../Engine/Content/EngineMaterials/Substrate/GLints/dict_16_192_64_0p5_0p02_0055_0007.uasset" 4882
"../../../Engine/Content/EngineMaterials/Substrate/GLints/dict_16_192_64_0p5_0p02_0055_0008.uasset" 4883
"../../../Engine/Content/EngineMaterials/Substrate/GLints/dict_16_192_64_0p5_0p02_0055_0009.uasset" 4884
"../../../Engine/Content/EngineMaterials/Substrate/GLints/dict_16_192_64_0p5_0p02_0055_0010.uasset" 4885
"../../../Engine/Content/EngineMaterials/Substrate/GLints/dict_16_192_64_0p5_0p02_0055_0011.uasset" 4886
"../../../Engine/Content/EngineMaterials/Substrate/GLints/dict_16_192_64_0p5_0p02_0055_0012.uasset" 4887
"../../../Engine/Content/EngineMaterials/Substrate/GLints/dict_16_192_64_0p5_0p02_0055_0013.uasset" 4888
"../../../Engine/Content/EngineMaterials/Substrate/GLints/dict_16_192_64_0p5_0p02_0055_0014.uasset" 4889
"../../../Engine/Content/EngineMaterials/Substrate/GLints/dict_16_192_64_0p5_0p02_0055_0015.uasset" 4890
"../../../Engine/Content/EngineMaterials/Substrate/GLints/dict_16_192_64_0p5_0p02_0056_0000.uasset" 4891
"../../../Engine/Content/EngineMaterials/Substrate/GLints/dict_16_192_64_0p5_0p02_0056_0001.uasset" 4892
"../../../Engine/Content/EngineMaterials/Substrate/GLints/dict_16_192_64_0p5_0p02_0056_0002.uasset" 4893
"../../../Engine/Content/EngineMaterials/Substrate/GLints/dict_16_192_64_0p5_0p02_0056_0003.uasset" 4894
"../../../Engine/Content/EngineMaterials/Substrate/GLints/dict_16_192_64_0p5_0p02_0056_0004.uasset" 4895
"../../../Engine/Content/EngineMaterials/Substrate/GLints/dict_16_192_64_0p5_0p02_0056_0005.uasset" 4896
"../../../Engine/Content/EngineMaterials/Substrate/GLints/dict_16_192_64_0p5_0p02_0056_0006.uasset" 4897
"../../../Engine/Content/EngineMaterials/Substrate/GLints/dict_16_192_64_0p5_0p02_0056_0007.uasset" 4898
"../../../Engine/Content/EngineMaterials/Substrate/GLints/dict_16_192_64_0p5_0p02_0056_0008.uasset" 4899
"../../../Engine/Content/EngineMaterials/Substrate/GLints/dict_16_192_64_0p5_0p02_0056_0009.uasset" 4900
"../../../Engine/Content/EngineMaterials/Substrate/GLints/dict_16_192_64_0p5_0p02_0056_0010.uasset" 4901
"../../../Engine/Content/EngineMaterials/Substrate/GLints/dict_16_192_64_0p5_0p02_0056_0011.uasset" 4902
"../../../Engine/Content/EngineMaterials/Substrate/GLints/dict_16_192_64_0p5_0p02_0056_0012.uasset" 4903
"../../../Engine/Content/EngineMaterials/Substrate/GLints/dict_16_192_64_0p5_0p02_0056_0013.uasset" 4904
"../../../Engine/Content/EngineMaterials/Substrate/GLints/dict_16_192_64_0p5_0p02_0056_0014.uasset" 4905
"../../../Engine/Content/EngineMaterials/Substrate/GLints/dict_16_192_64_0p5_0p02_0056_0015.uasset" 4906
"../../../Engine/Content/EngineMaterials/Substrate/GLints/dict_16_192_64_0p5_0p02_0057_0000.uasset" 4907
"../../../Engine/Content/EngineMaterials/Substrate/GLints/dict_16_192_64_0p5_0p02_0057_0001.uasset" 4908
"../../../Engine/Content/EngineMaterials/Substrate/GLints/dict_16_192_64_0p5_0p02_0057_0002.uasset" 4909
"../../../Engine/Content/EngineMaterials/Substrate/GLints/dict_16_192_64_0p5_0p02_0057_0003.uasset" 4910
"../../../Engine/Content/EngineMaterials/Substrate/GLints/dict_16_192_64_0p5_0p02_0057_0004.uasset" 4911
"../../../Engine/Content/EngineMaterials/Substrate/GLints/dict_16_192_64_0p5_0p02_0057_0005.uasset" 4912
"../../../Engine/Content/EngineMaterials/Substrate/GLints/dict_16_192_64_0p5_0p02_0057_0006.uasset" 4913
"../../../Engine/Content/EngineMaterials/Substrate/GLints/dict_16_192_64_0p5_0p02_0057_0007.uasset" 4914
"../../../Engine/Content/EngineMaterials/Substrate/GLints/dict_16_192_64_0p5_0p02_0057_0008.uasset" 4915
"../../../Engine/Content/EngineMaterials/Substrate/GLints/dict_16_192_64_0p5_0p02_0057_0009.uasset" 4916
"../../../Engine/Content/EngineMaterials/Substrate/GLints/dict_16_192_64_0p5_0p02_0057_0010.uasset" 4917
"../../../Engine/Content/EngineMaterials/Substrate/GLints/dict_16_192_64_0p5_0p02_0057_0011.uasset" 4918
"../../../Engine/Content/EngineMaterials/Substrate/GLints/dict_16_192_64_0p5_0p02_0057_0012.uasset" 4919
"../../../Engine/Content/EngineMaterials/Substrate/GLints/dict_16_192_64_0p5_0p02_0057_0013.uasset" 4920
"../../../Engine/Content/EngineMaterials/Substrate/GLints/dict_16_192_64_0p5_0p02_0057_0014.uasset" 4921
"../../../Engine/Content/EngineMaterials/Substrate/GLints/dict_16_192_64_0p5_0p02_0057_0015.uasset" 4922
"../../../Engine/Content/EngineMaterials/Substrate/GLints/dict_16_192_64_0p5_0p02_0058_0000.uasset" 4923
"../../../Engine/Content/EngineMaterials/Substrate/GLints/dict_16_192_64_0p5_0p02_0058_0001.uasset" 4924
"../../../Engine/Content/EngineMaterials/Substrate/GLints/dict_16_192_64_0p5_0p02_0058_0002.uasset" 4925
"../../../Engine/Content/EngineMaterials/Substrate/GLints/dict_16_192_64_0p5_0p02_0058_0003.uasset" 4926
"../../../Engine/Content/EngineMaterials/Substrate/GLints/dict_16_192_64_0p5_0p02_0058_0004.uasset" 4927
"../../../Engine/Content/EngineMaterials/Substrate/GLints/dict_16_192_64_0p5_0p02_0058_0005.uasset" 4928
"../../../Engine/Content/EngineMaterials/Substrate/GLints/dict_16_192_64_0p5_0p02_0058_0006.uasset" 4929
"../../../Engine/Content/EngineMaterials/Substrate/GLints/dict_16_192_64_0p5_0p02_0058_0007.uasset" 4930
"../../../Engine/Content/EngineMaterials/Substrate/GLints/dict_16_192_64_0p5_0p02_0058_0008.uasset" 4931
"../../../Engine/Content/EngineMaterials/Substrate/GLints/dict_16_192_64_0p5_0p02_0058_0009.uasset" 4932
"../../../Engine/Content/EngineMaterials/Substrate/GLints/dict_16_192_64_0p5_0p02_0058_0010.uasset" 4933
"../../../Engine/Content/EngineMaterials/Substrate/GLints/dict_16_192_64_0p5_0p02_0058_0011.uasset" 4934
"../../../Engine/Content/EngineMaterials/Substrate/GLints/dict_16_192_64_0p5_0p02_0058_0012.uasset" 4935
"../../../Engine/Content/EngineMaterials/Substrate/GLints/dict_16_192_64_0p5_0p02_0058_0013.uasset" 4936
"../../../Engine/Content/EngineMaterials/Substrate/GLints/dict_16_192_64_0p5_0p02_0058_0014.uasset" 4937
"../../../Engine/Content/EngineMaterials/Substrate/GLints/dict_16_192_64_0p5_0p02_0058_0015.uasset" 4938
"../../../Engine/Content/EngineMaterials/Substrate/GLints/dict_16_192_64_0p5_0p02_0059_0000.uasset" 4939
"../../../Engine/Content/EngineMaterials/Substrate/GLints/dict_16_192_64_0p5_0p02_0059_0001.uasset" 4940
"../../../Engine/Content/EngineMaterials/Substrate/GLints/dict_16_192_64_0p5_0p02_0059_0002.uasset" 4941
"../../../Engine/Content/EngineMaterials/Substrate/GLints/dict_16_192_64_0p5_0p02_0059_0003.uasset" 4942
"../../../Engine/Content/EngineMaterials/Substrate/GLints/dict_16_192_64_0p5_0p02_0059_0004.uasset" 4943
"../../../Engine/Content/EngineMaterials/Substrate/GLints/dict_16_192_64_0p5_0p02_0059_0005.uasset" 4944
"../../../Engine/Content/EngineMaterials/Substrate/GLints/dict_16_192_64_0p5_0p02_0059_0006.uasset" 4945
"../../../Engine/Content/EngineMaterials/Substrate/GLints/dict_16_192_64_0p5_0p02_0059_0007.uasset" 4946
"../../../Engine/Content/EngineMaterials/Substrate/GLints/dict_16_192_64_0p5_0p02_0059_0008.uasset" 4947
"../../../Engine/Content/EngineMaterials/Substrate/GLints/dict_16_192_64_0p5_0p02_0059_0009.uasset" 4948
"../../../Engine/Content/EngineMaterials/Substrate/GLints/dict_16_192_64_0p5_0p02_0059_0010.uasset" 4949
"../../../Engine/Content/EngineMaterials/Substrate/GLints/dict_16_192_64_0p5_0p02_0059_0011.uasset" 4950
"../../../Engine/Content/EngineMaterials/Substrate/GLints/dict_16_192_64_0p5_0p02_0059_0012.uasset" 4951
"../../../Engine/Content/EngineMaterials/Substrate/GLints/dict_16_192_64_0p5_0p02_0059_0013.uasset" 4952
"../../../Engine/Content/EngineMaterials/Substrate/GLints/dict_16_192_64_0p5_0p02_0059_0014.uasset" 4953
"../../../Engine/Content/EngineMaterials/Substrate/GLints/dict_16_192_64_0p5_0p02_0059_0015.uasset" 4954
"../../../Engine/Content/EngineMaterials/Substrate/GLints/dict_16_192_64_0p5_0p02_0060_0000.uasset" 4955
"../../../Engine/Content/EngineMaterials/Substrate/GLints/dict_16_192_64_0p5_0p02_0060_0001.uasset" 4956
"../../../Engine/Content/EngineMaterials/Substrate/GLints/dict_16_192_64_0p5_0p02_0060_0002.uasset" 4957
"../../../Engine/Content/EngineMaterials/Substrate/GLints/dict_16_192_64_0p5_0p02_0060_0003.uasset" 4958
"../../../Engine/Content/EngineMaterials/Substrate/GLints/dict_16_192_64_0p5_0p02_0060_0004.uasset" 4959
"../../../Engine/Content/EngineMaterials/Substrate/GLints/dict_16_192_64_0p5_0p02_0060_0005.uasset" 4960
"../../../Engine/Content/EngineMaterials/Substrate/GLints/dict_16_192_64_0p5_0p02_0060_0006.uasset" 4961
"../../../Engine/Content/EngineMaterials/Substrate/GLints/dict_16_192_64_0p5_0p02_0060_0007.uasset" 4962
"../../../Engine/Content/EngineMaterials/Substrate/GLints/dict_16_192_64_0p5_0p02_0060_0008.uasset" 4963
"../../../Engine/Content/EngineMaterials/Substrate/GLints/dict_16_192_64_0p5_0p02_0060_0009.uasset" 4964
"../../../Engine/Content/EngineMaterials/Substrate/GLints/dict_16_192_64_0p5_0p02_0060_0010.uasset" 4965
"../../../Engine/Content/EngineMaterials/Substrate/GLints/dict_16_192_64_0p5_0p02_0060_0011.uasset" 4966
"../../../Engine/Content/EngineMaterials/Substrate/GLints/dict_16_192_64_0p5_0p02_0060_0012.uasset" 4967
"../../../Engine/Content/EngineMaterials/Substrate/GLints/dict_16_192_64_0p5_0p02_0060_0013.uasset" 4968
"../../../Engine/Content/EngineMaterials/Substrate/GLints/dict_16_192_64_0p5_0p02_0060_0014.uasset" 4969
"../../../Engine/Content/EngineMaterials/Substrate/GLints/dict_16_192_64_0p5_0p02_0060_0015.uasset" 4970
"../../../Engine/Content/EngineMaterials/Substrate/GLints/dict_16_192_64_0p5_0p02_0061_0000.uasset" 4971
"../../../Engine/Content/EngineMaterials/Substrate/GLints/dict_16_192_64_0p5_0p02_0061_0001.uasset" 4972
"../../../Engine/Content/EngineMaterials/Substrate/GLints/dict_16_192_64_0p5_0p02_0061_0002.uasset" 4973
"../../../Engine/Content/EngineMaterials/Substrate/GLints/dict_16_192_64_0p5_0p02_0061_0003.uasset" 4974
"../../../Engine/Content/EngineMaterials/Substrate/GLints/dict_16_192_64_0p5_0p02_0061_0004.uasset" 4975
"../../../Engine/Content/EngineMaterials/Substrate/GLints/dict_16_192_64_0p5_0p02_0061_0005.uasset" 4976
"../../../Engine/Content/EngineMaterials/Substrate/GLints/dict_16_192_64_0p5_0p02_0061_0006.uasset" 4977
"../../../Engine/Content/EngineMaterials/Substrate/GLints/dict_16_192_64_0p5_0p02_0061_0007.uasset" 4978
"../../../Engine/Content/EngineMaterials/Substrate/GLints/dict_16_192_64_0p5_0p02_0061_0008.uasset" 4979
"../../../Engine/Content/EngineMaterials/Substrate/GLints/dict_16_192_64_0p5_0p02_0061_0009.uasset" 4980
"../../../Engine/Content/EngineMaterials/Substrate/GLints/dict_16_192_64_0p5_0p02_0061_0010.uasset" 4981
"../../../Engine/Content/EngineMaterials/Substrate/GLints/dict_16_192_64_0p5_0p02_0061_0011.uasset" 4982
"../../../Engine/Content/EngineMaterials/Substrate/GLints/dict_16_192_64_0p5_0p02_0061_0012.uasset" 4983
"../../../Engine/Content/EngineMaterials/Substrate/GLints/dict_16_192_64_0p5_0p02_0061_0013.uasset" 4984
"../../../Engine/Content/EngineMaterials/Substrate/GLints/dict_16_192_64_0p5_0p02_0061_0014.uasset" 4985
"../../../Engine/Content/EngineMaterials/Substrate/GLints/dict_16_192_64_0p5_0p02_0061_0015.uasset" 4986
"../../../Engine/Content/EngineMaterials/Substrate/GLints/dict_16_192_64_0p5_0p02_0062_0000.uasset" 4987
"../../../Engine/Content/EngineMaterials/Substrate/GLints/dict_16_192_64_0p5_0p02_0062_0001.uasset" 4988
"../../../Engine/Content/EngineMaterials/Substrate/GLints/dict_16_192_64_0p5_0p02_0062_0002.uasset" 4989
"../../../Engine/Content/EngineMaterials/Substrate/GLints/dict_16_192_64_0p5_0p02_0062_0003.uasset" 4990
"../../../Engine/Content/EngineMaterials/Substrate/GLints/dict_16_192_64_0p5_0p02_0062_0004.uasset" 4991
"../../../Engine/Content/EngineMaterials/Substrate/GLints/dict_16_192_64_0p5_0p02_0062_0005.uasset" 4992
"../../../Engine/Content/EngineMaterials/Substrate/GLints/dict_16_192_64_0p5_0p02_0062_0006.uasset" 4993
"../../../Engine/Content/EngineMaterials/Substrate/GLints/dict_16_192_64_0p5_0p02_0062_0007.uasset" 4994
"../../../Engine/Content/EngineMaterials/Substrate/GLints/dict_16_192_64_0p5_0p02_0062_0008.uasset" 4995
"../../../Engine/Content/EngineMaterials/Substrate/GLints/dict_16_192_64_0p5_0p02_0062_0009.uasset" 4996
"../../../Engine/Content/EngineMaterials/Substrate/GLints/dict_16_192_64_0p5_0p02_0062_0010.uasset" 4997
"../../../Engine/Content/EngineMaterials/Substrate/GLints/dict_16_192_64_0p5_0p02_0062_0011.uasset" 4998
"../../../Engine/Content/EngineMaterials/Substrate/GLints/dict_16_192_64_0p5_0p02_0062_0012.uasset" 4999
"../../../Engine/Content/EngineMaterials/Substrate/GLints/dict_16_192_64_0p5_0p02_0062_0013.uasset" 5000
"../../../Engine/Content/EngineMaterials/Substrate/GLints/dict_16_192_64_0p5_0p02_0062_0014.uasset" 5001
"../../../Engine/Content/EngineMaterials/Substrate/GLints/dict_16_192_64_0p5_0p02_0062_0015.uasset" 5002
"../../../Engine/Content/EngineMaterials/Substrate/GLints/dict_16_192_64_0p5_0p02_0063_0000.uasset" 5003
"../../../Engine/Content/EngineMaterials/Substrate/GLints/dict_16_192_64_0p5_0p02_0063_0001.uasset" 5004
"../../../Engine/Content/EngineMaterials/Substrate/GLints/dict_16_192_64_0p5_0p02_0063_0002.uasset" 5005
"../../../Engine/Content/EngineMaterials/Substrate/GLints/dict_16_192_64_0p5_0p02_0063_0003.uasset" 5006
"../../../Engine/Content/EngineMaterials/Substrate/GLints/dict_16_192_64_0p5_0p02_0063_0004.uasset" 5007
"../../../Engine/Content/EngineMaterials/Substrate/GLints/dict_16_192_64_0p5_0p02_0063_0005.uasset" 5008
"../../../Engine/Content/EngineMaterials/Substrate/GLints/dict_16_192_64_0p5_0p02_0063_0006.uasset" 5009
"../../../Engine/Content/EngineMaterials/Substrate/GLints/dict_16_192_64_0p5_0p02_0063_0007.uasset" 5010
"../../../Engine/Content/EngineMaterials/Substrate/GLints/dict_16_192_64_0p5_0p02_0063_0008.uasset" 5011
"../../../Engine/Content/EngineMaterials/Substrate/GLints/dict_16_192_64_0p5_0p02_0063_0009.uasset" 5012
"../../../Engine/Content/EngineMaterials/Substrate/GLints/dict_16_192_64_0p5_0p02_0063_0010.uasset" 5013
"../../../Engine/Content/EngineMaterials/Substrate/GLints/dict_16_192_64_0p5_0p02_0063_0011.uasset" 5014
"../../../Engine/Content/EngineMaterials/Substrate/GLints/dict_16_192_64_0p5_0p02_0063_0012.uasset" 5015
"../../../Engine/Content/EngineMaterials/Substrate/GLints/dict_16_192_64_0p5_0p02_0063_0013.uasset" 5016
"../../../Engine/Content/EngineMaterials/Substrate/GLints/dict_16_192_64_0p5_0p02_0063_0014.uasset" 5017
"../../../Engine/Content/EngineMaterials/Substrate/GLints/dict_16_192_64_0p5_0p02_0063_0015.uasset" 5018
"/Engine/EngineMaterials/Substrate/Glints2/AGlintTex2dArray2" 5019
"../../../Engine/Content/EngineMaterials/Substrate/Glints2/dict_0000_0000.uasset" 5020
"../../../Engine/Content/EngineMaterials/Substrate/Glints2/dict_0000_0001.uasset" 5021
"../../../Engine/Content/EngineMaterials/Substrate/Glints2/dict_0000_0002.uasset" 5022
"../../../Engine/Content/EngineMaterials/Substrate/Glints2/dict_0000_0003.uasset" 5023
"../../../Engine/Content/EngineMaterials/Substrate/Glints2/dict_0000_0004.uasset" 5024
"../../../Engine/Content/EngineMaterials/Substrate/Glints2/dict_0000_0005.uasset" 5025
"../../../Engine/Content/EngineMaterials/Substrate/Glints2/dict_0000_0006.uasset" 5026
"../../../Engine/Content/EngineMaterials/Substrate/Glints2/dict_0000_0007.uasset" 5027
"../../../Engine/Content/EngineMaterials/Substrate/Glints2/dict_0000_0008.uasset" 5028
"../../../Engine/Content/EngineMaterials/Substrate/Glints2/dict_0000_0009.uasset" 5029
"../../../Engine/Content/EngineMaterials/Substrate/Glints2/dict_0000_0010.uasset" 5030
"../../../Engine/Content/EngineMaterials/Substrate/Glints2/dict_0000_0011.uasset" 5031
"../../../Engine/Content/EngineMaterials/Substrate/Glints2/dict_0000_0012.uasset" 5032
"../../../Engine/Content/EngineMaterials/Substrate/Glints2/dict_0000_0013.uasset" 5033
"../../../Engine/Content/EngineMaterials/Substrate/Glints2/dict_0000_0014.uasset" 5034
"../../../Engine/Content/EngineMaterials/Substrate/Glints2/dict_0000_0015.uasset" 5035
"../../../Engine/Content/EngineMaterials/Substrate/Glints2/dict_0000_0016.uasset" 5036
"../../../Engine/Content/EngineMaterials/Substrate/Glints2/dict_0000_0017.uasset" 5037
"../../../Engine/Content/EngineMaterials/Substrate/Glints2/dict_0000_0018.uasset" 5038
"../../../Engine/Content/EngineMaterials/Substrate/Glints2/dict_0000_0019.uasset" 5039
"../../../Engine/Content/EngineMaterials/Substrate/Glints2/dict_0000_0020.uasset" 5040
"../../../Engine/Content/EngineMaterials/Substrate/Glints2/dict_0000_0021.uasset" 5041
"../../../Engine/Content/EngineMaterials/Substrate/Glints2/dict_0000_0022.uasset" 5042
"../../../Engine/Content/EngineMaterials/Substrate/Glints2/dict_0000_0023.uasset" 5043
"../../../Engine/Content/EngineMaterials/Substrate/Glints2/dict_0000_0024.uasset" 5044
"../../../Engine/Content/EngineMaterials/Substrate/Glints2/dict_0000_0025.uasset" 5045
"../../../Engine/Content/EngineMaterials/Substrate/Glints2/dict_0000_0026.uasset" 5046
"../../../Engine/Content/EngineMaterials/Substrate/Glints2/dict_0000_0027.uasset" 5047
"../../../Engine/Content/EngineMaterials/Substrate/Glints2/dict_0000_0028.uasset" 5048
"../../../Engine/Content/EngineMaterials/Substrate/Glints2/dict_0000_0029.uasset" 5049
"../../../Engine/Content/EngineMaterials/Substrate/Glints2/dict_0000_0030.uasset" 5050
"../../../Engine/Content/EngineMaterials/Substrate/Glints2/dict_0000_0031.uasset" 5051
"../../../Engine/Content/EngineMaterials/Substrate/Glints2/dict_0000_0032.uasset" 5052
"../../../Engine/Content/EngineMaterials/Substrate/Glints2/dict_0000_0033.uasset" 5053
"../../../Engine/Content/EngineMaterials/Substrate/Glints2/dict_0000_0034.uasset" 5054
"../../../Engine/Content/EngineMaterials/Substrate/Glints2/dict_0000_0035.uasset" 5055
"../../../Engine/Content/EngineMaterials/Substrate/Glints2/dict_0000_0036.uasset" 5056
"../../../Engine/Content/EngineMaterials/Substrate/Glints2/dict_0000_0037.uasset" 5057
"../../../Engine/Content/EngineMaterials/Substrate/Glints2/dict_0000_0038.uasset" 5058
"../../../Engine/Content/EngineMaterials/Substrate/Glints2/dict_0000_0039.uasset" 5059
"../../../Engine/Content/EngineMaterials/Substrate/Glints2/dict_0000_0040.uasset" 5060
"../../../Engine/Content/EngineMaterials/Substrate/Glints2/dict_0000_0041.uasset" 5061
"../../../Engine/Content/EngineMaterials/Substrate/Glints2/dict_0000_0042.uasset" 5062
"../../../Engine/Content/EngineMaterials/Substrate/Glints2/dict_0000_0043.uasset" 5063
"../../../Engine/Content/EngineMaterials/Substrate/Glints2/dict_0000_0044.uasset" 5064
"../../../Engine/Content/EngineMaterials/Substrate/Glints2/dict_0000_0045.uasset" 5065
"../../../Engine/Content/EngineMaterials/Substrate/Glints2/dict_0000_0046.uasset" 5066
"../../../Engine/Content/EngineMaterials/Substrate/Glints2/dict_0000_0047.uasset" 5067
"../../../Engine/Content/EngineMaterials/Substrate/Glints2/dict_0000_0048.uasset" 5068
"../../../Engine/Content/EngineMaterials/Substrate/Glints2/dict_0000_0049.uasset" 5069
"../../../Engine/Content/EngineMaterials/Substrate/Glints2/dict_0000_0050.uasset" 5070
"../../../Engine/Content/EngineMaterials/Substrate/Glints2/dict_0000_0051.uasset" 5071
"../../../Engine/Content/EngineMaterials/Substrate/Glints2/dict_0000_0052.uasset" 5072
"../../../Engine/Content/EngineMaterials/Substrate/Glints2/dict_0000_0053.uasset" 5073
"../../../Engine/Content/EngineMaterials/Substrate/Glints2/dict_0000_0054.uasset" 5074
"../../../Engine/Content/EngineMaterials/Substrate/Glints2/dict_0000_0055.uasset" 5075
"../../../Engine/Content/EngineMaterials/Substrate/Glints2/dict_0000_0056.uasset" 5076
"../../../Engine/Content/EngineMaterials/Substrate/Glints2/dict_0000_0057.uasset" 5077
"../../../Engine/Content/EngineMaterials/Substrate/Glints2/dict_0000_0058.uasset" 5078
"../../../Engine/Content/EngineMaterials/Substrate/Glints2/dict_0000_0059.uasset" 5079
"../../../Engine/Content/EngineMaterials/Substrate/Glints2/dict_0000_0060.uasset" 5080
"../../../Engine/Content/EngineMaterials/Substrate/Glints2/dict_0000_0061.uasset" 5081
"../../../Engine/Content/EngineMaterials/Substrate/Glints2/dict_0000_0062.uasset" 5082
"../../../Engine/Content/EngineMaterials/Substrate/Glints2/dict_0000_0063.uasset" 5083
"../../../Engine/Content/EngineMaterials/Substrate/Glints2/dict_0000_0064.uasset" 5084
"../../../Engine/Content/EngineMaterials/Substrate/Glints2/dict_0000_0065.uasset" 5085
"../../../Engine/Content/EngineMaterials/Substrate/Glints2/dict_0000_0066.uasset" 5086
"../../../Engine/Content/EngineMaterials/Substrate/Glints2/dict_0000_0067.uasset" 5087
"../../../Engine/Content/EngineMaterials/Substrate/Glints2/dict_0000_0068.uasset" 5088
"../../../Engine/Content/EngineMaterials/Substrate/Glints2/dict_0000_0069.uasset" 5089
"../../../Engine/Content/EngineMaterials/Substrate/Glints2/dict_0000_0070.uasset" 5090
"../../../Engine/Content/EngineMaterials/Substrate/Glints2/dict_0000_0071.uasset" 5091
"../../../Engine/Content/EngineMaterials/Substrate/Glints2/dict_0000_0072.uasset" 5092
"../../../Engine/Content/EngineMaterials/Substrate/Glints2/dict_0000_0073.uasset" 5093
"../../../Engine/Content/EngineMaterials/Substrate/Glints2/dict_0000_0074.uasset" 5094
"../../../Engine/Content/EngineMaterials/Substrate/Glints2/dict_0000_0075.uasset" 5095
"../../../Engine/Content/EngineMaterials/Substrate/Glints2/dict_0000_0076.uasset" 5096
"../../../Engine/Content/EngineMaterials/Substrate/Glints2/dict_0000_0077.uasset" 5097
"../../../Engine/Content/EngineMaterials/Substrate/Glints2/dict_0000_0078.uasset" 5098
"../../../Engine/Content/EngineMaterials/Substrate/Glints2/dict_0000_0079.uasset" 5099
"../../../Engine/Content/EngineMaterials/Substrate/Glints2/dict_0000_0080.uasset" 5100
"../../../Engine/Content/EngineMaterials/Substrate/Glints2/dict_0000_0081.uasset" 5101
"../../../Engine/Content/EngineMaterials/Substrate/Glints2/dict_0000_0082.uasset" 5102
"../../../Engine/Content/EngineMaterials/Substrate/Glints2/dict_0000_0083.uasset" 5103
"../../../Engine/Content/EngineMaterials/Substrate/Glints2/dict_0000_0084.uasset" 5104
"../../../Engine/Content/EngineMaterials/Substrate/Glints2/dict_0000_0085.uasset" 5105
"../../../Engine/Content/EngineMaterials/Substrate/Glints2/dict_0000_0086.uasset" 5106
"../../../Engine/Content/EngineMaterials/Substrate/Glints2/dict_0000_0087.uasset" 5107
"../../../Engine/Content/EngineMaterials/Substrate/Glints2/dict_0000_0088.uasset" 5108
"../../../Engine/Content/EngineMaterials/Substrate/Glints2/dict_0000_0089.uasset" 5109
"../../../Engine/Content/EngineMaterials/Substrate/Glints2/dict_0000_0090.uasset" 5110
"../../../Engine/Content/EngineMaterials/Substrate/Glints2/dict_0000_0091.uasset" 5111
"../../../Engine/Content/EngineMaterials/Substrate/Glints2/dict_0000_0092.uasset" 5112
"../../../Engine/Content/EngineMaterials/Substrate/Glints2/dict_0000_0093.uasset" 5113
"../../../Engine/Content/EngineMaterials/Substrate/Glints2/dict_0000_0094.uasset" 5114
"../../../Engine/Content/EngineMaterials/Substrate/Glints2/dict_0000_0095.uasset" 5115
"../../../Engine/Content/EngineMaterials/Substrate/Glints2/dict_0000_0096.uasset" 5116
"../../../Engine/Content/EngineMaterials/Substrate/Glints2/dict_0000_0097.uasset" 5117
"../../../Engine/Content/EngineMaterials/Substrate/Glints2/dict_0000_0098.uasset" 5118
"../../../Engine/Content/EngineMaterials/Substrate/Glints2/dict_0000_0099.uasset" 5119
"../../../Engine/Content/EngineMaterials/Substrate/Glints2/dict_0000_0100.uasset" 5120
"../../../Engine/Content/EngineMaterials/Substrate/Glints2/dict_0000_0101.uasset" 5121
"../../../Engine/Content/EngineMaterials/Substrate/Glints2/dict_0000_0102.uasset" 5122
"../../../Engine/Content/EngineMaterials/Substrate/Glints2/dict_0000_0103.uasset" 5123
"../../../Engine/Content/EngineMaterials/Substrate/Glints2/dict_0000_0104.uasset" 5124
"../../../Engine/Content/EngineMaterials/Substrate/Glints2/dict_0000_0105.uasset" 5125
"../../../Engine/Content/EngineMaterials/Substrate/Glints2/dict_0000_0106.uasset" 5126
"../../../Engine/Content/EngineMaterials/Substrate/Glints2/dict_0000_0107.uasset" 5127
"../../../Engine/Content/EngineMaterials/Substrate/Glints2/dict_0000_0108.uasset" 5128
"../../../Engine/Content/EngineMaterials/Substrate/Glints2/dict_0000_0109.uasset" 5129
"../../../Engine/Content/EngineMaterials/Substrate/Glints2/dict_0000_0110.uasset" 5130
"../../../Engine/Content/EngineMaterials/Substrate/Glints2/dict_0000_0111.uasset" 5131
"../../../Engine/Content/EngineMaterials/Substrate/Glints2/dict_0000_0112.uasset" 5132
"../../../Engine/Content/EngineMaterials/Substrate/Glints2/dict_0000_0113.uasset" 5133
"../../../Engine/Content/EngineMaterials/Substrate/Glints2/dict_0000_0114.uasset" 5134
"../../../Engine/Content/EngineMaterials/Substrate/Glints2/dict_0000_0115.uasset" 5135
"../../../Engine/Content/EngineMaterials/Substrate/Glints2/dict_0000_0116.uasset" 5136
"../../../Engine/Content/EngineMaterials/Substrate/Glints2/dict_0000_0117.uasset" 5137
"../../../Engine/Content/EngineMaterials/Substrate/Glints2/dict_0000_0118.uasset" 5138
"../../../Engine/Content/EngineMaterials/Substrate/Glints2/dict_0000_0119.uasset" 5139
"../../../Engine/Content/EngineMaterials/Substrate/Glints2/dict_0000_0120.uasset" 5140
"../../../Engine/Content/EngineMaterials/Substrate/Glints2/dict_0000_0121.uasset" 5141
"../../../Engine/Content/EngineMaterials/Substrate/Glints2/dict_0000_0122.uasset" 5142
"../../../Engine/Content/EngineMaterials/Substrate/Glints2/dict_0000_0123.uasset" 5143
"../../../Engine/Content/EngineMaterials/Substrate/Glints2/dict_0000_0124.uasset" 5144
"../../../Engine/Content/EngineMaterials/Substrate/Glints2/dict_0000_0125.uasset" 5145
"../../../Engine/Content/EngineMaterials/Substrate/Glints2/dict_0000_0126.uasset" 5146
"../../../Engine/Content/EngineMaterials/Substrate/Glints2/dict_0000_0127.uasset" 5147
"../../../Engine/Content/EngineMaterials/Substrate/Glints2/dict_0000_0128.uasset" 5148
"../../../Engine/Content/EngineMaterials/Substrate/Glints2/dict_0000_0129.uasset" 5149
"../../../Engine/Content/EngineMaterials/Substrate/Glints2/dict_0000_0130.uasset" 5150
"../../../Engine/Content/EngineMaterials/Substrate/Glints2/dict_0000_0131.uasset" 5151
"../../../Engine/Content/EngineMaterials/Substrate/Glints2/dict_0000_0132.uasset" 5152
"../../../Engine/Content/EngineMaterials/Substrate/Glints2/dict_0000_0133.uasset" 5153
"../../../Engine/Content/EngineMaterials/Substrate/Glints2/dict_0000_0134.uasset" 5154
"../../../Engine/Content/EngineMaterials/Substrate/Glints2/dict_0000_0135.uasset" 5155
"../../../Engine/Content/EngineMaterials/Substrate/Glints2/dict_0000_0136.uasset" 5156
"../../../Engine/Content/EngineMaterials/Substrate/Glints2/dict_0000_0137.uasset" 5157
"../../../Engine/Content/EngineMaterials/Substrate/Glints2/dict_0000_0138.uasset" 5158
"../../../Engine/Content/EngineMaterials/Substrate/Glints2/dict_0000_0139.uasset" 5159
"../../../Engine/Content/EngineMaterials/Substrate/Glints2/dict_0000_0140.uasset" 5160
"../../../Engine/Content/EngineMaterials/Substrate/Glints2/dict_0000_0141.uasset" 5161
"../../../Engine/Content/EngineMaterials/Substrate/Glints2/dict_0000_0142.uasset" 5162
"../../../Engine/Content/EngineMaterials/Substrate/Glints2/dict_0000_0143.uasset" 5163
"../../../Engine/Content/EngineMaterials/Substrate/Glints2/dict_0000_0144.uasset" 5164
"../../../Engine/Content/EngineMaterials/Substrate/Glints2/dict_0000_0145.uasset" 5165
"../../../Engine/Content/EngineMaterials/Substrate/Glints2/dict_0000_0146.uasset" 5166
"../../../Engine/Content/EngineMaterials/Substrate/Glints2/dict_0000_0147.uasset" 5167
"../../../Engine/Content/EngineMaterials/Substrate/Glints2/dict_0000_0148.uasset" 5168
"../../../Engine/Content/EngineMaterials/Substrate/Glints2/dict_0000_0149.uasset" 5169
"../../../Engine/Content/EngineMaterials/Substrate/Glints2/dict_0000_0150.uasset" 5170
"../../../Engine/Content/EngineMaterials/Substrate/Glints2/dict_0000_0151.uasset" 5171
"../../../Engine/Content/EngineMaterials/Substrate/Glints2/dict_0000_0152.uasset" 5172
"../../../Engine/Content/EngineMaterials/Substrate/Glints2/dict_0000_0153.uasset" 5173
"../../../Engine/Content/EngineMaterials/Substrate/Glints2/dict_0000_0154.uasset" 5174
"../../../Engine/Content/EngineMaterials/Substrate/Glints2/dict_0000_0155.uasset" 5175
"../../../Engine/Content/EngineMaterials/Substrate/Glints2/dict_0000_0156.uasset" 5176
"../../../Engine/Content/EngineMaterials/Substrate/Glints2/dict_0000_0157.uasset" 5177
"../../../Engine/Content/EngineMaterials/Substrate/Glints2/dict_0000_0158.uasset" 5178
"../../../Engine/Content/EngineMaterials/Substrate/Glints2/dict_0000_0159.uasset" 5179
"../../../Engine/Content/EngineMaterials/Substrate/Glints2/dict_0000_0160.uasset" 5180
"../../../Engine/Content/EngineMaterials/Substrate/Glints2/dict_0000_0161.uasset" 5181
"../../../Engine/Content/EngineMaterials/Substrate/Glints2/dict_0000_0162.uasset" 5182
"../../../Engine/Content/EngineMaterials/Substrate/Glints2/dict_0000_0163.uasset" 5183
"../../../Engine/Content/EngineMaterials/Substrate/Glints2/dict_0000_0164.uasset" 5184
"../../../Engine/Content/EngineMaterials/Substrate/Glints2/dict_0000_0165.uasset" 5185
"../../../Engine/Content/EngineMaterials/Substrate/Glints2/dict_0000_0166.uasset" 5186
"../../../Engine/Content/EngineMaterials/Substrate/Glints2/dict_0000_0167.uasset" 5187
"../../../Engine/Content/EngineMaterials/Substrate/Glints2/dict_0000_0168.uasset" 5188
"../../../Engine/Content/EngineMaterials/Substrate/Glints2/dict_0000_0169.uasset" 5189
"../../../Engine/Content/EngineMaterials/Substrate/Glints2/dict_0000_0170.uasset" 5190
"../../../Engine/Content/EngineMaterials/Substrate/Glints2/dict_0000_0171.uasset" 5191
"../../../Engine/Content/EngineMaterials/Substrate/Glints2/dict_0000_0172.uasset" 5192
"../../../Engine/Content/EngineMaterials/Substrate/Glints2/dict_0000_0173.uasset" 5193
"../../../Engine/Content/EngineMaterials/Substrate/Glints2/dict_0000_0174.uasset" 5194
"../../../Engine/Content/EngineMaterials/Substrate/Glints2/dict_0000_0175.uasset" 5195
"../../../Engine/Content/EngineMaterials/Substrate/Glints2/dict_0000_0176.uasset" 5196
"../../../Engine/Content/EngineMaterials/Substrate/Glints2/dict_0000_0177.uasset" 5197
"../../../Engine/Content/EngineMaterials/Substrate/Glints2/dict_0000_0178.uasset" 5198
"../../../Engine/Content/EngineMaterials/Substrate/Glints2/dict_0000_0179.uasset" 5199
"../../../Engine/Content/EngineMaterials/Substrate/Glints2/dict_0000_0180.uasset" 5200
"../../../Engine/Content/EngineMaterials/Substrate/Glints2/dict_0000_0181.uasset" 5201
"../../../Engine/Content/EngineMaterials/Substrate/Glints2/dict_0000_0182.uasset" 5202
"../../../Engine/Content/EngineMaterials/Substrate/Glints2/dict_0000_0183.uasset" 5203
"../../../Engine/Content/EngineMaterials/Substrate/Glints2/dict_0000_0184.uasset" 5204
"../../../Engine/Content/EngineMaterials/Substrate/Glints2/dict_0000_0185.uasset" 5205
"../../../Engine/Content/EngineMaterials/Substrate/Glints2/dict_0000_0186.uasset" 5206
"../../../Engine/Content/EngineMaterials/Substrate/Glints2/dict_0000_0187.uasset" 5207
"../../../Engine/Content/EngineMaterials/Substrate/Glints2/dict_0000_0188.uasset" 5208
"../../../Engine/Content/EngineMaterials/Substrate/Glints2/dict_0000_0189.uasset" 5209
"../../../Engine/Content/EngineMaterials/Substrate/Glints2/dict_0000_0190.uasset" 5210
"../../../Engine/Content/EngineMaterials/Substrate/Glints2/dict_0000_0191.uasset" 5211
"../../../Engine/Content/EngineMaterials/Substrate/Glints2/dict_0000_0192.uasset" 5212
"../../../Engine/Content/EngineMaterials/Substrate/Glints2/dict_0000_0193.uasset" 5213
"../../../Engine/Content/EngineMaterials/Substrate/Glints2/dict_0000_0194.uasset" 5214
"../../../Engine/Content/EngineMaterials/Substrate/Glints2/dict_0000_0195.uasset" 5215
"../../../Engine/Content/EngineMaterials/Substrate/Glints2/dict_0000_0196.uasset" 5216
"../../../Engine/Content/EngineMaterials/Substrate/Glints2/dict_0000_0197.uasset" 5217
"../../../Engine/Content/EngineMaterials/Substrate/Glints2/dict_0000_0198.uasset" 5218
"../../../Engine/Content/EngineMaterials/Substrate/Glints2/dict_0000_0199.uasset" 5219
"../../../Engine/Content/EngineMaterials/Substrate/Glints2/dict_0000_0200.uasset" 5220
"../../../Engine/Content/EngineMaterials/Substrate/Glints2/dict_0000_0201.uasset" 5221
"../../../Engine/Content/EngineMaterials/Substrate/Glints2/dict_0000_0202.uasset" 5222
"../../../Engine/Content/EngineMaterials/Substrate/Glints2/dict_0000_0203.uasset" 5223
"../../../Engine/Content/EngineMaterials/Substrate/Glints2/dict_0000_0204.uasset" 5224
"../../../Engine/Content/EngineMaterials/Substrate/Glints2/dict_0000_0205.uasset" 5225
"../../../Engine/Content/EngineMaterials/Substrate/Glints2/dict_0000_0206.uasset" 5226
"../../../Engine/Content/EngineMaterials/Substrate/Glints2/dict_0000_0207.uasset" 5227
"../../../Engine/Content/EngineMaterials/Substrate/Glints2/dict_0000_0208.uasset" 5228
"../../../Engine/Content/EngineMaterials/Substrate/Glints2/dict_0000_0209.uasset" 5229
"../../../Engine/Content/EngineMaterials/Substrate/Glints2/dict_0000_0210.uasset" 5230
"../../../Engine/Content/EngineMaterials/Substrate/Glints2/dict_0000_0211.uasset" 5231
"../../../Engine/Content/EngineMaterials/Substrate/Glints2/dict_0000_0212.uasset" 5232
"../../../Engine/Content/EngineMaterials/Substrate/Glints2/dict_0000_0213.uasset" 5233
"../../../Engine/Content/EngineMaterials/Substrate/Glints2/dict_0000_0214.uasset" 5234
"../../../Engine/Content/EngineMaterials/Substrate/Glints2/dict_0000_0215.uasset" 5235
"../../../Engine/Content/EngineMaterials/Substrate/Glints2/dict_0000_0216.uasset" 5236
"../../../Engine/Content/EngineMaterials/Substrate/Glints2/dict_0000_0217.uasset" 5237
"../../../Engine/Content/EngineMaterials/Substrate/Glints2/dict_0000_0218.uasset" 5238
"../../../Engine/Content/EngineMaterials/Substrate/Glints2/dict_0000_0219.uasset" 5239
"../../../Engine/Content/EngineMaterials/Substrate/Glints2/dict_0000_0220.uasset" 5240
"../../../Engine/Content/EngineMaterials/Substrate/Glints2/dict_0000_0221.uasset" 5241
"../../../Engine/Content/EngineMaterials/Substrate/Glints2/dict_0000_0222.uasset" 5242
"../../../Engine/Content/EngineMaterials/Substrate/Glints2/dict_0000_0223.uasset" 5243
"../../../Engine/Content/EngineMaterials/Substrate/Glints2/dict_0000_0224.uasset" 5244
"../../../Engine/Content/EngineMaterials/Substrate/Glints2/dict_0000_0225.uasset" 5245
"../../../Engine/Content/EngineMaterials/Substrate/Glints2/dict_0000_0226.uasset" 5246
"../../../Engine/Content/EngineMaterials/Substrate/Glints2/dict_0000_0227.uasset" 5247
"../../../Engine/Content/EngineMaterials/Substrate/Glints2/dict_0000_0228.uasset" 5248
"../../../Engine/Content/EngineMaterials/Substrate/Glints2/dict_0000_0229.uasset" 5249
"../../../Engine/Content/EngineMaterials/Substrate/Glints2/dict_0000_0230.uasset" 5250
"../../../Engine/Content/EngineMaterials/Substrate/Glints2/dict_0000_0231.uasset" 5251
"../../../Engine/Content/EngineMaterials/Substrate/Glints2/dict_0000_0232.uasset" 5252
"../../../Engine/Content/EngineMaterials/Substrate/Glints2/dict_0000_0233.uasset" 5253
"../../../Engine/Content/EngineMaterials/Substrate/Glints2/dict_0000_0234.uasset" 5254
"../../../Engine/Content/EngineMaterials/Substrate/Glints2/dict_0000_0235.uasset" 5255
"../../../Engine/Content/EngineMaterials/Substrate/Glints2/dict_0000_0236.uasset" 5256
"../../../Engine/Content/EngineMaterials/Substrate/Glints2/dict_0000_0237.uasset" 5257
"../../../Engine/Content/EngineMaterials/Substrate/Glints2/dict_0000_0238.uasset" 5258
"../../../Engine/Content/EngineMaterials/Substrate/Glints2/dict_0000_0239.uasset" 5259
"../../../Engine/Content/EngineMaterials/Substrate/Glints2/dict_0000_0240.uasset" 5260
"../../../Engine/Content/EngineMaterials/Substrate/Glints2/dict_0000_0241.uasset" 5261
"../../../Engine/Content/EngineMaterials/Substrate/Glints2/dict_0000_0242.uasset" 5262
"../../../Engine/Content/EngineMaterials/Substrate/Glints2/dict_0000_0243.uasset" 5263
"../../../Engine/Content/EngineMaterials/Substrate/Glints2/dict_0000_0244.uasset" 5264
"../../../Engine/Content/EngineMaterials/Substrate/Glints2/dict_0000_0245.uasset" 5265
"../../../Engine/Content/EngineMaterials/Substrate/Glints2/dict_0000_0246.uasset" 5266
"../../../Engine/Content/EngineMaterials/Substrate/Glints2/dict_0000_0247.uasset" 5267
"../../../Engine/Content/EngineMaterials/Substrate/Glints2/dict_0000_0248.uasset" 5268
"../../../Engine/Content/EngineMaterials/Substrate/Glints2/dict_0000_0249.uasset" 5269
"../../../Engine/Content/EngineMaterials/Substrate/Glints2/dict_0000_0250.uasset" 5270
"../../../Engine/Content/EngineMaterials/Substrate/Glints2/dict_0000_0251.uasset" 5271
"../../../Engine/Content/EngineMaterials/Substrate/Glints2/dict_0000_0252.uasset" 5272
"../../../Engine/Content/EngineMaterials/Substrate/Glints2/dict_0000_0253.uasset" 5273
"../../../Engine/Content/EngineMaterials/Substrate/Glints2/dict_0000_0254.uasset" 5274
"../../../Engine/Content/EngineMaterials/Substrate/Glints2/dict_0000_0255.uasset" 5275
"../../../Engine/Content/EngineMaterials/Substrate/Glints2/dict_0001_0000.uasset" 5276
"../../../Engine/Content/EngineMaterials/Substrate/Glints2/dict_0001_0001.uasset" 5277
"../../../Engine/Content/EngineMaterials/Substrate/Glints2/dict_0001_0002.uasset" 5278
"../../../Engine/Content/EngineMaterials/Substrate/Glints2/dict_0001_0003.uasset" 5279
"../../../Engine/Content/EngineMaterials/Substrate/Glints2/dict_0001_0004.uasset" 5280
"../../../Engine/Content/EngineMaterials/Substrate/Glints2/dict_0001_0005.uasset" 5281
"../../../Engine/Content/EngineMaterials/Substrate/Glints2/dict_0001_0006.uasset" 5282
"../../../Engine/Content/EngineMaterials/Substrate/Glints2/dict_0001_0007.uasset" 5283
"../../../Engine/Content/EngineMaterials/Substrate/Glints2/dict_0001_0008.uasset" 5284
"../../../Engine/Content/EngineMaterials/Substrate/Glints2/dict_0001_0009.uasset" 5285
"../../../Engine/Content/EngineMaterials/Substrate/Glints2/dict_0001_0010.uasset" 5286
"../../../Engine/Content/EngineMaterials/Substrate/Glints2/dict_0001_0011.uasset" 5287
"../../../Engine/Content/EngineMaterials/Substrate/Glints2/dict_0001_0012.uasset" 5288
"../../../Engine/Content/EngineMaterials/Substrate/Glints2/dict_0001_0013.uasset" 5289
"../../../Engine/Content/EngineMaterials/Substrate/Glints2/dict_0001_0014.uasset" 5290
"../../../Engine/Content/EngineMaterials/Substrate/Glints2/dict_0001_0015.uasset" 5291
"../../../Engine/Content/EngineMaterials/Substrate/Glints2/dict_0001_0016.uasset" 5292
"../../../Engine/Content/EngineMaterials/Substrate/Glints2/dict_0001_0017.uasset" 5293
"../../../Engine/Content/EngineMaterials/Substrate/Glints2/dict_0001_0018.uasset" 5294
"../../../Engine/Content/EngineMaterials/Substrate/Glints2/dict_0001_0019.uasset" 5295
"../../../Engine/Content/EngineMaterials/Substrate/Glints2/dict_0001_0020.uasset" 5296
"../../../Engine/Content/EngineMaterials/Substrate/Glints2/dict_0001_0021.uasset" 5297
"../../../Engine/Content/EngineMaterials/Substrate/Glints2/dict_0001_0022.uasset" 5298
"../../../Engine/Content/EngineMaterials/Substrate/Glints2/dict_0001_0023.uasset" 5299
"../../../Engine/Content/EngineMaterials/Substrate/Glints2/dict_0001_0024.uasset" 5300
"../../../Engine/Content/EngineMaterials/Substrate/Glints2/dict_0001_0025.uasset" 5301
"../../../Engine/Content/EngineMaterials/Substrate/Glints2/dict_0001_0026.uasset" 5302
"../../../Engine/Content/EngineMaterials/Substrate/Glints2/dict_0001_0027.uasset" 5303
"../../../Engine/Content/EngineMaterials/Substrate/Glints2/dict_0001_0028.uasset" 5304
"../../../Engine/Content/EngineMaterials/Substrate/Glints2/dict_0001_0029.uasset" 5305
"../../../Engine/Content/EngineMaterials/Substrate/Glints2/dict_0001_0030.uasset" 5306
"../../../Engine/Content/EngineMaterials/Substrate/Glints2/dict_0001_0031.uasset" 5307
"../../../Engine/Content/EngineMaterials/Substrate/Glints2/dict_0001_0032.uasset" 5308
"../../../Engine/Content/EngineMaterials/Substrate/Glints2/dict_0001_0033.uasset" 5309
"../../../Engine/Content/EngineMaterials/Substrate/Glints2/dict_0001_0034.uasset" 5310
"../../../Engine/Content/EngineMaterials/Substrate/Glints2/dict_0001_0035.uasset" 5311
"../../../Engine/Content/EngineMaterials/Substrate/Glints2/dict_0001_0036.uasset" 5312
"../../../Engine/Content/EngineMaterials/Substrate/Glints2/dict_0001_0037.uasset" 5313
"../../../Engine/Content/EngineMaterials/Substrate/Glints2/dict_0001_0038.uasset" 5314
"../../../Engine/Content/EngineMaterials/Substrate/Glints2/dict_0001_0039.uasset" 5315
"../../../Engine/Content/EngineMaterials/Substrate/Glints2/dict_0001_0040.uasset" 5316
"../../../Engine/Content/EngineMaterials/Substrate/Glints2/dict_0001_0041.uasset" 5317
"../../../Engine/Content/EngineMaterials/Substrate/Glints2/dict_0001_0042.uasset" 5318
"../../../Engine/Content/EngineMaterials/Substrate/Glints2/dict_0001_0043.uasset" 5319
"../../../Engine/Content/EngineMaterials/Substrate/Glints2/dict_0001_0044.uasset" 5320
"../../../Engine/Content/EngineMaterials/Substrate/Glints2/dict_0001_0045.uasset" 5321
"../../../Engine/Content/EngineMaterials/Substrate/Glints2/dict_0001_0046.uasset" 5322
"../../../Engine/Content/EngineMaterials/Substrate/Glints2/dict_0001_0047.uasset" 5323
"../../../Engine/Content/EngineMaterials/Substrate/Glints2/dict_0001_0048.uasset" 5324
"../../../Engine/Content/EngineMaterials/Substrate/Glints2/dict_0001_0049.uasset" 5325
"../../../Engine/Content/EngineMaterials/Substrate/Glints2/dict_0001_0050.uasset" 5326
"../../../Engine/Content/EngineMaterials/Substrate/Glints2/dict_0001_0051.uasset" 5327
"../../../Engine/Content/EngineMaterials/Substrate/Glints2/dict_0001_0052.uasset" 5328
"../../../Engine/Content/EngineMaterials/Substrate/Glints2/dict_0001_0053.uasset" 5329
"../../../Engine/Content/EngineMaterials/Substrate/Glints2/dict_0001_0054.uasset" 5330
"../../../Engine/Content/EngineMaterials/Substrate/Glints2/dict_0001_0055.uasset" 5331
"../../../Engine/Content/EngineMaterials/Substrate/Glints2/dict_0001_0056.uasset" 5332
"../../../Engine/Content/EngineMaterials/Substrate/Glints2/dict_0001_0057.uasset" 5333
"../../../Engine/Content/EngineMaterials/Substrate/Glints2/dict_0001_0058.uasset" 5334
"../../../Engine/Content/EngineMaterials/Substrate/Glints2/dict_0001_0059.uasset" 5335
"../../../Engine/Content/EngineMaterials/Substrate/Glints2/dict_0001_0060.uasset" 5336
"../../../Engine/Content/EngineMaterials/Substrate/Glints2/dict_0001_0061.uasset" 5337
"../../../Engine/Content/EngineMaterials/Substrate/Glints2/dict_0001_0062.uasset" 5338
"../../../Engine/Content/EngineMaterials/Substrate/Glints2/dict_0001_0063.uasset" 5339
"../../../Engine/Content/EngineMaterials/Substrate/Glints2/dict_0001_0064.uasset" 5340
"../../../Engine/Content/EngineMaterials/Substrate/Glints2/dict_0001_0065.uasset" 5341
"../../../Engine/Content/EngineMaterials/Substrate/Glints2/dict_0001_0066.uasset" 5342
"../../../Engine/Content/EngineMaterials/Substrate/Glints2/dict_0001_0067.uasset" 5343
"../../../Engine/Content/EngineMaterials/Substrate/Glints2/dict_0001_0068.uasset" 5344
"../../../Engine/Content/EngineMaterials/Substrate/Glints2/dict_0001_0069.uasset" 5345
"../../../Engine/Content/EngineMaterials/Substrate/Glints2/dict_0001_0070.uasset" 5346
"../../../Engine/Content/EngineMaterials/Substrate/Glints2/dict_0001_0071.uasset" 5347
"../../../Engine/Content/EngineMaterials/Substrate/Glints2/dict_0001_0072.uasset" 5348
"../../../Engine/Content/EngineMaterials/Substrate/Glints2/dict_0001_0073.uasset" 5349
"../../../Engine/Content/EngineMaterials/Substrate/Glints2/dict_0001_0074.uasset" 5350
"../../../Engine/Content/EngineMaterials/Substrate/Glints2/dict_0001_0075.uasset" 5351
"../../../Engine/Content/EngineMaterials/Substrate/Glints2/dict_0001_0076.uasset" 5352
"../../../Engine/Content/EngineMaterials/Substrate/Glints2/dict_0001_0077.uasset" 5353
"../../../Engine/Content/EngineMaterials/Substrate/Glints2/dict_0001_0078.uasset" 5354
"../../../Engine/Content/EngineMaterials/Substrate/Glints2/dict_0001_0079.uasset" 5355
"../../../Engine/Content/EngineMaterials/Substrate/Glints2/dict_0001_0080.uasset" 5356
"../../../Engine/Content/EngineMaterials/Substrate/Glints2/dict_0001_0081.uasset" 5357
"../../../Engine/Content/EngineMaterials/Substrate/Glints2/dict_0001_0082.uasset" 5358
"../../../Engine/Content/EngineMaterials/Substrate/Glints2/dict_0001_0083.uasset" 5359
"../../../Engine/Content/EngineMaterials/Substrate/Glints2/dict_0001_0084.uasset" 5360
"../../../Engine/Content/EngineMaterials/Substrate/Glints2/dict_0001_0085.uasset" 5361
"../../../Engine/Content/EngineMaterials/Substrate/Glints2/dict_0001_0086.uasset" 5362
"../../../Engine/Content/EngineMaterials/Substrate/Glints2/dict_0001_0087.uasset" 5363
"../../../Engine/Content/EngineMaterials/Substrate/Glints2/dict_0001_0088.uasset" 5364
"../../../Engine/Content/EngineMaterials/Substrate/Glints2/dict_0001_0089.uasset" 5365
"../../../Engine/Content/EngineMaterials/Substrate/Glints2/dict_0001_0090.uasset" 5366
"../../../Engine/Content/EngineMaterials/Substrate/Glints2/dict_0001_0091.uasset" 5367
"../../../Engine/Content/EngineMaterials/Substrate/Glints2/dict_0001_0092.uasset" 5368
"../../../Engine/Content/EngineMaterials/Substrate/Glints2/dict_0001_0093.uasset" 5369
"../../../Engine/Content/EngineMaterials/Substrate/Glints2/dict_0001_0094.uasset" 5370
"../../../Engine/Content/EngineMaterials/Substrate/Glints2/dict_0001_0095.uasset" 5371
"../../../Engine/Content/EngineMaterials/Substrate/Glints2/dict_0001_0096.uasset" 5372
"../../../Engine/Content/EngineMaterials/Substrate/Glints2/dict_0001_0097.uasset" 5373
"../../../Engine/Content/EngineMaterials/Substrate/Glints2/dict_0001_0098.uasset" 5374
"../../../Engine/Content/EngineMaterials/Substrate/Glints2/dict_0001_0099.uasset" 5375
"../../../Engine/Content/EngineMaterials/Substrate/Glints2/dict_0001_0100.uasset" 5376
"../../../Engine/Content/EngineMaterials/Substrate/Glints2/dict_0001_0101.uasset" 5377
"../../../Engine/Content/EngineMaterials/Substrate/Glints2/dict_0001_0102.uasset" 5378
"../../../Engine/Content/EngineMaterials/Substrate/Glints2/dict_0001_0103.uasset" 5379
"../../../Engine/Content/EngineMaterials/Substrate/Glints2/dict_0001_0104.uasset" 5380
"../../../Engine/Content/EngineMaterials/Substrate/Glints2/dict_0001_0105.uasset" 5381
"../../../Engine/Content/EngineMaterials/Substrate/Glints2/dict_0001_0106.uasset" 5382
"../../../Engine/Content/EngineMaterials/Substrate/Glints2/dict_0001_0107.uasset" 5383
"../../../Engine/Content/EngineMaterials/Substrate/Glints2/dict_0001_0108.uasset" 5384
"../../../Engine/Content/EngineMaterials/Substrate/Glints2/dict_0001_0109.uasset" 5385
"../../../Engine/Content/EngineMaterials/Substrate/Glints2/dict_0001_0110.uasset" 5386
"../../../Engine/Content/EngineMaterials/Substrate/Glints2/dict_0001_0111.uasset" 5387
"../../../Engine/Content/EngineMaterials/Substrate/Glints2/dict_0001_0112.uasset" 5388
"../../../Engine/Content/EngineMaterials/Substrate/Glints2/dict_0001_0113.uasset" 5389
"../../../Engine/Content/EngineMaterials/Substrate/Glints2/dict_0001_0114.uasset" 5390
"../../../Engine/Content/EngineMaterials/Substrate/Glints2/dict_0001_0115.uasset" 5391
"../../../Engine/Content/EngineMaterials/Substrate/Glints2/dict_0001_0116.uasset" 5392
"../../../Engine/Content/EngineMaterials/Substrate/Glints2/dict_0001_0117.uasset" 5393
"../../../Engine/Content/EngineMaterials/Substrate/Glints2/dict_0001_0118.uasset" 5394
"../../../Engine/Content/EngineMaterials/Substrate/Glints2/dict_0001_0119.uasset" 5395
"../../../Engine/Content/EngineMaterials/Substrate/Glints2/dict_0001_0120.uasset" 5396
"../../../Engine/Content/EngineMaterials/Substrate/Glints2/dict_0001_0121.uasset" 5397
"../../../Engine/Content/EngineMaterials/Substrate/Glints2/dict_0001_0122.uasset" 5398
"../../../Engine/Content/EngineMaterials/Substrate/Glints2/dict_0001_0123.uasset" 5399
"../../../Engine/Content/EngineMaterials/Substrate/Glints2/dict_0001_0124.uasset" 5400
"../../../Engine/Content/EngineMaterials/Substrate/Glints2/dict_0001_0125.uasset" 5401
"../../../Engine/Content/EngineMaterials/Substrate/Glints2/dict_0001_0126.uasset" 5402
"../../../Engine/Content/EngineMaterials/Substrate/Glints2/dict_0001_0127.uasset" 5403
"../../../Engine/Content/EngineMaterials/Substrate/Glints2/dict_0001_0128.uasset" 5404
"../../../Engine/Content/EngineMaterials/Substrate/Glints2/dict_0001_0129.uasset" 5405
"../../../Engine/Content/EngineMaterials/Substrate/Glints2/dict_0001_0130.uasset" 5406
"../../../Engine/Content/EngineMaterials/Substrate/Glints2/dict_0001_0131.uasset" 5407
"../../../Engine/Content/EngineMaterials/Substrate/Glints2/dict_0001_0132.uasset" 5408
"../../../Engine/Content/EngineMaterials/Substrate/Glints2/dict_0001_0133.uasset" 5409
"../../../Engine/Content/EngineMaterials/Substrate/Glints2/dict_0001_0134.uasset" 5410
"../../../Engine/Content/EngineMaterials/Substrate/Glints2/dict_0001_0135.uasset" 5411
"../../../Engine/Content/EngineMaterials/Substrate/Glints2/dict_0001_0136.uasset" 5412
"../../../Engine/Content/EngineMaterials/Substrate/Glints2/dict_0001_0137.uasset" 5413
"../../../Engine/Content/EngineMaterials/Substrate/Glints2/dict_0001_0138.uasset" 5414
"../../../Engine/Content/EngineMaterials/Substrate/Glints2/dict_0001_0139.uasset" 5415
"../../../Engine/Content/EngineMaterials/Substrate/Glints2/dict_0001_0140.uasset" 5416
"../../../Engine/Content/EngineMaterials/Substrate/Glints2/dict_0001_0141.uasset" 5417
"../../../Engine/Content/EngineMaterials/Substrate/Glints2/dict_0001_0142.uasset" 5418
"../../../Engine/Content/EngineMaterials/Substrate/Glints2/dict_0001_0143.uasset" 5419
"../../../Engine/Content/EngineMaterials/Substrate/Glints2/dict_0001_0144.uasset" 5420
"../../../Engine/Content/EngineMaterials/Substrate/Glints2/dict_0001_0145.uasset" 5421
"../../../Engine/Content/EngineMaterials/Substrate/Glints2/dict_0001_0146.uasset" 5422
"../../../Engine/Content/EngineMaterials/Substrate/Glints2/dict_0001_0147.uasset" 5423
"../../../Engine/Content/EngineMaterials/Substrate/Glints2/dict_0001_0148.uasset" 5424
"../../../Engine/Content/EngineMaterials/Substrate/Glints2/dict_0001_0149.uasset" 5425
"../../../Engine/Content/EngineMaterials/Substrate/Glints2/dict_0001_0150.uasset" 5426
"../../../Engine/Content/EngineMaterials/Substrate/Glints2/dict_0001_0151.uasset" 5427
"../../../Engine/Content/EngineMaterials/Substrate/Glints2/dict_0001_0152.uasset" 5428
"../../../Engine/Content/EngineMaterials/Substrate/Glints2/dict_0001_0153.uasset" 5429
"../../../Engine/Content/EngineMaterials/Substrate/Glints2/dict_0001_0154.uasset" 5430
"../../../Engine/Content/EngineMaterials/Substrate/Glints2/dict_0001_0155.uasset" 5431
"../../../Engine/Content/EngineMaterials/Substrate/Glints2/dict_0001_0156.uasset" 5432
"../../../Engine/Content/EngineMaterials/Substrate/Glints2/dict_0001_0157.uasset" 5433
"../../../Engine/Content/EngineMaterials/Substrate/Glints2/dict_0001_0158.uasset" 5434
"../../../Engine/Content/EngineMaterials/Substrate/Glints2/dict_0001_0159.uasset" 5435
"../../../Engine/Content/EngineMaterials/Substrate/Glints2/dict_0001_0160.uasset" 5436
"../../../Engine/Content/EngineMaterials/Substrate/Glints2/dict_0001_0161.uasset" 5437
"../../../Engine/Content/EngineMaterials/Substrate/Glints2/dict_0001_0162.uasset" 5438
"../../../Engine/Content/EngineMaterials/Substrate/Glints2/dict_0001_0163.uasset" 5439
"../../../Engine/Content/EngineMaterials/Substrate/Glints2/dict_0001_0164.uasset" 5440
"../../../Engine/Content/EngineMaterials/Substrate/Glints2/dict_0001_0165.uasset" 5441
"../../../Engine/Content/EngineMaterials/Substrate/Glints2/dict_0001_0166.uasset" 5442
"../../../Engine/Content/EngineMaterials/Substrate/Glints2/dict_0001_0167.uasset" 5443
"../../../Engine/Content/EngineMaterials/Substrate/Glints2/dict_0001_0168.uasset" 5444
"../../../Engine/Content/EngineMaterials/Substrate/Glints2/dict_0001_0169.uasset" 5445
"../../../Engine/Content/EngineMaterials/Substrate/Glints2/dict_0001_0170.uasset" 5446
"../../../Engine/Content/EngineMaterials/Substrate/Glints2/dict_0001_0171.uasset" 5447
"../../../Engine/Content/EngineMaterials/Substrate/Glints2/dict_0001_0172.uasset" 5448
"../../../Engine/Content/EngineMaterials/Substrate/Glints2/dict_0001_0173.uasset" 5449
"../../../Engine/Content/EngineMaterials/Substrate/Glints2/dict_0001_0174.uasset" 5450
"../../../Engine/Content/EngineMaterials/Substrate/Glints2/dict_0001_0175.uasset" 5451
"../../../Engine/Content/EngineMaterials/Substrate/Glints2/dict_0001_0176.uasset" 5452
"../../../Engine/Content/EngineMaterials/Substrate/Glints2/dict_0001_0177.uasset" 5453
"../../../Engine/Content/EngineMaterials/Substrate/Glints2/dict_0001_0178.uasset" 5454
"../../../Engine/Content/EngineMaterials/Substrate/Glints2/dict_0001_0179.uasset" 5455
"../../../Engine/Content/EngineMaterials/Substrate/Glints2/dict_0001_0180.uasset" 5456
"../../../Engine/Content/EngineMaterials/Substrate/Glints2/dict_0001_0181.uasset" 5457
"../../../Engine/Content/EngineMaterials/Substrate/Glints2/dict_0001_0182.uasset" 5458
"../../../Engine/Content/EngineMaterials/Substrate/Glints2/dict_0001_0183.uasset" 5459
"../../../Engine/Content/EngineMaterials/Substrate/Glints2/dict_0001_0184.uasset" 5460
"../../../Engine/Content/EngineMaterials/Substrate/Glints2/dict_0001_0185.uasset" 5461
"../../../Engine/Content/EngineMaterials/Substrate/Glints2/dict_0001_0186.uasset" 5462
"../../../Engine/Content/EngineMaterials/Substrate/Glints2/dict_0001_0187.uasset" 5463
"../../../Engine/Content/EngineMaterials/Substrate/Glints2/dict_0001_0188.uasset" 5464
"../../../Engine/Content/EngineMaterials/Substrate/Glints2/dict_0001_0189.uasset" 5465
"../../../Engine/Content/EngineMaterials/Substrate/Glints2/dict_0001_0190.uasset" 5466
"../../../Engine/Content/EngineMaterials/Substrate/Glints2/dict_0001_0191.uasset" 5467
"../../../Engine/Content/EngineMaterials/Substrate/Glints2/dict_0001_0192.uasset" 5468
"../../../Engine/Content/EngineMaterials/Substrate/Glints2/dict_0001_0193.uasset" 5469
"../../../Engine/Content/EngineMaterials/Substrate/Glints2/dict_0001_0194.uasset" 5470
"../../../Engine/Content/EngineMaterials/Substrate/Glints2/dict_0001_0195.uasset" 5471
"../../../Engine/Content/EngineMaterials/Substrate/Glints2/dict_0001_0196.uasset" 5472
"../../../Engine/Content/EngineMaterials/Substrate/Glints2/dict_0001_0197.uasset" 5473
"../../../Engine/Content/EngineMaterials/Substrate/Glints2/dict_0001_0198.uasset" 5474
"../../../Engine/Content/EngineMaterials/Substrate/Glints2/dict_0001_0199.uasset" 5475
"../../../Engine/Content/EngineMaterials/Substrate/Glints2/dict_0001_0200.uasset" 5476
"../../../Engine/Content/EngineMaterials/Substrate/Glints2/dict_0001_0201.uasset" 5477
"../../../Engine/Content/EngineMaterials/Substrate/Glints2/dict_0001_0202.uasset" 5478
"../../../Engine/Content/EngineMaterials/Substrate/Glints2/dict_0001_0203.uasset" 5479
"../../../Engine/Content/EngineMaterials/Substrate/Glints2/dict_0001_0204.uasset" 5480
"../../../Engine/Content/EngineMaterials/Substrate/Glints2/dict_0001_0205.uasset" 5481
"../../../Engine/Content/EngineMaterials/Substrate/Glints2/dict_0001_0206.uasset" 5482
"../../../Engine/Content/EngineMaterials/Substrate/Glints2/dict_0001_0207.uasset" 5483
"../../../Engine/Content/EngineMaterials/Substrate/Glints2/dict_0001_0208.uasset" 5484
"../../../Engine/Content/EngineMaterials/Substrate/Glints2/dict_0001_0209.uasset" 5485
"../../../Engine/Content/EngineMaterials/Substrate/Glints2/dict_0001_0210.uasset" 5486
"../../../Engine/Content/EngineMaterials/Substrate/Glints2/dict_0001_0211.uasset" 5487
"../../../Engine/Content/EngineMaterials/Substrate/Glints2/dict_0001_0212.uasset" 5488
"../../../Engine/Content/EngineMaterials/Substrate/Glints2/dict_0001_0213.uasset" 5489
"../../../Engine/Content/EngineMaterials/Substrate/Glints2/dict_0001_0214.uasset" 5490
"../../../Engine/Content/EngineMaterials/Substrate/Glints2/dict_0001_0215.uasset" 5491
"../../../Engine/Content/EngineMaterials/Substrate/Glints2/dict_0001_0216.uasset" 5492
"../../../Engine/Content/EngineMaterials/Substrate/Glints2/dict_0001_0217.uasset" 5493
"../../../Engine/Content/EngineMaterials/Substrate/Glints2/dict_0001_0218.uasset" 5494
"../../../Engine/Content/EngineMaterials/Substrate/Glints2/dict_0001_0219.uasset" 5495
"../../../Engine/Content/EngineMaterials/Substrate/Glints2/dict_0001_0220.uasset" 5496
"../../../Engine/Content/EngineMaterials/Substrate/Glints2/dict_0001_0221.uasset" 5497
"../../../Engine/Content/EngineMaterials/Substrate/Glints2/dict_0001_0222.uasset" 5498
"../../../Engine/Content/EngineMaterials/Substrate/Glints2/dict_0001_0223.uasset" 5499
"../../../Engine/Content/EngineMaterials/Substrate/Glints2/dict_0001_0224.uasset" 5500
"../../../Engine/Content/EngineMaterials/Substrate/Glints2/dict_0001_0225.uasset" 5501
"../../../Engine/Content/EngineMaterials/Substrate/Glints2/dict_0001_0226.uasset" 5502
"../../../Engine/Content/EngineMaterials/Substrate/Glints2/dict_0001_0227.uasset" 5503
"../../../Engine/Content/EngineMaterials/Substrate/Glints2/dict_0001_0228.uasset" 5504
"../../../Engine/Content/EngineMaterials/Substrate/Glints2/dict_0001_0229.uasset" 5505
"../../../Engine/Content/EngineMaterials/Substrate/Glints2/dict_0001_0230.uasset" 5506
"../../../Engine/Content/EngineMaterials/Substrate/Glints2/dict_0001_0231.uasset" 5507
"../../../Engine/Content/EngineMaterials/Substrate/Glints2/dict_0001_0232.uasset" 5508
"../../../Engine/Content/EngineMaterials/Substrate/Glints2/dict_0001_0233.uasset" 5509
"../../../Engine/Content/EngineMaterials/Substrate/Glints2/dict_0001_0234.uasset" 5510
"../../../Engine/Content/EngineMaterials/Substrate/Glints2/dict_0001_0235.uasset" 5511
"../../../Engine/Content/EngineMaterials/Substrate/Glints2/dict_0001_0236.uasset" 5512
"../../../Engine/Content/EngineMaterials/Substrate/Glints2/dict_0001_0237.uasset" 5513
"../../../Engine/Content/EngineMaterials/Substrate/Glints2/dict_0001_0238.uasset" 5514
"../../../Engine/Content/EngineMaterials/Substrate/Glints2/dict_0001_0239.uasset" 5515
"../../../Engine/Content/EngineMaterials/Substrate/Glints2/dict_0001_0240.uasset" 5516
"../../../Engine/Content/EngineMaterials/Substrate/Glints2/dict_0001_0241.uasset" 5517
"../../../Engine/Content/EngineMaterials/Substrate/Glints2/dict_0001_0242.uasset" 5518
"../../../Engine/Content/EngineMaterials/Substrate/Glints2/dict_0001_0243.uasset" 5519
"../../../Engine/Content/EngineMaterials/Substrate/Glints2/dict_0001_0244.uasset" 5520
"../../../Engine/Content/EngineMaterials/Substrate/Glints2/dict_0001_0245.uasset" 5521
"../../../Engine/Content/EngineMaterials/Substrate/Glints2/dict_0001_0246.uasset" 5522
"../../../Engine/Content/EngineMaterials/Substrate/Glints2/dict_0001_0247.uasset" 5523
"../../../Engine/Content/EngineMaterials/Substrate/Glints2/dict_0001_0248.uasset" 5524
"../../../Engine/Content/EngineMaterials/Substrate/Glints2/dict_0001_0249.uasset" 5525
"../../../Engine/Content/EngineMaterials/Substrate/Glints2/dict_0001_0250.uasset" 5526
"../../../Engine/Content/EngineMaterials/Substrate/Glints2/dict_0001_0251.uasset" 5527
"../../../Engine/Content/EngineMaterials/Substrate/Glints2/dict_0001_0252.uasset" 5528
"../../../Engine/Content/EngineMaterials/Substrate/Glints2/dict_0001_0253.uasset" 5529
"../../../Engine/Content/EngineMaterials/Substrate/Glints2/dict_0001_0254.uasset" 5530
"../../../Engine/Content/EngineMaterials/Substrate/Glints2/dict_0001_0255.uasset" 5531
"../../../Engine/Content/EngineMaterials/Substrate/Glints2/dict_0002_0000.uasset" 5532
"../../../Engine/Content/EngineMaterials/Substrate/Glints2/dict_0002_0001.uasset" 5533
"../../../Engine/Content/EngineMaterials/Substrate/Glints2/dict_0002_0002.uasset" 5534
"../../../Engine/Content/EngineMaterials/Substrate/Glints2/dict_0002_0003.uasset" 5535
"../../../Engine/Content/EngineMaterials/Substrate/Glints2/dict_0002_0004.uasset" 5536
"../../../Engine/Content/EngineMaterials/Substrate/Glints2/dict_0002_0005.uasset" 5537
"../../../Engine/Content/EngineMaterials/Substrate/Glints2/dict_0002_0006.uasset" 5538
"../../../Engine/Content/EngineMaterials/Substrate/Glints2/dict_0002_0007.uasset" 5539
"../../../Engine/Content/EngineMaterials/Substrate/Glints2/dict_0002_0008.uasset" 5540
"../../../Engine/Content/EngineMaterials/Substrate/Glints2/dict_0002_0009.uasset" 5541
"../../../Engine/Content/EngineMaterials/Substrate/Glints2/dict_0002_0010.uasset" 5542
"../../../Engine/Content/EngineMaterials/Substrate/Glints2/dict_0002_0011.uasset" 5543
"../../../Engine/Content/EngineMaterials/Substrate/Glints2/dict_0002_0012.uasset" 5544
"../../../Engine/Content/EngineMaterials/Substrate/Glints2/dict_0002_0013.uasset" 5545
"../../../Engine/Content/EngineMaterials/Substrate/Glints2/dict_0002_0014.uasset" 5546
"../../../Engine/Content/EngineMaterials/Substrate/Glints2/dict_0002_0015.uasset" 5547
"../../../Engine/Content/EngineMaterials/Substrate/Glints2/dict_0002_0016.uasset" 5548
"../../../Engine/Content/EngineMaterials/Substrate/Glints2/dict_0002_0017.uasset" 5549
"../../../Engine/Content/EngineMaterials/Substrate/Glints2/dict_0002_0018.uasset" 5550
"../../../Engine/Content/EngineMaterials/Substrate/Glints2/dict_0002_0019.uasset" 5551
"../../../Engine/Content/EngineMaterials/Substrate/Glints2/dict_0002_0020.uasset" 5552
"../../../Engine/Content/EngineMaterials/Substrate/Glints2/dict_0002_0021.uasset" 5553
"../../../Engine/Content/EngineMaterials/Substrate/Glints2/dict_0002_0022.uasset" 5554
"../../../Engine/Content/EngineMaterials/Substrate/Glints2/dict_0002_0023.uasset" 5555
"../../../Engine/Content/EngineMaterials/Substrate/Glints2/dict_0002_0024.uasset" 5556
"../../../Engine/Content/EngineMaterials/Substrate/Glints2/dict_0002_0025.uasset" 5557
"../../../Engine/Content/EngineMaterials/Substrate/Glints2/dict_0002_0026.uasset" 5558
"../../../Engine/Content/EngineMaterials/Substrate/Glints2/dict_0002_0027.uasset" 5559
"../../../Engine/Content/EngineMaterials/Substrate/Glints2/dict_0002_0028.uasset" 5560
"../../../Engine/Content/EngineMaterials/Substrate/Glints2/dict_0002_0029.uasset" 5561
"../../../Engine/Content/EngineMaterials/Substrate/Glints2/dict_0002_0030.uasset" 5562
"../../../Engine/Content/EngineMaterials/Substrate/Glints2/dict_0002_0031.uasset" 5563
"../../../Engine/Content/EngineMaterials/Substrate/Glints2/dict_0002_0032.uasset" 5564
"../../../Engine/Content/EngineMaterials/Substrate/Glints2/dict_0002_0033.uasset" 5565
"../../../Engine/Content/EngineMaterials/Substrate/Glints2/dict_0002_0034.uasset" 5566
"../../../Engine/Content/EngineMaterials/Substrate/Glints2/dict_0002_0035.uasset" 5567
"../../../Engine/Content/EngineMaterials/Substrate/Glints2/dict_0002_0036.uasset" 5568
"../../../Engine/Content/EngineMaterials/Substrate/Glints2/dict_0002_0037.uasset" 5569
"../../../Engine/Content/EngineMaterials/Substrate/Glints2/dict_0002_0038.uasset" 5570
"../../../Engine/Content/EngineMaterials/Substrate/Glints2/dict_0002_0039.uasset" 5571
"../../../Engine/Content/EngineMaterials/Substrate/Glints2/dict_0002_0040.uasset" 5572
"../../../Engine/Content/EngineMaterials/Substrate/Glints2/dict_0002_0041.uasset" 5573
"../../../Engine/Content/EngineMaterials/Substrate/Glints2/dict_0002_0042.uasset" 5574
"../../../Engine/Content/EngineMaterials/Substrate/Glints2/dict_0002_0043.uasset" 5575
"../../../Engine/Content/EngineMaterials/Substrate/Glints2/dict_0002_0044.uasset" 5576
"../../../Engine/Content/EngineMaterials/Substrate/Glints2/dict_0002_0045.uasset" 5577
"../../../Engine/Content/EngineMaterials/Substrate/Glints2/dict_0002_0046.uasset" 5578
"../../../Engine/Content/EngineMaterials/Substrate/Glints2/dict_0002_0047.uasset" 5579
"../../../Engine/Content/EngineMaterials/Substrate/Glints2/dict_0002_0048.uasset" 5580
"../../../Engine/Content/EngineMaterials/Substrate/Glints2/dict_0002_0049.uasset" 5581
"../../../Engine/Content/EngineMaterials/Substrate/Glints2/dict_0002_0050.uasset" 5582
"../../../Engine/Content/EngineMaterials/Substrate/Glints2/dict_0002_0051.uasset" 5583
"../../../Engine/Content/EngineMaterials/Substrate/Glints2/dict_0002_0052.uasset" 5584
"../../../Engine/Content/EngineMaterials/Substrate/Glints2/dict_0002_0053.uasset" 5585
"../../../Engine/Content/EngineMaterials/Substrate/Glints2/dict_0002_0054.uasset" 5586
"../../../Engine/Content/EngineMaterials/Substrate/Glints2/dict_0002_0055.uasset" 5587
"../../../Engine/Content/EngineMaterials/Substrate/Glints2/dict_0002_0056.uasset" 5588
"../../../Engine/Content/EngineMaterials/Substrate/Glints2/dict_0002_0057.uasset" 5589
"../../../Engine/Content/EngineMaterials/Substrate/Glints2/dict_0002_0058.uasset" 5590
"../../../Engine/Content/EngineMaterials/Substrate/Glints2/dict_0002_0059.uasset" 5591
"../../../Engine/Content/EngineMaterials/Substrate/Glints2/dict_0002_0060.uasset" 5592
"../../../Engine/Content/EngineMaterials/Substrate/Glints2/dict_0002_0061.uasset" 5593
"../../../Engine/Content/EngineMaterials/Substrate/Glints2/dict_0002_0062.uasset" 5594
"../../../Engine/Content/EngineMaterials/Substrate/Glints2/dict_0002_0063.uasset" 5595
"../../../Engine/Content/EngineMaterials/Substrate/Glints2/dict_0002_0064.uasset" 5596
"../../../Engine/Content/EngineMaterials/Substrate/Glints2/dict_0002_0065.uasset" 5597
"../../../Engine/Content/EngineMaterials/Substrate/Glints2/dict_0002_0066.uasset" 5598
"../../../Engine/Content/EngineMaterials/Substrate/Glints2/dict_0002_0067.uasset" 5599
"../../../Engine/Content/EngineMaterials/Substrate/Glints2/dict_0002_0068.uasset" 5600
"../../../Engine/Content/EngineMaterials/Substrate/Glints2/dict_0002_0069.uasset" 5601
"../../../Engine/Content/EngineMaterials/Substrate/Glints2/dict_0002_0070.uasset" 5602
"../../../Engine/Content/EngineMaterials/Substrate/Glints2/dict_0002_0071.uasset" 5603
"../../../Engine/Content/EngineMaterials/Substrate/Glints2/dict_0002_0072.uasset" 5604
"../../../Engine/Content/EngineMaterials/Substrate/Glints2/dict_0002_0073.uasset" 5605
"../../../Engine/Content/EngineMaterials/Substrate/Glints2/dict_0002_0074.uasset" 5606
"../../../Engine/Content/EngineMaterials/Substrate/Glints2/dict_0002_0075.uasset" 5607
"../../../Engine/Content/EngineMaterials/Substrate/Glints2/dict_0002_0076.uasset" 5608
"../../../Engine/Content/EngineMaterials/Substrate/Glints2/dict_0002_0077.uasset" 5609
"../../../Engine/Content/EngineMaterials/Substrate/Glints2/dict_0002_0078.uasset" 5610
"../../../Engine/Content/EngineMaterials/Substrate/Glints2/dict_0002_0079.uasset" 5611
"../../../Engine/Content/EngineMaterials/Substrate/Glints2/dict_0002_0080.uasset" 5612
"../../../Engine/Content/EngineMaterials/Substrate/Glints2/dict_0002_0081.uasset" 5613
"../../../Engine/Content/EngineMaterials/Substrate/Glints2/dict_0002_0082.uasset" 5614
"../../../Engine/Content/EngineMaterials/Substrate/Glints2/dict_0002_0083.uasset" 5615
"../../../Engine/Content/EngineMaterials/Substrate/Glints2/dict_0002_0084.uasset" 5616
"../../../Engine/Content/EngineMaterials/Substrate/Glints2/dict_0002_0085.uasset" 5617
"../../../Engine/Content/EngineMaterials/Substrate/Glints2/dict_0002_0086.uasset" 5618
"../../../Engine/Content/EngineMaterials/Substrate/Glints2/dict_0002_0087.uasset" 5619
"../../../Engine/Content/EngineMaterials/Substrate/Glints2/dict_0002_0088.uasset" 5620
"../../../Engine/Content/EngineMaterials/Substrate/Glints2/dict_0002_0089.uasset" 5621
"../../../Engine/Content/EngineMaterials/Substrate/Glints2/dict_0002_0090.uasset" 5622
"../../../Engine/Content/EngineMaterials/Substrate/Glints2/dict_0002_0091.uasset" 5623
"../../../Engine/Content/EngineMaterials/Substrate/Glints2/dict_0002_0092.uasset" 5624
"../../../Engine/Content/EngineMaterials/Substrate/Glints2/dict_0002_0093.uasset" 5625
"../../../Engine/Content/EngineMaterials/Substrate/Glints2/dict_0002_0094.uasset" 5626
"../../../Engine/Content/EngineMaterials/Substrate/Glints2/dict_0002_0095.uasset" 5627
"../../../Engine/Content/EngineMaterials/Substrate/Glints2/dict_0002_0096.uasset" 5628
"../../../Engine/Content/EngineMaterials/Substrate/Glints2/dict_0002_0097.uasset" 5629
"../../../Engine/Content/EngineMaterials/Substrate/Glints2/dict_0002_0098.uasset" 5630
"../../../Engine/Content/EngineMaterials/Substrate/Glints2/dict_0002_0099.uasset" 5631
"../../../Engine/Content/EngineMaterials/Substrate/Glints2/dict_0002_0100.uasset" 5632
"../../../Engine/Content/EngineMaterials/Substrate/Glints2/dict_0002_0101.uasset" 5633
"../../../Engine/Content/EngineMaterials/Substrate/Glints2/dict_0002_0102.uasset" 5634
"../../../Engine/Content/EngineMaterials/Substrate/Glints2/dict_0002_0103.uasset" 5635
"../../../Engine/Content/EngineMaterials/Substrate/Glints2/dict_0002_0104.uasset" 5636
"../../../Engine/Content/EngineMaterials/Substrate/Glints2/dict_0002_0105.uasset" 5637
"../../../Engine/Content/EngineMaterials/Substrate/Glints2/dict_0002_0106.uasset" 5638
"../../../Engine/Content/EngineMaterials/Substrate/Glints2/dict_0002_0107.uasset" 5639
"../../../Engine/Content/EngineMaterials/Substrate/Glints2/dict_0002_0108.uasset" 5640
"../../../Engine/Content/EngineMaterials/Substrate/Glints2/dict_0002_0109.uasset" 5641
"../../../Engine/Content/EngineMaterials/Substrate/Glints2/dict_0002_0110.uasset" 5642
"../../../Engine/Content/EngineMaterials/Substrate/Glints2/dict_0002_0111.uasset" 5643
"../../../Engine/Content/EngineMaterials/Substrate/Glints2/dict_0002_0112.uasset" 5644
"../../../Engine/Content/EngineMaterials/Substrate/Glints2/dict_0002_0113.uasset" 5645
"../../../Engine/Content/EngineMaterials/Substrate/Glints2/dict_0002_0114.uasset" 5646
"../../../Engine/Content/EngineMaterials/Substrate/Glints2/dict_0002_0115.uasset" 5647
"../../../Engine/Content/EngineMaterials/Substrate/Glints2/dict_0002_0116.uasset" 5648
"../../../Engine/Content/EngineMaterials/Substrate/Glints2/dict_0002_0117.uasset" 5649
"../../../Engine/Content/EngineMaterials/Substrate/Glints2/dict_0002_0118.uasset" 5650
"../../../Engine/Content/EngineMaterials/Substrate/Glints2/dict_0002_0119.uasset" 5651
"../../../Engine/Content/EngineMaterials/Substrate/Glints2/dict_0002_0120.uasset" 5652
"../../../Engine/Content/EngineMaterials/Substrate/Glints2/dict_0002_0121.uasset" 5653
"../../../Engine/Content/EngineMaterials/Substrate/Glints2/dict_0002_0122.uasset" 5654
"../../../Engine/Content/EngineMaterials/Substrate/Glints2/dict_0002_0123.uasset" 5655
"../../../Engine/Content/EngineMaterials/Substrate/Glints2/dict_0002_0124.uasset" 5656
"../../../Engine/Content/EngineMaterials/Substrate/Glints2/dict_0002_0125.uasset" 5657
"../../../Engine/Content/EngineMaterials/Substrate/Glints2/dict_0002_0126.uasset" 5658
"../../../Engine/Content/EngineMaterials/Substrate/Glints2/dict_0002_0127.uasset" 5659
"../../../Engine/Content/EngineMaterials/Substrate/Glints2/dict_0002_0128.uasset" 5660
"../../../Engine/Content/EngineMaterials/Substrate/Glints2/dict_0002_0129.uasset" 5661
"../../../Engine/Content/EngineMaterials/Substrate/Glints2/dict_0002_0130.uasset" 5662
"../../../Engine/Content/EngineMaterials/Substrate/Glints2/dict_0002_0131.uasset" 5663
"../../../Engine/Content/EngineMaterials/Substrate/Glints2/dict_0002_0132.uasset" 5664
"../../../Engine/Content/EngineMaterials/Substrate/Glints2/dict_0002_0133.uasset" 5665
"../../../Engine/Content/EngineMaterials/Substrate/Glints2/dict_0002_0134.uasset" 5666
"../../../Engine/Content/EngineMaterials/Substrate/Glints2/dict_0002_0135.uasset" 5667
"../../../Engine/Content/EngineMaterials/Substrate/Glints2/dict_0002_0136.uasset" 5668
"../../../Engine/Content/EngineMaterials/Substrate/Glints2/dict_0002_0137.uasset" 5669
"../../../Engine/Content/EngineMaterials/Substrate/Glints2/dict_0002_0138.uasset" 5670
"../../../Engine/Content/EngineMaterials/Substrate/Glints2/dict_0002_0139.uasset" 5671
"../../../Engine/Content/EngineMaterials/Substrate/Glints2/dict_0002_0140.uasset" 5672
"../../../Engine/Content/EngineMaterials/Substrate/Glints2/dict_0002_0141.uasset" 5673
"../../../Engine/Content/EngineMaterials/Substrate/Glints2/dict_0002_0142.uasset" 5674
"../../../Engine/Content/EngineMaterials/Substrate/Glints2/dict_0002_0143.uasset" 5675
"../../../Engine/Content/EngineMaterials/Substrate/Glints2/dict_0002_0144.uasset" 5676
"../../../Engine/Content/EngineMaterials/Substrate/Glints2/dict_0002_0145.uasset" 5677
"../../../Engine/Content/EngineMaterials/Substrate/Glints2/dict_0002_0146.uasset" 5678
"../../../Engine/Content/EngineMaterials/Substrate/Glints2/dict_0002_0147.uasset" 5679
"../../../Engine/Content/EngineMaterials/Substrate/Glints2/dict_0002_0148.uasset" 5680
"../../../Engine/Content/EngineMaterials/Substrate/Glints2/dict_0002_0149.uasset" 5681
"../../../Engine/Content/EngineMaterials/Substrate/Glints2/dict_0002_0150.uasset" 5682
"../../../Engine/Content/EngineMaterials/Substrate/Glints2/dict_0002_0151.uasset" 5683
"../../../Engine/Content/EngineMaterials/Substrate/Glints2/dict_0002_0152.uasset" 5684
"../../../Engine/Content/EngineMaterials/Substrate/Glints2/dict_0002_0153.uasset" 5685
"../../../Engine/Content/EngineMaterials/Substrate/Glints2/dict_0002_0154.uasset" 5686
"../../../Engine/Content/EngineMaterials/Substrate/Glints2/dict_0002_0155.uasset" 5687
"../../../Engine/Content/EngineMaterials/Substrate/Glints2/dict_0002_0156.uasset" 5688
"../../../Engine/Content/EngineMaterials/Substrate/Glints2/dict_0002_0157.uasset" 5689
"../../../Engine/Content/EngineMaterials/Substrate/Glints2/dict_0002_0158.uasset" 5690
"../../../Engine/Content/EngineMaterials/Substrate/Glints2/dict_0002_0159.uasset" 5691
"../../../Engine/Content/EngineMaterials/Substrate/Glints2/dict_0002_0160.uasset" 5692
"../../../Engine/Content/EngineMaterials/Substrate/Glints2/dict_0002_0161.uasset" 5693
"../../../Engine/Content/EngineMaterials/Substrate/Glints2/dict_0002_0162.uasset" 5694
"../../../Engine/Content/EngineMaterials/Substrate/Glints2/dict_0002_0163.uasset" 5695
"../../../Engine/Content/EngineMaterials/Substrate/Glints2/dict_0002_0164.uasset" 5696
"../../../Engine/Content/EngineMaterials/Substrate/Glints2/dict_0002_0165.uasset" 5697
"../../../Engine/Content/EngineMaterials/Substrate/Glints2/dict_0002_0166.uasset" 5698
"../../../Engine/Content/EngineMaterials/Substrate/Glints2/dict_0002_0167.uasset" 5699
"../../../Engine/Content/EngineMaterials/Substrate/Glints2/dict_0002_0168.uasset" 5700
"../../../Engine/Content/EngineMaterials/Substrate/Glints2/dict_0002_0169.uasset" 5701
"../../../Engine/Content/EngineMaterials/Substrate/Glints2/dict_0002_0170.uasset" 5702
"../../../Engine/Content/EngineMaterials/Substrate/Glints2/dict_0002_0171.uasset" 5703
"../../../Engine/Content/EngineMaterials/Substrate/Glints2/dict_0002_0172.uasset" 5704
"../../../Engine/Content/EngineMaterials/Substrate/Glints2/dict_0002_0173.uasset" 5705
"../../../Engine/Content/EngineMaterials/Substrate/Glints2/dict_0002_0174.uasset" 5706
"../../../Engine/Content/EngineMaterials/Substrate/Glints2/dict_0002_0175.uasset" 5707
"../../../Engine/Content/EngineMaterials/Substrate/Glints2/dict_0002_0176.uasset" 5708
"../../../Engine/Content/EngineMaterials/Substrate/Glints2/dict_0002_0177.uasset" 5709
"../../../Engine/Content/EngineMaterials/Substrate/Glints2/dict_0002_0178.uasset" 5710
"../../../Engine/Content/EngineMaterials/Substrate/Glints2/dict_0002_0179.uasset" 5711
"../../../Engine/Content/EngineMaterials/Substrate/Glints2/dict_0002_0180.uasset" 5712
"../../../Engine/Content/EngineMaterials/Substrate/Glints2/dict_0002_0181.uasset" 5713
"../../../Engine/Content/EngineMaterials/Substrate/Glints2/dict_0002_0182.uasset" 5714
"../../../Engine/Content/EngineMaterials/Substrate/Glints2/dict_0002_0183.uasset" 5715
"../../../Engine/Content/EngineMaterials/Substrate/Glints2/dict_0002_0184.uasset" 5716
"../../../Engine/Content/EngineMaterials/Substrate/Glints2/dict_0002_0185.uasset" 5717
"../../../Engine/Content/EngineMaterials/Substrate/Glints2/dict_0002_0186.uasset" 5718
"../../../Engine/Content/EngineMaterials/Substrate/Glints2/dict_0002_0187.uasset" 5719
"../../../Engine/Content/EngineMaterials/Substrate/Glints2/dict_0002_0188.uasset" 5720
"../../../Engine/Content/EngineMaterials/Substrate/Glints2/dict_0002_0189.uasset" 5721
"../../../Engine/Content/EngineMaterials/Substrate/Glints2/dict_0002_0190.uasset" 5722
"../../../Engine/Content/EngineMaterials/Substrate/Glints2/dict_0002_0191.uasset" 5723
"../../../Engine/Content/EngineMaterials/Substrate/Glints2/dict_0002_0192.uasset" 5724
"../../../Engine/Content/EngineMaterials/Substrate/Glints2/dict_0002_0193.uasset" 5725
"../../../Engine/Content/EngineMaterials/Substrate/Glints2/dict_0002_0194.uasset" 5726
"../../../Engine/Content/EngineMaterials/Substrate/Glints2/dict_0002_0195.uasset" 5727
"../../../Engine/Content/EngineMaterials/Substrate/Glints2/dict_0002_0196.uasset" 5728
"../../../Engine/Content/EngineMaterials/Substrate/Glints2/dict_0002_0197.uasset" 5729
"../../../Engine/Content/EngineMaterials/Substrate/Glints2/dict_0002_0198.uasset" 5730
"../../../Engine/Content/EngineMaterials/Substrate/Glints2/dict_0002_0199.uasset" 5731
"../../../Engine/Content/EngineMaterials/Substrate/Glints2/dict_0002_0200.uasset" 5732
"../../../Engine/Content/EngineMaterials/Substrate/Glints2/dict_0002_0201.uasset" 5733
"../../../Engine/Content/EngineMaterials/Substrate/Glints2/dict_0002_0202.uasset" 5734
"../../../Engine/Content/EngineMaterials/Substrate/Glints2/dict_0002_0203.uasset" 5735
"../../../Engine/Content/EngineMaterials/Substrate/Glints2/dict_0002_0204.uasset" 5736
"../../../Engine/Content/EngineMaterials/Substrate/Glints2/dict_0002_0205.uasset" 5737
"../../../Engine/Content/EngineMaterials/Substrate/Glints2/dict_0002_0206.uasset" 5738
"../../../Engine/Content/EngineMaterials/Substrate/Glints2/dict_0002_0207.uasset" 5739
"../../../Engine/Content/EngineMaterials/Substrate/Glints2/dict_0002_0208.uasset" 5740
"../../../Engine/Content/EngineMaterials/Substrate/Glints2/dict_0002_0209.uasset" 5741
"../../../Engine/Content/EngineMaterials/Substrate/Glints2/dict_0002_0210.uasset" 5742
"../../../Engine/Content/EngineMaterials/Substrate/Glints2/dict_0002_0211.uasset" 5743
"../../../Engine/Content/EngineMaterials/Substrate/Glints2/dict_0002_0212.uasset" 5744
"../../../Engine/Content/EngineMaterials/Substrate/Glints2/dict_0002_0213.uasset" 5745
"../../../Engine/Content/EngineMaterials/Substrate/Glints2/dict_0002_0214.uasset" 5746
"../../../Engine/Content/EngineMaterials/Substrate/Glints2/dict_0002_0215.uasset" 5747
"../../../Engine/Content/EngineMaterials/Substrate/Glints2/dict_0002_0216.uasset" 5748
"../../../Engine/Content/EngineMaterials/Substrate/Glints2/dict_0002_0217.uasset" 5749
"../../../Engine/Content/EngineMaterials/Substrate/Glints2/dict_0002_0218.uasset" 5750
"../../../Engine/Content/EngineMaterials/Substrate/Glints2/dict_0002_0219.uasset" 5751
"../../../Engine/Content/EngineMaterials/Substrate/Glints2/dict_0002_0220.uasset" 5752
"../../../Engine/Content/EngineMaterials/Substrate/Glints2/dict_0002_0221.uasset" 5753
"../../../Engine/Content/EngineMaterials/Substrate/Glints2/dict_0002_0222.uasset" 5754
"../../../Engine/Content/EngineMaterials/Substrate/Glints2/dict_0002_0223.uasset" 5755
"../../../Engine/Content/EngineMaterials/Substrate/Glints2/dict_0002_0224.uasset" 5756
"../../../Engine/Content/EngineMaterials/Substrate/Glints2/dict_0002_0225.uasset" 5757
"../../../Engine/Content/EngineMaterials/Substrate/Glints2/dict_0002_0226.uasset" 5758
"../../../Engine/Content/EngineMaterials/Substrate/Glints2/dict_0002_0227.uasset" 5759
"../../../Engine/Content/EngineMaterials/Substrate/Glints2/dict_0002_0228.uasset" 5760
"../../../Engine/Content/EngineMaterials/Substrate/Glints2/dict_0002_0229.uasset" 5761
"../../../Engine/Content/EngineMaterials/Substrate/Glints2/dict_0002_0230.uasset" 5762
"../../../Engine/Content/EngineMaterials/Substrate/Glints2/dict_0002_0231.uasset" 5763
"../../../Engine/Content/EngineMaterials/Substrate/Glints2/dict_0002_0232.uasset" 5764
"../../../Engine/Content/EngineMaterials/Substrate/Glints2/dict_0002_0233.uasset" 5765
"../../../Engine/Content/EngineMaterials/Substrate/Glints2/dict_0002_0234.uasset" 5766
"../../../Engine/Content/EngineMaterials/Substrate/Glints2/dict_0002_0235.uasset" 5767
"../../../Engine/Content/EngineMaterials/Substrate/Glints2/dict_0002_0236.uasset" 5768
"../../../Engine/Content/EngineMaterials/Substrate/Glints2/dict_0002_0237.uasset" 5769
"../../../Engine/Content/EngineMaterials/Substrate/Glints2/dict_0002_0238.uasset" 5770
"../../../Engine/Content/EngineMaterials/Substrate/Glints2/dict_0002_0239.uasset" 5771
"../../../Engine/Content/EngineMaterials/Substrate/Glints2/dict_0002_0240.uasset" 5772
"../../../Engine/Content/EngineMaterials/Substrate/Glints2/dict_0002_0241.uasset" 5773
"../../../Engine/Content/EngineMaterials/Substrate/Glints2/dict_0002_0242.uasset" 5774
"../../../Engine/Content/EngineMaterials/Substrate/Glints2/dict_0002_0243.uasset" 5775
"../../../Engine/Content/EngineMaterials/Substrate/Glints2/dict_0002_0244.uasset" 5776
"../../../Engine/Content/EngineMaterials/Substrate/Glints2/dict_0002_0245.uasset" 5777
"../../../Engine/Content/EngineMaterials/Substrate/Glints2/dict_0002_0246.uasset" 5778
"../../../Engine/Content/EngineMaterials/Substrate/Glints2/dict_0002_0247.uasset" 5779
"../../../Engine/Content/EngineMaterials/Substrate/Glints2/dict_0002_0248.uasset" 5780
"../../../Engine/Content/EngineMaterials/Substrate/Glints2/dict_0002_0249.uasset" 5781
"../../../Engine/Content/EngineMaterials/Substrate/Glints2/dict_0002_0250.uasset" 5782
"../../../Engine/Content/EngineMaterials/Substrate/Glints2/dict_0002_0251.uasset" 5783
"../../../Engine/Content/EngineMaterials/Substrate/Glints2/dict_0002_0252.uasset" 5784
"../../../Engine/Content/EngineMaterials/Substrate/Glints2/dict_0002_0253.uasset" 5785
"../../../Engine/Content/EngineMaterials/Substrate/Glints2/dict_0002_0254.uasset" 5786
"../../../Engine/Content/EngineMaterials/Substrate/Glints2/dict_0002_0255.uasset" 5787
"../../../Engine/Content/EngineMaterials/Substrate/Glints2/dict_0003_0000.uasset" 5788
"../../../Engine/Content/EngineMaterials/Substrate/Glints2/dict_0003_0001.uasset" 5789
"../../../Engine/Content/EngineMaterials/Substrate/Glints2/dict_0003_0002.uasset" 5790
"../../../Engine/Content/EngineMaterials/Substrate/Glints2/dict_0003_0003.uasset" 5791
"../../../Engine/Content/EngineMaterials/Substrate/Glints2/dict_0003_0004.uasset" 5792
"../../../Engine/Content/EngineMaterials/Substrate/Glints2/dict_0003_0005.uasset" 5793
"../../../Engine/Content/EngineMaterials/Substrate/Glints2/dict_0003_0006.uasset" 5794
"../../../Engine/Content/EngineMaterials/Substrate/Glints2/dict_0003_0007.uasset" 5795
"../../../Engine/Content/EngineMaterials/Substrate/Glints2/dict_0003_0008.uasset" 5796
"../../../Engine/Content/EngineMaterials/Substrate/Glints2/dict_0003_0009.uasset" 5797
"../../../Engine/Content/EngineMaterials/Substrate/Glints2/dict_0003_0010.uasset" 5798
"../../../Engine/Content/EngineMaterials/Substrate/Glints2/dict_0003_0011.uasset" 5799
"../../../Engine/Content/EngineMaterials/Substrate/Glints2/dict_0003_0012.uasset" 5800
"../../../Engine/Content/EngineMaterials/Substrate/Glints2/dict_0003_0013.uasset" 5801
"../../../Engine/Content/EngineMaterials/Substrate/Glints2/dict_0003_0014.uasset" 5802
"../../../Engine/Content/EngineMaterials/Substrate/Glints2/dict_0003_0015.uasset" 5803
"../../../Engine/Content/EngineMaterials/Substrate/Glints2/dict_0003_0016.uasset" 5804
"../../../Engine/Content/EngineMaterials/Substrate/Glints2/dict_0003_0017.uasset" 5805
"../../../Engine/Content/EngineMaterials/Substrate/Glints2/dict_0003_0018.uasset" 5806
"../../../Engine/Content/EngineMaterials/Substrate/Glints2/dict_0003_0019.uasset" 5807
"../../../Engine/Content/EngineMaterials/Substrate/Glints2/dict_0003_0020.uasset" 5808
"../../../Engine/Content/EngineMaterials/Substrate/Glints2/dict_0003_0021.uasset" 5809
"../../../Engine/Content/EngineMaterials/Substrate/Glints2/dict_0003_0022.uasset" 5810
"../../../Engine/Content/EngineMaterials/Substrate/Glints2/dict_0003_0023.uasset" 5811
"../../../Engine/Content/EngineMaterials/Substrate/Glints2/dict_0003_0024.uasset" 5812
"../../../Engine/Content/EngineMaterials/Substrate/Glints2/dict_0003_0025.uasset" 5813
"../../../Engine/Content/EngineMaterials/Substrate/Glints2/dict_0003_0026.uasset" 5814
"../../../Engine/Content/EngineMaterials/Substrate/Glints2/dict_0003_0027.uasset" 5815
"../../../Engine/Content/EngineMaterials/Substrate/Glints2/dict_0003_0028.uasset" 5816
"../../../Engine/Content/EngineMaterials/Substrate/Glints2/dict_0003_0029.uasset" 5817
"../../../Engine/Content/EngineMaterials/Substrate/Glints2/dict_0003_0030.uasset" 5818
"../../../Engine/Content/EngineMaterials/Substrate/Glints2/dict_0003_0031.uasset" 5819
"../../../Engine/Content/EngineMaterials/Substrate/Glints2/dict_0003_0032.uasset" 5820
"../../../Engine/Content/EngineMaterials/Substrate/Glints2/dict_0003_0033.uasset" 5821
"../../../Engine/Content/EngineMaterials/Substrate/Glints2/dict_0003_0034.uasset" 5822
"../../../Engine/Content/EngineMaterials/Substrate/Glints2/dict_0003_0035.uasset" 5823
"../../../Engine/Content/EngineMaterials/Substrate/Glints2/dict_0003_0036.uasset" 5824
"../../../Engine/Content/EngineMaterials/Substrate/Glints2/dict_0003_0037.uasset" 5825
"../../../Engine/Content/EngineMaterials/Substrate/Glints2/dict_0003_0038.uasset" 5826
"../../../Engine/Content/EngineMaterials/Substrate/Glints2/dict_0003_0039.uasset" 5827
"../../../Engine/Content/EngineMaterials/Substrate/Glints2/dict_0003_0040.uasset" 5828
"../../../Engine/Content/EngineMaterials/Substrate/Glints2/dict_0003_0041.uasset" 5829
"../../../Engine/Content/EngineMaterials/Substrate/Glints2/dict_0003_0042.uasset" 5830
"../../../Engine/Content/EngineMaterials/Substrate/Glints2/dict_0003_0043.uasset" 5831
"../../../Engine/Content/EngineMaterials/Substrate/Glints2/dict_0003_0044.uasset" 5832
"../../../Engine/Content/EngineMaterials/Substrate/Glints2/dict_0003_0045.uasset" 5833
"../../../Engine/Content/EngineMaterials/Substrate/Glints2/dict_0003_0046.uasset" 5834
"../../../Engine/Content/EngineMaterials/Substrate/Glints2/dict_0003_0047.uasset" 5835
"../../../Engine/Content/EngineMaterials/Substrate/Glints2/dict_0003_0048.uasset" 5836
"../../../Engine/Content/EngineMaterials/Substrate/Glints2/dict_0003_0049.uasset" 5837
"../../../Engine/Content/EngineMaterials/Substrate/Glints2/dict_0003_0050.uasset" 5838
"../../../Engine/Content/EngineMaterials/Substrate/Glints2/dict_0003_0051.uasset" 5839
"../../../Engine/Content/EngineMaterials/Substrate/Glints2/dict_0003_0052.uasset" 5840
"../../../Engine/Content/EngineMaterials/Substrate/Glints2/dict_0003_0053.uasset" 5841
"../../../Engine/Content/EngineMaterials/Substrate/Glints2/dict_0003_0054.uasset" 5842
"../../../Engine/Content/EngineMaterials/Substrate/Glints2/dict_0003_0055.uasset" 5843
"../../../Engine/Content/EngineMaterials/Substrate/Glints2/dict_0003_0056.uasset" 5844
"../../../Engine/Content/EngineMaterials/Substrate/Glints2/dict_0003_0057.uasset" 5845
"../../../Engine/Content/EngineMaterials/Substrate/Glints2/dict_0003_0058.uasset" 5846
"../../../Engine/Content/EngineMaterials/Substrate/Glints2/dict_0003_0059.uasset" 5847
"../../../Engine/Content/EngineMaterials/Substrate/Glints2/dict_0003_0060.uasset" 5848
"../../../Engine/Content/EngineMaterials/Substrate/Glints2/dict_0003_0061.uasset" 5849
"../../../Engine/Content/EngineMaterials/Substrate/Glints2/dict_0003_0062.uasset" 5850
"../../../Engine/Content/EngineMaterials/Substrate/Glints2/dict_0003_0063.uasset" 5851
"../../../Engine/Content/EngineMaterials/Substrate/Glints2/dict_0003_0064.uasset" 5852
"../../../Engine/Content/EngineMaterials/Substrate/Glints2/dict_0003_0065.uasset" 5853
"../../../Engine/Content/EngineMaterials/Substrate/Glints2/dict_0003_0066.uasset" 5854
"../../../Engine/Content/EngineMaterials/Substrate/Glints2/dict_0003_0067.uasset" 5855
"../../../Engine/Content/EngineMaterials/Substrate/Glints2/dict_0003_0068.uasset" 5856
"../../../Engine/Content/EngineMaterials/Substrate/Glints2/dict_0003_0069.uasset" 5857
"../../../Engine/Content/EngineMaterials/Substrate/Glints2/dict_0003_0070.uasset" 5858
"../../../Engine/Content/EngineMaterials/Substrate/Glints2/dict_0003_0071.uasset" 5859
"../../../Engine/Content/EngineMaterials/Substrate/Glints2/dict_0003_0072.uasset" 5860
"../../../Engine/Content/EngineMaterials/Substrate/Glints2/dict_0003_0073.uasset" 5861
"../../../Engine/Content/EngineMaterials/Substrate/Glints2/dict_0003_0074.uasset" 5862
"../../../Engine/Content/EngineMaterials/Substrate/Glints2/dict_0003_0075.uasset" 5863
"../../../Engine/Content/EngineMaterials/Substrate/Glints2/dict_0003_0076.uasset" 5864
"../../../Engine/Content/EngineMaterials/Substrate/Glints2/dict_0003_0077.uasset" 5865
"../../../Engine/Content/EngineMaterials/Substrate/Glints2/dict_0003_0078.uasset" 5866
"../../../Engine/Content/EngineMaterials/Substrate/Glints2/dict_0003_0079.uasset" 5867
"../../../Engine/Content/EngineMaterials/Substrate/Glints2/dict_0003_0080.uasset" 5868
"../../../Engine/Content/EngineMaterials/Substrate/Glints2/dict_0003_0081.uasset" 5869
"../../../Engine/Content/EngineMaterials/Substrate/Glints2/dict_0003_0082.uasset" 5870
"../../../Engine/Content/EngineMaterials/Substrate/Glints2/dict_0003_0083.uasset" 5871
"../../../Engine/Content/EngineMaterials/Substrate/Glints2/dict_0003_0084.uasset" 5872
"../../../Engine/Content/EngineMaterials/Substrate/Glints2/dict_0003_0085.uasset" 5873
"../../../Engine/Content/EngineMaterials/Substrate/Glints2/dict_0003_0086.uasset" 5874
"../../../Engine/Content/EngineMaterials/Substrate/Glints2/dict_0003_0087.uasset" 5875
"../../../Engine/Content/EngineMaterials/Substrate/Glints2/dict_0003_0088.uasset" 5876
"../../../Engine/Content/EngineMaterials/Substrate/Glints2/dict_0003_0089.uasset" 5877
"../../../Engine/Content/EngineMaterials/Substrate/Glints2/dict_0003_0090.uasset" 5878
"../../../Engine/Content/EngineMaterials/Substrate/Glints2/dict_0003_0091.uasset" 5879
"../../../Engine/Content/EngineMaterials/Substrate/Glints2/dict_0003_0092.uasset" 5880
"../../../Engine/Content/EngineMaterials/Substrate/Glints2/dict_0003_0093.uasset" 5881
"../../../Engine/Content/EngineMaterials/Substrate/Glints2/dict_0003_0094.uasset" 5882
"../../../Engine/Content/EngineMaterials/Substrate/Glints2/dict_0003_0095.uasset" 5883
"../../../Engine/Content/EngineMaterials/Substrate/Glints2/dict_0003_0096.uasset" 5884
"../../../Engine/Content/EngineMaterials/Substrate/Glints2/dict_0003_0097.uasset" 5885
"../../../Engine/Content/EngineMaterials/Substrate/Glints2/dict_0003_0098.uasset" 5886
"../../../Engine/Content/EngineMaterials/Substrate/Glints2/dict_0003_0099.uasset" 5887
"../../../Engine/Content/EngineMaterials/Substrate/Glints2/dict_0003_0100.uasset" 5888
"../../../Engine/Content/EngineMaterials/Substrate/Glints2/dict_0003_0101.uasset" 5889
"../../../Engine/Content/EngineMaterials/Substrate/Glints2/dict_0003_0102.uasset" 5890
"../../../Engine/Content/EngineMaterials/Substrate/Glints2/dict_0003_0103.uasset" 5891
"../../../Engine/Content/EngineMaterials/Substrate/Glints2/dict_0003_0104.uasset" 5892
"../../../Engine/Content/EngineMaterials/Substrate/Glints2/dict_0003_0105.uasset" 5893
"../../../Engine/Content/EngineMaterials/Substrate/Glints2/dict_0003_0106.uasset" 5894
"../../../Engine/Content/EngineMaterials/Substrate/Glints2/dict_0003_0107.uasset" 5895
"../../../Engine/Content/EngineMaterials/Substrate/Glints2/dict_0003_0108.uasset" 5896
"../../../Engine/Content/EngineMaterials/Substrate/Glints2/dict_0003_0109.uasset" 5897
"../../../Engine/Content/EngineMaterials/Substrate/Glints2/dict_0003_0110.uasset" 5898
"../../../Engine/Content/EngineMaterials/Substrate/Glints2/dict_0003_0111.uasset" 5899
"../../../Engine/Content/EngineMaterials/Substrate/Glints2/dict_0003_0112.uasset" 5900
"../../../Engine/Content/EngineMaterials/Substrate/Glints2/dict_0003_0113.uasset" 5901
"../../../Engine/Content/EngineMaterials/Substrate/Glints2/dict_0003_0114.uasset" 5902
"../../../Engine/Content/EngineMaterials/Substrate/Glints2/dict_0003_0115.uasset" 5903
"../../../Engine/Content/EngineMaterials/Substrate/Glints2/dict_0003_0116.uasset" 5904
"../../../Engine/Content/EngineMaterials/Substrate/Glints2/dict_0003_0117.uasset" 5905
"../../../Engine/Content/EngineMaterials/Substrate/Glints2/dict_0003_0118.uasset" 5906
"../../../Engine/Content/EngineMaterials/Substrate/Glints2/dict_0003_0119.uasset" 5907
"../../../Engine/Content/EngineMaterials/Substrate/Glints2/dict_0003_0120.uasset" 5908
"../../../Engine/Content/EngineMaterials/Substrate/Glints2/dict_0003_0121.uasset" 5909
"../../../Engine/Content/EngineMaterials/Substrate/Glints2/dict_0003_0122.uasset" 5910
"../../../Engine/Content/EngineMaterials/Substrate/Glints2/dict_0003_0123.uasset" 5911
"../../../Engine/Content/EngineMaterials/Substrate/Glints2/dict_0003_0124.uasset" 5912
"../../../Engine/Content/EngineMaterials/Substrate/Glints2/dict_0003_0125.uasset" 5913
"../../../Engine/Content/EngineMaterials/Substrate/Glints2/dict_0003_0126.uasset" 5914
"../../../Engine/Content/EngineMaterials/Substrate/Glints2/dict_0003_0127.uasset" 5915
"../../../Engine/Content/EngineMaterials/Substrate/Glints2/dict_0003_0128.uasset" 5916
"../../../Engine/Content/EngineMaterials/Substrate/Glints2/dict_0003_0129.uasset" 5917
"../../../Engine/Content/EngineMaterials/Substrate/Glints2/dict_0003_0130.uasset" 5918
"../../../Engine/Content/EngineMaterials/Substrate/Glints2/dict_0003_0131.uasset" 5919
"../../../Engine/Content/EngineMaterials/Substrate/Glints2/dict_0003_0132.uasset" 5920
"../../../Engine/Content/EngineMaterials/Substrate/Glints2/dict_0003_0133.uasset" 5921
"../../../Engine/Content/EngineMaterials/Substrate/Glints2/dict_0003_0134.uasset" 5922
"../../../Engine/Content/EngineMaterials/Substrate/Glints2/dict_0003_0135.uasset" 5923
"../../../Engine/Content/EngineMaterials/Substrate/Glints2/dict_0003_0136.uasset" 5924
"../../../Engine/Content/EngineMaterials/Substrate/Glints2/dict_0003_0137.uasset" 5925
"../../../Engine/Content/EngineMaterials/Substrate/Glints2/dict_0003_0138.uasset" 5926
"../../../Engine/Content/EngineMaterials/Substrate/Glints2/dict_0003_0139.uasset" 5927
"../../../Engine/Content/EngineMaterials/Substrate/Glints2/dict_0003_0140.uasset" 5928
"../../../Engine/Content/EngineMaterials/Substrate/Glints2/dict_0003_0141.uasset" 5929
"../../../Engine/Content/EngineMaterials/Substrate/Glints2/dict_0003_0142.uasset" 5930
"../../../Engine/Content/EngineMaterials/Substrate/Glints2/dict_0003_0143.uasset" 5931
"../../../Engine/Content/EngineMaterials/Substrate/Glints2/dict_0003_0144.uasset" 5932
"../../../Engine/Content/EngineMaterials/Substrate/Glints2/dict_0003_0145.uasset" 5933
"../../../Engine/Content/EngineMaterials/Substrate/Glints2/dict_0003_0146.uasset" 5934
"../../../Engine/Content/EngineMaterials/Substrate/Glints2/dict_0003_0147.uasset" 5935
"../../../Engine/Content/EngineMaterials/Substrate/Glints2/dict_0003_0148.uasset" 5936
"../../../Engine/Content/EngineMaterials/Substrate/Glints2/dict_0003_0149.uasset" 5937
"../../../Engine/Content/EngineMaterials/Substrate/Glints2/dict_0003_0150.uasset" 5938
"../../../Engine/Content/EngineMaterials/Substrate/Glints2/dict_0003_0151.uasset" 5939
"../../../Engine/Content/EngineMaterials/Substrate/Glints2/dict_0003_0152.uasset" 5940
"../../../Engine/Content/EngineMaterials/Substrate/Glints2/dict_0003_0153.uasset" 5941
"../../../Engine/Content/EngineMaterials/Substrate/Glints2/dict_0003_0154.uasset" 5942
"../../../Engine/Content/EngineMaterials/Substrate/Glints2/dict_0003_0155.uasset" 5943
"../../../Engine/Content/EngineMaterials/Substrate/Glints2/dict_0003_0156.uasset" 5944
"../../../Engine/Content/EngineMaterials/Substrate/Glints2/dict_0003_0157.uasset" 5945
"../../../Engine/Content/EngineMaterials/Substrate/Glints2/dict_0003_0158.uasset" 5946
"../../../Engine/Content/EngineMaterials/Substrate/Glints2/dict_0003_0159.uasset" 5947
"../../../Engine/Content/EngineMaterials/Substrate/Glints2/dict_0003_0160.uasset" 5948
"../../../Engine/Content/EngineMaterials/Substrate/Glints2/dict_0003_0161.uasset" 5949
"../../../Engine/Content/EngineMaterials/Substrate/Glints2/dict_0003_0162.uasset" 5950
"../../../Engine/Content/EngineMaterials/Substrate/Glints2/dict_0003_0163.uasset" 5951
"../../../Engine/Content/EngineMaterials/Substrate/Glints2/dict_0003_0164.uasset" 5952
"../../../Engine/Content/EngineMaterials/Substrate/Glints2/dict_0003_0165.uasset" 5953
"../../../Engine/Content/EngineMaterials/Substrate/Glints2/dict_0003_0166.uasset" 5954
"../../../Engine/Content/EngineMaterials/Substrate/Glints2/dict_0003_0167.uasset" 5955
"../../../Engine/Content/EngineMaterials/Substrate/Glints2/dict_0003_0168.uasset" 5956
"../../../Engine/Content/EngineMaterials/Substrate/Glints2/dict_0003_0169.uasset" 5957
"../../../Engine/Content/EngineMaterials/Substrate/Glints2/dict_0003_0170.uasset" 5958
"../../../Engine/Content/EngineMaterials/Substrate/Glints2/dict_0003_0171.uasset" 5959
"../../../Engine/Content/EngineMaterials/Substrate/Glints2/dict_0003_0172.uasset" 5960
"../../../Engine/Content/EngineMaterials/Substrate/Glints2/dict_0003_0173.uasset" 5961
"../../../Engine/Content/EngineMaterials/Substrate/Glints2/dict_0003_0174.uasset" 5962
"../../../Engine/Content/EngineMaterials/Substrate/Glints2/dict_0003_0175.uasset" 5963
"../../../Engine/Content/EngineMaterials/Substrate/Glints2/dict_0003_0176.uasset" 5964
"../../../Engine/Content/EngineMaterials/Substrate/Glints2/dict_0003_0177.uasset" 5965
"../../../Engine/Content/EngineMaterials/Substrate/Glints2/dict_0003_0178.uasset" 5966
"../../../Engine/Content/EngineMaterials/Substrate/Glints2/dict_0003_0179.uasset" 5967
"../../../Engine/Content/EngineMaterials/Substrate/Glints2/dict_0003_0180.uasset" 5968
"../../../Engine/Content/EngineMaterials/Substrate/Glints2/dict_0003_0181.uasset" 5969
"../../../Engine/Content/EngineMaterials/Substrate/Glints2/dict_0003_0182.uasset" 5970
"../../../Engine/Content/EngineMaterials/Substrate/Glints2/dict_0003_0183.uasset" 5971
"../../../Engine/Content/EngineMaterials/Substrate/Glints2/dict_0003_0184.uasset" 5972
"../../../Engine/Content/EngineMaterials/Substrate/Glints2/dict_0003_0185.uasset" 5973
"../../../Engine/Content/EngineMaterials/Substrate/Glints2/dict_0003_0186.uasset" 5974
"../../../Engine/Content/EngineMaterials/Substrate/Glints2/dict_0003_0187.uasset" 5975
"../../../Engine/Content/EngineMaterials/Substrate/Glints2/dict_0003_0188.uasset" 5976
"../../../Engine/Content/EngineMaterials/Substrate/Glints2/dict_0003_0189.uasset" 5977
"../../../Engine/Content/EngineMaterials/Substrate/Glints2/dict_0003_0190.uasset" 5978
"../../../Engine/Content/EngineMaterials/Substrate/Glints2/dict_0003_0191.uasset" 5979
"../../../Engine/Content/EngineMaterials/Substrate/Glints2/dict_0003_0192.uasset" 5980
"../../../Engine/Content/EngineMaterials/Substrate/Glints2/dict_0003_0193.uasset" 5981
"../../../Engine/Content/EngineMaterials/Substrate/Glints2/dict_0003_0194.uasset" 5982
"../../../Engine/Content/EngineMaterials/Substrate/Glints2/dict_0003_0195.uasset" 5983
"../../../Engine/Content/EngineMaterials/Substrate/Glints2/dict_0003_0196.uasset" 5984
"../../../Engine/Content/EngineMaterials/Substrate/Glints2/dict_0003_0197.uasset" 5985
"../../../Engine/Content/EngineMaterials/Substrate/Glints2/dict_0003_0198.uasset" 5986
"../../../Engine/Content/EngineMaterials/Substrate/Glints2/dict_0003_0199.uasset" 5987
"../../../Engine/Content/EngineMaterials/Substrate/Glints2/dict_0003_0200.uasset" 5988
"../../../Engine/Content/EngineMaterials/Substrate/Glints2/dict_0003_0201.uasset" 5989
"../../../Engine/Content/EngineMaterials/Substrate/Glints2/dict_0003_0202.uasset" 5990
"../../../Engine/Content/EngineMaterials/Substrate/Glints2/dict_0003_0203.uasset" 5991
"../../../Engine/Content/EngineMaterials/Substrate/Glints2/dict_0003_0204.uasset" 5992
"../../../Engine/Content/EngineMaterials/Substrate/Glints2/dict_0003_0205.uasset" 5993
"../../../Engine/Content/EngineMaterials/Substrate/Glints2/dict_0003_0206.uasset" 5994
"../../../Engine/Content/EngineMaterials/Substrate/Glints2/dict_0003_0207.uasset" 5995
"../../../Engine/Content/EngineMaterials/Substrate/Glints2/dict_0003_0208.uasset" 5996
"../../../Engine/Content/EngineMaterials/Substrate/Glints2/dict_0003_0209.uasset" 5997
"../../../Engine/Content/EngineMaterials/Substrate/Glints2/dict_0003_0210.uasset" 5998
"../../../Engine/Content/EngineMaterials/Substrate/Glints2/dict_0003_0211.uasset" 5999
"../../../Engine/Content/EngineMaterials/Substrate/Glints2/dict_0003_0212.uasset" 6000
"../../../Engine/Content/EngineMaterials/Substrate/Glints2/dict_0003_0213.uasset" 6001
"../../../Engine/Content/EngineMaterials/Substrate/Glints2/dict_0003_0214.uasset" 6002
"../../../Engine/Content/EngineMaterials/Substrate/Glints2/dict_0003_0215.uasset" 6003
"../../../Engine/Content/EngineMaterials/Substrate/Glints2/dict_0003_0216.uasset" 6004
"../../../Engine/Content/EngineMaterials/Substrate/Glints2/dict_0003_0217.uasset" 6005
"../../../Engine/Content/EngineMaterials/Substrate/Glints2/dict_0003_0218.uasset" 6006
"../../../Engine/Content/EngineMaterials/Substrate/Glints2/dict_0003_0219.uasset" 6007
"../../../Engine/Content/EngineMaterials/Substrate/Glints2/dict_0003_0220.uasset" 6008
"../../../Engine/Content/EngineMaterials/Substrate/Glints2/dict_0003_0221.uasset" 6009
"../../../Engine/Content/EngineMaterials/Substrate/Glints2/dict_0003_0222.uasset" 6010
"../../../Engine/Content/EngineMaterials/Substrate/Glints2/dict_0003_0223.uasset" 6011
"../../../Engine/Content/EngineMaterials/Substrate/Glints2/dict_0003_0224.uasset" 6012
"../../../Engine/Content/EngineMaterials/Substrate/Glints2/dict_0003_0225.uasset" 6013
"../../../Engine/Content/EngineMaterials/Substrate/Glints2/dict_0003_0226.uasset" 6014
"../../../Engine/Content/EngineMaterials/Substrate/Glints2/dict_0003_0227.uasset" 6015
"../../../Engine/Content/EngineMaterials/Substrate/Glints2/dict_0003_0228.uasset" 6016
"../../../Engine/Content/EngineMaterials/Substrate/Glints2/dict_0003_0229.uasset" 6017
"../../../Engine/Content/EngineMaterials/Substrate/Glints2/dict_0003_0230.uasset" 6018
"../../../Engine/Content/EngineMaterials/Substrate/Glints2/dict_0003_0231.uasset" 6019
"../../../Engine/Content/EngineMaterials/Substrate/Glints2/dict_0003_0232.uasset" 6020
"../../../Engine/Content/EngineMaterials/Substrate/Glints2/dict_0003_0233.uasset" 6021
"../../../Engine/Content/EngineMaterials/Substrate/Glints2/dict_0003_0234.uasset" 6022
"../../../Engine/Content/EngineMaterials/Substrate/Glints2/dict_0003_0235.uasset" 6023
"../../../Engine/Content/EngineMaterials/Substrate/Glints2/dict_0003_0236.uasset" 6024
"../../../Engine/Content/EngineMaterials/Substrate/Glints2/dict_0003_0237.uasset" 6025
"../../../Engine/Content/EngineMaterials/Substrate/Glints2/dict_0003_0238.uasset" 6026
"../../../Engine/Content/EngineMaterials/Substrate/Glints2/dict_0003_0239.uasset" 6027
"../../../Engine/Content/EngineMaterials/Substrate/Glints2/dict_0003_0240.uasset" 6028
"../../../Engine/Content/EngineMaterials/Substrate/Glints2/dict_0003_0241.uasset" 6029
"../../../Engine/Content/EngineMaterials/Substrate/Glints2/dict_0003_0242.uasset" 6030
"../../../Engine/Content/EngineMaterials/Substrate/Glints2/dict_0003_0243.uasset" 6031
"../../../Engine/Content/EngineMaterials/Substrate/Glints2/dict_0003_0244.uasset" 6032
"../../../Engine/Content/EngineMaterials/Substrate/Glints2/dict_0003_0245.uasset" 6033
"../../../Engine/Content/EngineMaterials/Substrate/Glints2/dict_0003_0246.uasset" 6034
"../../../Engine/Content/EngineMaterials/Substrate/Glints2/dict_0003_0247.uasset" 6035
"../../../Engine/Content/EngineMaterials/Substrate/Glints2/dict_0003_0248.uasset" 6036
"../../../Engine/Content/EngineMaterials/Substrate/Glints2/dict_0003_0249.uasset" 6037
"../../../Engine/Content/EngineMaterials/Substrate/Glints2/dict_0003_0250.uasset" 6038
"../../../Engine/Content/EngineMaterials/Substrate/Glints2/dict_0003_0251.uasset" 6039
"../../../Engine/Content/EngineMaterials/Substrate/Glints2/dict_0003_0252.uasset" 6040
"../../../Engine/Content/EngineMaterials/Substrate/Glints2/dict_0003_0253.uasset" 6041
"../../../Engine/Content/EngineMaterials/Substrate/Glints2/dict_0003_0254.uasset" 6042
"../../../Engine/Content/EngineMaterials/Substrate/Glints2/dict_0003_0255.uasset" 6043
"../../../Engine/Content/EngineMaterials/Substrate/Glints2/dict_0004_0000.uasset" 6044
"../../../Engine/Content/EngineMaterials/Substrate/Glints2/dict_0004_0001.uasset" 6045
"../../../Engine/Content/EngineMaterials/Substrate/Glints2/dict_0004_0002.uasset" 6046
"../../../Engine/Content/EngineMaterials/Substrate/Glints2/dict_0004_0003.uasset" 6047
"../../../Engine/Content/EngineMaterials/Substrate/Glints2/dict_0004_0004.uasset" 6048
"../../../Engine/Content/EngineMaterials/Substrate/Glints2/dict_0004_0005.uasset" 6049
"../../../Engine/Content/EngineMaterials/Substrate/Glints2/dict_0004_0006.uasset" 6050
"../../../Engine/Content/EngineMaterials/Substrate/Glints2/dict_0004_0007.uasset" 6051
"../../../Engine/Content/EngineMaterials/Substrate/Glints2/dict_0004_0008.uasset" 6052
"../../../Engine/Content/EngineMaterials/Substrate/Glints2/dict_0004_0009.uasset" 6053
"../../../Engine/Content/EngineMaterials/Substrate/Glints2/dict_0004_0010.uasset" 6054
"../../../Engine/Content/EngineMaterials/Substrate/Glints2/dict_0004_0011.uasset" 6055
"../../../Engine/Content/EngineMaterials/Substrate/Glints2/dict_0004_0012.uasset" 6056
"../../../Engine/Content/EngineMaterials/Substrate/Glints2/dict_0004_0013.uasset" 6057
"../../../Engine/Content/EngineMaterials/Substrate/Glints2/dict_0004_0014.uasset" 6058
"../../../Engine/Content/EngineMaterials/Substrate/Glints2/dict_0004_0015.uasset" 6059
"../../../Engine/Content/EngineMaterials/Substrate/Glints2/dict_0004_0016.uasset" 6060
"../../../Engine/Content/EngineMaterials/Substrate/Glints2/dict_0004_0017.uasset" 6061
"../../../Engine/Content/EngineMaterials/Substrate/Glints2/dict_0004_0018.uasset" 6062
"../../../Engine/Content/EngineMaterials/Substrate/Glints2/dict_0004_0019.uasset" 6063
"../../../Engine/Content/EngineMaterials/Substrate/Glints2/dict_0004_0020.uasset" 6064
"../../../Engine/Content/EngineMaterials/Substrate/Glints2/dict_0004_0021.uasset" 6065
"../../../Engine/Content/EngineMaterials/Substrate/Glints2/dict_0004_0022.uasset" 6066
"../../../Engine/Content/EngineMaterials/Substrate/Glints2/dict_0004_0023.uasset" 6067
"../../../Engine/Content/EngineMaterials/Substrate/Glints2/dict_0004_0024.uasset" 6068
"../../../Engine/Content/EngineMaterials/Substrate/Glints2/dict_0004_0025.uasset" 6069
"../../../Engine/Content/EngineMaterials/Substrate/Glints2/dict_0004_0026.uasset" 6070
"../../../Engine/Content/EngineMaterials/Substrate/Glints2/dict_0004_0027.uasset" 6071
"../../../Engine/Content/EngineMaterials/Substrate/Glints2/dict_0004_0028.uasset" 6072
"../../../Engine/Content/EngineMaterials/Substrate/Glints2/dict_0004_0029.uasset" 6073
"../../../Engine/Content/EngineMaterials/Substrate/Glints2/dict_0004_0030.uasset" 6074
"../../../Engine/Content/EngineMaterials/Substrate/Glints2/dict_0004_0031.uasset" 6075
"../../../Engine/Content/EngineMaterials/Substrate/Glints2/dict_0004_0032.uasset" 6076
"../../../Engine/Content/EngineMaterials/Substrate/Glints2/dict_0004_0033.uasset" 6077
"../../../Engine/Content/EngineMaterials/Substrate/Glints2/dict_0004_0034.uasset" 6078
"../../../Engine/Content/EngineMaterials/Substrate/Glints2/dict_0004_0035.uasset" 6079
"../../../Engine/Content/EngineMaterials/Substrate/Glints2/dict_0004_0036.uasset" 6080
"../../../Engine/Content/EngineMaterials/Substrate/Glints2/dict_0004_0037.uasset" 6081
"../../../Engine/Content/EngineMaterials/Substrate/Glints2/dict_0004_0038.uasset" 6082
"../../../Engine/Content/EngineMaterials/Substrate/Glints2/dict_0004_0039.uasset" 6083
"../../../Engine/Content/EngineMaterials/Substrate/Glints2/dict_0004_0040.uasset" 6084
"../../../Engine/Content/EngineMaterials/Substrate/Glints2/dict_0004_0041.uasset" 6085
"../../../Engine/Content/EngineMaterials/Substrate/Glints2/dict_0004_0042.uasset" 6086
"../../../Engine/Content/EngineMaterials/Substrate/Glints2/dict_0004_0043.uasset" 6087
"../../../Engine/Content/EngineMaterials/Substrate/Glints2/dict_0004_0044.uasset" 6088
"../../../Engine/Content/EngineMaterials/Substrate/Glints2/dict_0004_0045.uasset" 6089
"../../../Engine/Content/EngineMaterials/Substrate/Glints2/dict_0004_0046.uasset" 6090
"../../../Engine/Content/EngineMaterials/Substrate/Glints2/dict_0004_0047.uasset" 6091
"../../../Engine/Content/EngineMaterials/Substrate/Glints2/dict_0004_0048.uasset" 6092
"../../../Engine/Content/EngineMaterials/Substrate/Glints2/dict_0004_0049.uasset" 6093
"../../../Engine/Content/EngineMaterials/Substrate/Glints2/dict_0004_0050.uasset" 6094
"../../../Engine/Content/EngineMaterials/Substrate/Glints2/dict_0004_0051.uasset" 6095
"../../../Engine/Content/EngineMaterials/Substrate/Glints2/dict_0004_0052.uasset" 6096
"../../../Engine/Content/EngineMaterials/Substrate/Glints2/dict_0004_0053.uasset" 6097
"../../../Engine/Content/EngineMaterials/Substrate/Glints2/dict_0004_0054.uasset" 6098
"../../../Engine/Content/EngineMaterials/Substrate/Glints2/dict_0004_0055.uasset" 6099
"../../../Engine/Content/EngineMaterials/Substrate/Glints2/dict_0004_0056.uasset" 6100
"../../../Engine/Content/EngineMaterials/Substrate/Glints2/dict_0004_0057.uasset" 6101
"../../../Engine/Content/EngineMaterials/Substrate/Glints2/dict_0004_0058.uasset" 6102
"../../../Engine/Content/EngineMaterials/Substrate/Glints2/dict_0004_0059.uasset" 6103
"../../../Engine/Content/EngineMaterials/Substrate/Glints2/dict_0004_0060.uasset" 6104
"../../../Engine/Content/EngineMaterials/Substrate/Glints2/dict_0004_0061.uasset" 6105
"../../../Engine/Content/EngineMaterials/Substrate/Glints2/dict_0004_0062.uasset" 6106
"../../../Engine/Content/EngineMaterials/Substrate/Glints2/dict_0004_0063.uasset" 6107
"../../../Engine/Content/EngineMaterials/Substrate/Glints2/dict_0004_0064.uasset" 6108
"../../../Engine/Content/EngineMaterials/Substrate/Glints2/dict_0004_0065.uasset" 6109
"../../../Engine/Content/EngineMaterials/Substrate/Glints2/dict_0004_0066.uasset" 6110
"../../../Engine/Content/EngineMaterials/Substrate/Glints2/dict_0004_0067.uasset" 6111
"../../../Engine/Content/EngineMaterials/Substrate/Glints2/dict_0004_0068.uasset" 6112
"../../../Engine/Content/EngineMaterials/Substrate/Glints2/dict_0004_0069.uasset" 6113
"../../../Engine/Content/EngineMaterials/Substrate/Glints2/dict_0004_0070.uasset" 6114
"../../../Engine/Content/EngineMaterials/Substrate/Glints2/dict_0004_0071.uasset" 6115
"../../../Engine/Content/EngineMaterials/Substrate/Glints2/dict_0004_0072.uasset" 6116
"../../../Engine/Content/EngineMaterials/Substrate/Glints2/dict_0004_0073.uasset" 6117
"../../../Engine/Content/EngineMaterials/Substrate/Glints2/dict_0004_0074.uasset" 6118
"../../../Engine/Content/EngineMaterials/Substrate/Glints2/dict_0004_0075.uasset" 6119
"../../../Engine/Content/EngineMaterials/Substrate/Glints2/dict_0004_0076.uasset" 6120
"../../../Engine/Content/EngineMaterials/Substrate/Glints2/dict_0004_0077.uasset" 6121
"../../../Engine/Content/EngineMaterials/Substrate/Glints2/dict_0004_0078.uasset" 6122
"../../../Engine/Content/EngineMaterials/Substrate/Glints2/dict_0004_0079.uasset" 6123
"../../../Engine/Content/EngineMaterials/Substrate/Glints2/dict_0004_0080.uasset" 6124
"../../../Engine/Content/EngineMaterials/Substrate/Glints2/dict_0004_0081.uasset" 6125
"../../../Engine/Content/EngineMaterials/Substrate/Glints2/dict_0004_0082.uasset" 6126
"../../../Engine/Content/EngineMaterials/Substrate/Glints2/dict_0004_0083.uasset" 6127
"../../../Engine/Content/EngineMaterials/Substrate/Glints2/dict_0004_0084.uasset" 6128
"../../../Engine/Content/EngineMaterials/Substrate/Glints2/dict_0004_0085.uasset" 6129
"../../../Engine/Content/EngineMaterials/Substrate/Glints2/dict_0004_0086.uasset" 6130
"../../../Engine/Content/EngineMaterials/Substrate/Glints2/dict_0004_0087.uasset" 6131
"../../../Engine/Content/EngineMaterials/Substrate/Glints2/dict_0004_0088.uasset" 6132
"../../../Engine/Content/EngineMaterials/Substrate/Glints2/dict_0004_0089.uasset" 6133
"../../../Engine/Content/EngineMaterials/Substrate/Glints2/dict_0004_0090.uasset" 6134
"../../../Engine/Content/EngineMaterials/Substrate/Glints2/dict_0004_0091.uasset" 6135
"../../../Engine/Content/EngineMaterials/Substrate/Glints2/dict_0004_0092.uasset" 6136
"../../../Engine/Content/EngineMaterials/Substrate/Glints2/dict_0004_0093.uasset" 6137
"../../../Engine/Content/EngineMaterials/Substrate/Glints2/dict_0004_0094.uasset" 6138
"../../../Engine/Content/EngineMaterials/Substrate/Glints2/dict_0004_0095.uasset" 6139
"../../../Engine/Content/EngineMaterials/Substrate/Glints2/dict_0004_0096.uasset" 6140
"../../../Engine/Content/EngineMaterials/Substrate/Glints2/dict_0004_0097.uasset" 6141
"../../../Engine/Content/EngineMaterials/Substrate/Glints2/dict_0004_0098.uasset" 6142
"../../../Engine/Content/EngineMaterials/Substrate/Glints2/dict_0004_0099.uasset" 6143
"../../../Engine/Content/EngineMaterials/Substrate/Glints2/dict_0004_0100.uasset" 6144
"../../../Engine/Content/EngineMaterials/Substrate/Glints2/dict_0004_0101.uasset" 6145
"../../../Engine/Content/EngineMaterials/Substrate/Glints2/dict_0004_0102.uasset" 6146
"../../../Engine/Content/EngineMaterials/Substrate/Glints2/dict_0004_0103.uasset" 6147
"../../../Engine/Content/EngineMaterials/Substrate/Glints2/dict_0004_0104.uasset" 6148
"../../../Engine/Content/EngineMaterials/Substrate/Glints2/dict_0004_0105.uasset" 6149
"../../../Engine/Content/EngineMaterials/Substrate/Glints2/dict_0004_0106.uasset" 6150
"../../../Engine/Content/EngineMaterials/Substrate/Glints2/dict_0004_0107.uasset" 6151
"../../../Engine/Content/EngineMaterials/Substrate/Glints2/dict_0004_0108.uasset" 6152
"../../../Engine/Content/EngineMaterials/Substrate/Glints2/dict_0004_0109.uasset" 6153
"../../../Engine/Content/EngineMaterials/Substrate/Glints2/dict_0004_0110.uasset" 6154
"../../../Engine/Content/EngineMaterials/Substrate/Glints2/dict_0004_0111.uasset" 6155
"../../../Engine/Content/EngineMaterials/Substrate/Glints2/dict_0004_0112.uasset" 6156
"../../../Engine/Content/EngineMaterials/Substrate/Glints2/dict_0004_0113.uasset" 6157
"../../../Engine/Content/EngineMaterials/Substrate/Glints2/dict_0004_0114.uasset" 6158
"../../../Engine/Content/EngineMaterials/Substrate/Glints2/dict_0004_0115.uasset" 6159
"../../../Engine/Content/EngineMaterials/Substrate/Glints2/dict_0004_0116.uasset" 6160
"../../../Engine/Content/EngineMaterials/Substrate/Glints2/dict_0004_0117.uasset" 6161
"../../../Engine/Content/EngineMaterials/Substrate/Glints2/dict_0004_0118.uasset" 6162
"../../../Engine/Content/EngineMaterials/Substrate/Glints2/dict_0004_0119.uasset" 6163
"../../../Engine/Content/EngineMaterials/Substrate/Glints2/dict_0004_0120.uasset" 6164
"../../../Engine/Content/EngineMaterials/Substrate/Glints2/dict_0004_0121.uasset" 6165
"../../../Engine/Content/EngineMaterials/Substrate/Glints2/dict_0004_0122.uasset" 6166
"../../../Engine/Content/EngineMaterials/Substrate/Glints2/dict_0004_0123.uasset" 6167
"../../../Engine/Content/EngineMaterials/Substrate/Glints2/dict_0004_0124.uasset" 6168
"../../../Engine/Content/EngineMaterials/Substrate/Glints2/dict_0004_0125.uasset" 6169
"../../../Engine/Content/EngineMaterials/Substrate/Glints2/dict_0004_0126.uasset" 6170
"../../../Engine/Content/EngineMaterials/Substrate/Glints2/dict_0004_0127.uasset" 6171
"../../../Engine/Content/EngineMaterials/Substrate/Glints2/dict_0004_0128.uasset" 6172
"../../../Engine/Content/EngineMaterials/Substrate/Glints2/dict_0004_0129.uasset" 6173
"../../../Engine/Content/EngineMaterials/Substrate/Glints2/dict_0004_0130.uasset" 6174
"../../../Engine/Content/EngineMaterials/Substrate/Glints2/dict_0004_0131.uasset" 6175
"../../../Engine/Content/EngineMaterials/Substrate/Glints2/dict_0004_0132.uasset" 6176
"../../../Engine/Content/EngineMaterials/Substrate/Glints2/dict_0004_0133.uasset" 6177
"../../../Engine/Content/EngineMaterials/Substrate/Glints2/dict_0004_0134.uasset" 6178
"../../../Engine/Content/EngineMaterials/Substrate/Glints2/dict_0004_0135.uasset" 6179
"../../../Engine/Content/EngineMaterials/Substrate/Glints2/dict_0004_0136.uasset" 6180
"../../../Engine/Content/EngineMaterials/Substrate/Glints2/dict_0004_0137.uasset" 6181
"../../../Engine/Content/EngineMaterials/Substrate/Glints2/dict_0004_0138.uasset" 6182
"../../../Engine/Content/EngineMaterials/Substrate/Glints2/dict_0004_0139.uasset" 6183
"../../../Engine/Content/EngineMaterials/Substrate/Glints2/dict_0004_0140.uasset" 6184
"../../../Engine/Content/EngineMaterials/Substrate/Glints2/dict_0004_0141.uasset" 6185
"../../../Engine/Content/EngineMaterials/Substrate/Glints2/dict_0004_0142.uasset" 6186
"../../../Engine/Content/EngineMaterials/Substrate/Glints2/dict_0004_0143.uasset" 6187
"../../../Engine/Content/EngineMaterials/Substrate/Glints2/dict_0004_0144.uasset" 6188
"../../../Engine/Content/EngineMaterials/Substrate/Glints2/dict_0004_0145.uasset" 6189
"../../../Engine/Content/EngineMaterials/Substrate/Glints2/dict_0004_0146.uasset" 6190
"../../../Engine/Content/EngineMaterials/Substrate/Glints2/dict_0004_0147.uasset" 6191
"../../../Engine/Content/EngineMaterials/Substrate/Glints2/dict_0004_0148.uasset" 6192
"../../../Engine/Content/EngineMaterials/Substrate/Glints2/dict_0004_0149.uasset" 6193
"../../../Engine/Content/EngineMaterials/Substrate/Glints2/dict_0004_0150.uasset" 6194
"../../../Engine/Content/EngineMaterials/Substrate/Glints2/dict_0004_0151.uasset" 6195
"../../../Engine/Content/EngineMaterials/Substrate/Glints2/dict_0004_0152.uasset" 6196
"../../../Engine/Content/EngineMaterials/Substrate/Glints2/dict_0004_0153.uasset" 6197
"../../../Engine/Content/EngineMaterials/Substrate/Glints2/dict_0004_0154.uasset" 6198
"../../../Engine/Content/EngineMaterials/Substrate/Glints2/dict_0004_0155.uasset" 6199
"../../../Engine/Content/EngineMaterials/Substrate/Glints2/dict_0004_0156.uasset" 6200
"../../../Engine/Content/EngineMaterials/Substrate/Glints2/dict_0004_0157.uasset" 6201
"../../../Engine/Content/EngineMaterials/Substrate/Glints2/dict_0004_0158.uasset" 6202
"../../../Engine/Content/EngineMaterials/Substrate/Glints2/dict_0004_0159.uasset" 6203
"../../../Engine/Content/EngineMaterials/Substrate/Glints2/dict_0004_0160.uasset" 6204
"../../../Engine/Content/EngineMaterials/Substrate/Glints2/dict_0004_0161.uasset" 6205
"../../../Engine/Content/EngineMaterials/Substrate/Glints2/dict_0004_0162.uasset" 6206
"../../../Engine/Content/EngineMaterials/Substrate/Glints2/dict_0004_0163.uasset" 6207
"../../../Engine/Content/EngineMaterials/Substrate/Glints2/dict_0004_0164.uasset" 6208
"../../../Engine/Content/EngineMaterials/Substrate/Glints2/dict_0004_0165.uasset" 6209
"../../../Engine/Content/EngineMaterials/Substrate/Glints2/dict_0004_0166.uasset" 6210
"../../../Engine/Content/EngineMaterials/Substrate/Glints2/dict_0004_0167.uasset" 6211
"../../../Engine/Content/EngineMaterials/Substrate/Glints2/dict_0004_0168.uasset" 6212
"../../../Engine/Content/EngineMaterials/Substrate/Glints2/dict_0004_0169.uasset" 6213
"../../../Engine/Content/EngineMaterials/Substrate/Glints2/dict_0004_0170.uasset" 6214
"../../../Engine/Content/EngineMaterials/Substrate/Glints2/dict_0004_0171.uasset" 6215
"../../../Engine/Content/EngineMaterials/Substrate/Glints2/dict_0004_0172.uasset" 6216
"../../../Engine/Content/EngineMaterials/Substrate/Glints2/dict_0004_0173.uasset" 6217
"../../../Engine/Content/EngineMaterials/Substrate/Glints2/dict_0004_0174.uasset" 6218
"../../../Engine/Content/EngineMaterials/Substrate/Glints2/dict_0004_0175.uasset" 6219
"../../../Engine/Content/EngineMaterials/Substrate/Glints2/dict_0004_0176.uasset" 6220
"../../../Engine/Content/EngineMaterials/Substrate/Glints2/dict_0004_0177.uasset" 6221
"../../../Engine/Content/EngineMaterials/Substrate/Glints2/dict_0004_0178.uasset" 6222
"../../../Engine/Content/EngineMaterials/Substrate/Glints2/dict_0004_0179.uasset" 6223
"../../../Engine/Content/EngineMaterials/Substrate/Glints2/dict_0004_0180.uasset" 6224
"../../../Engine/Content/EngineMaterials/Substrate/Glints2/dict_0004_0181.uasset" 6225
"../../../Engine/Content/EngineMaterials/Substrate/Glints2/dict_0004_0182.uasset" 6226
"../../../Engine/Content/EngineMaterials/Substrate/Glints2/dict_0004_0183.uasset" 6227
"../../../Engine/Content/EngineMaterials/Substrate/Glints2/dict_0004_0184.uasset" 6228
"../../../Engine/Content/EngineMaterials/Substrate/Glints2/dict_0004_0185.uasset" 6229
"../../../Engine/Content/EngineMaterials/Substrate/Glints2/dict_0004_0186.uasset" 6230
"../../../Engine/Content/EngineMaterials/Substrate/Glints2/dict_0004_0187.uasset" 6231
"../../../Engine/Content/EngineMaterials/Substrate/Glints2/dict_0004_0188.uasset" 6232
"../../../Engine/Content/EngineMaterials/Substrate/Glints2/dict_0004_0189.uasset" 6233
"../../../Engine/Content/EngineMaterials/Substrate/Glints2/dict_0004_0190.uasset" 6234
"../../../Engine/Content/EngineMaterials/Substrate/Glints2/dict_0004_0191.uasset" 6235
"../../../Engine/Content/EngineMaterials/Substrate/Glints2/dict_0004_0192.uasset" 6236
"../../../Engine/Content/EngineMaterials/Substrate/Glints2/dict_0004_0193.uasset" 6237
"../../../Engine/Content/EngineMaterials/Substrate/Glints2/dict_0004_0194.uasset" 6238
"../../../Engine/Content/EngineMaterials/Substrate/Glints2/dict_0004_0195.uasset" 6239
"../../../Engine/Content/EngineMaterials/Substrate/Glints2/dict_0004_0196.uasset" 6240
"../../../Engine/Content/EngineMaterials/Substrate/Glints2/dict_0004_0197.uasset" 6241
"../../../Engine/Content/EngineMaterials/Substrate/Glints2/dict_0004_0198.uasset" 6242
"../../../Engine/Content/EngineMaterials/Substrate/Glints2/dict_0004_0199.uasset" 6243
"../../../Engine/Content/EngineMaterials/Substrate/Glints2/dict_0004_0200.uasset" 6244
"../../../Engine/Content/EngineMaterials/Substrate/Glints2/dict_0004_0201.uasset" 6245
"../../../Engine/Content/EngineMaterials/Substrate/Glints2/dict_0004_0202.uasset" 6246
"../../../Engine/Content/EngineMaterials/Substrate/Glints2/dict_0004_0203.uasset" 6247
"../../../Engine/Content/EngineMaterials/Substrate/Glints2/dict_0004_0204.uasset" 6248
"../../../Engine/Content/EngineMaterials/Substrate/Glints2/dict_0004_0205.uasset" 6249
"../../../Engine/Content/EngineMaterials/Substrate/Glints2/dict_0004_0206.uasset" 6250
"../../../Engine/Content/EngineMaterials/Substrate/Glints2/dict_0004_0207.uasset" 6251
"../../../Engine/Content/EngineMaterials/Substrate/Glints2/dict_0004_0208.uasset" 6252
"../../../Engine/Content/EngineMaterials/Substrate/Glints2/dict_0004_0209.uasset" 6253
"../../../Engine/Content/EngineMaterials/Substrate/Glints2/dict_0004_0210.uasset" 6254
"../../../Engine/Content/EngineMaterials/Substrate/Glints2/dict_0004_0211.uasset" 6255
"../../../Engine/Content/EngineMaterials/Substrate/Glints2/dict_0004_0212.uasset" 6256
"../../../Engine/Content/EngineMaterials/Substrate/Glints2/dict_0004_0213.uasset" 6257
"../../../Engine/Content/EngineMaterials/Substrate/Glints2/dict_0004_0214.uasset" 6258
"../../../Engine/Content/EngineMaterials/Substrate/Glints2/dict_0004_0215.uasset" 6259
"../../../Engine/Content/EngineMaterials/Substrate/Glints2/dict_0004_0216.uasset" 6260
"../../../Engine/Content/EngineMaterials/Substrate/Glints2/dict_0004_0217.uasset" 6261
"../../../Engine/Content/EngineMaterials/Substrate/Glints2/dict_0004_0218.uasset" 6262
"../../../Engine/Content/EngineMaterials/Substrate/Glints2/dict_0004_0219.uasset" 6263
"../../../Engine/Content/EngineMaterials/Substrate/Glints2/dict_0004_0220.uasset" 6264
"../../../Engine/Content/EngineMaterials/Substrate/Glints2/dict_0004_0221.uasset" 6265
"../../../Engine/Content/EngineMaterials/Substrate/Glints2/dict_0004_0222.uasset" 6266
"../../../Engine/Content/EngineMaterials/Substrate/Glints2/dict_0004_0223.uasset" 6267
"../../../Engine/Content/EngineMaterials/Substrate/Glints2/dict_0004_0224.uasset" 6268
"../../../Engine/Content/EngineMaterials/Substrate/Glints2/dict_0004_0225.uasset" 6269
"../../../Engine/Content/EngineMaterials/Substrate/Glints2/dict_0004_0226.uasset" 6270
"../../../Engine/Content/EngineMaterials/Substrate/Glints2/dict_0004_0227.uasset" 6271
"../../../Engine/Content/EngineMaterials/Substrate/Glints2/dict_0004_0228.uasset" 6272
"../../../Engine/Content/EngineMaterials/Substrate/Glints2/dict_0004_0229.uasset" 6273
"../../../Engine/Content/EngineMaterials/Substrate/Glints2/dict_0004_0230.uasset" 6274
"../../../Engine/Content/EngineMaterials/Substrate/Glints2/dict_0004_0231.uasset" 6275
"../../../Engine/Content/EngineMaterials/Substrate/Glints2/dict_0004_0232.uasset" 6276
"../../../Engine/Content/EngineMaterials/Substrate/Glints2/dict_0004_0233.uasset" 6277
"../../../Engine/Content/EngineMaterials/Substrate/Glints2/dict_0004_0234.uasset" 6278
"../../../Engine/Content/EngineMaterials/Substrate/Glints2/dict_0004_0235.uasset" 6279
"../../../Engine/Content/EngineMaterials/Substrate/Glints2/dict_0004_0236.uasset" 6280
"../../../Engine/Content/EngineMaterials/Substrate/Glints2/dict_0004_0237.uasset" 6281
"../../../Engine/Content/EngineMaterials/Substrate/Glints2/dict_0004_0238.uasset" 6282
"../../../Engine/Content/EngineMaterials/Substrate/Glints2/dict_0004_0239.uasset" 6283
"../../../Engine/Content/EngineMaterials/Substrate/Glints2/dict_0004_0240.uasset" 6284
"../../../Engine/Content/EngineMaterials/Substrate/Glints2/dict_0004_0241.uasset" 6285
"../../../Engine/Content/EngineMaterials/Substrate/Glints2/dict_0004_0242.uasset" 6286
"../../../Engine/Content/EngineMaterials/Substrate/Glints2/dict_0004_0243.uasset" 6287
"../../../Engine/Content/EngineMaterials/Substrate/Glints2/dict_0004_0244.uasset" 6288
"../../../Engine/Content/EngineMaterials/Substrate/Glints2/dict_0004_0245.uasset" 6289
"../../../Engine/Content/EngineMaterials/Substrate/Glints2/dict_0004_0246.uasset" 6290
"../../../Engine/Content/EngineMaterials/Substrate/Glints2/dict_0004_0247.uasset" 6291
"../../../Engine/Content/EngineMaterials/Substrate/Glints2/dict_0004_0248.uasset" 6292
"../../../Engine/Content/EngineMaterials/Substrate/Glints2/dict_0004_0249.uasset" 6293
"../../../Engine/Content/EngineMaterials/Substrate/Glints2/dict_0004_0250.uasset" 6294
"../../../Engine/Content/EngineMaterials/Substrate/Glints2/dict_0004_0251.uasset" 6295
"../../../Engine/Content/EngineMaterials/Substrate/Glints2/dict_0004_0252.uasset" 6296
"../../../Engine/Content/EngineMaterials/Substrate/Glints2/dict_0004_0253.uasset" 6297
"../../../Engine/Content/EngineMaterials/Substrate/Glints2/dict_0004_0254.uasset" 6298
"../../../Engine/Content/EngineMaterials/Substrate/Glints2/dict_0004_0255.uasset" 6299
"../../../Engine/Content/EngineMaterials/Substrate/Glints2/dict_0005_0000.uasset" 6300
"../../../Engine/Content/EngineMaterials/Substrate/Glints2/dict_0005_0001.uasset" 6301
"../../../Engine/Content/EngineMaterials/Substrate/Glints2/dict_0005_0002.uasset" 6302
"../../../Engine/Content/EngineMaterials/Substrate/Glints2/dict_0005_0003.uasset" 6303
"../../../Engine/Content/EngineMaterials/Substrate/Glints2/dict_0005_0004.uasset" 6304
"../../../Engine/Content/EngineMaterials/Substrate/Glints2/dict_0005_0005.uasset" 6305
"../../../Engine/Content/EngineMaterials/Substrate/Glints2/dict_0005_0006.uasset" 6306
"../../../Engine/Content/EngineMaterials/Substrate/Glints2/dict_0005_0007.uasset" 6307
"../../../Engine/Content/EngineMaterials/Substrate/Glints2/dict_0005_0008.uasset" 6308
"../../../Engine/Content/EngineMaterials/Substrate/Glints2/dict_0005_0009.uasset" 6309
"../../../Engine/Content/EngineMaterials/Substrate/Glints2/dict_0005_0010.uasset" 6310
"../../../Engine/Content/EngineMaterials/Substrate/Glints2/dict_0005_0011.uasset" 6311
"../../../Engine/Content/EngineMaterials/Substrate/Glints2/dict_0005_0012.uasset" 6312
"../../../Engine/Content/EngineMaterials/Substrate/Glints2/dict_0005_0013.uasset" 6313
"../../../Engine/Content/EngineMaterials/Substrate/Glints2/dict_0005_0014.uasset" 6314
"../../../Engine/Content/EngineMaterials/Substrate/Glints2/dict_0005_0015.uasset" 6315
"../../../Engine/Content/EngineMaterials/Substrate/Glints2/dict_0005_0016.uasset" 6316
"../../../Engine/Content/EngineMaterials/Substrate/Glints2/dict_0005_0017.uasset" 6317
"../../../Engine/Content/EngineMaterials/Substrate/Glints2/dict_0005_0018.uasset" 6318
"../../../Engine/Content/EngineMaterials/Substrate/Glints2/dict_0005_0019.uasset" 6319
"../../../Engine/Content/EngineMaterials/Substrate/Glints2/dict_0005_0020.uasset" 6320
"../../../Engine/Content/EngineMaterials/Substrate/Glints2/dict_0005_0021.uasset" 6321
"../../../Engine/Content/EngineMaterials/Substrate/Glints2/dict_0005_0022.uasset" 6322
"../../../Engine/Content/EngineMaterials/Substrate/Glints2/dict_0005_0023.uasset" 6323
"../../../Engine/Content/EngineMaterials/Substrate/Glints2/dict_0005_0024.uasset" 6324
"../../../Engine/Content/EngineMaterials/Substrate/Glints2/dict_0005_0025.uasset" 6325
"../../../Engine/Content/EngineMaterials/Substrate/Glints2/dict_0005_0026.uasset" 6326
"../../../Engine/Content/EngineMaterials/Substrate/Glints2/dict_0005_0027.uasset" 6327
"../../../Engine/Content/EngineMaterials/Substrate/Glints2/dict_0005_0028.uasset" 6328
"../../../Engine/Content/EngineMaterials/Substrate/Glints2/dict_0005_0029.uasset" 6329
"../../../Engine/Content/EngineMaterials/Substrate/Glints2/dict_0005_0030.uasset" 6330
"../../../Engine/Content/EngineMaterials/Substrate/Glints2/dict_0005_0031.uasset" 6331
"../../../Engine/Content/EngineMaterials/Substrate/Glints2/dict_0005_0032.uasset" 6332
"../../../Engine/Content/EngineMaterials/Substrate/Glints2/dict_0005_0033.uasset" 6333
"../../../Engine/Content/EngineMaterials/Substrate/Glints2/dict_0005_0034.uasset" 6334
"../../../Engine/Content/EngineMaterials/Substrate/Glints2/dict_0005_0035.uasset" 6335
"../../../Engine/Content/EngineMaterials/Substrate/Glints2/dict_0005_0036.uasset" 6336
"../../../Engine/Content/EngineMaterials/Substrate/Glints2/dict_0005_0037.uasset" 6337
"../../../Engine/Content/EngineMaterials/Substrate/Glints2/dict_0005_0038.uasset" 6338
"../../../Engine/Content/EngineMaterials/Substrate/Glints2/dict_0005_0039.uasset" 6339
"../../../Engine/Content/EngineMaterials/Substrate/Glints2/dict_0005_0040.uasset" 6340
"../../../Engine/Content/EngineMaterials/Substrate/Glints2/dict_0005_0041.uasset" 6341
"../../../Engine/Content/EngineMaterials/Substrate/Glints2/dict_0005_0042.uasset" 6342
"../../../Engine/Content/EngineMaterials/Substrate/Glints2/dict_0005_0043.uasset" 6343
"../../../Engine/Content/EngineMaterials/Substrate/Glints2/dict_0005_0044.uasset" 6344
"../../../Engine/Content/EngineMaterials/Substrate/Glints2/dict_0005_0045.uasset" 6345
"../../../Engine/Content/EngineMaterials/Substrate/Glints2/dict_0005_0046.uasset" 6346
"../../../Engine/Content/EngineMaterials/Substrate/Glints2/dict_0005_0047.uasset" 6347
"../../../Engine/Content/EngineMaterials/Substrate/Glints2/dict_0005_0048.uasset" 6348
"../../../Engine/Content/EngineMaterials/Substrate/Glints2/dict_0005_0049.uasset" 6349
"../../../Engine/Content/EngineMaterials/Substrate/Glints2/dict_0005_0050.uasset" 6350
"../../../Engine/Content/EngineMaterials/Substrate/Glints2/dict_0005_0051.uasset" 6351
"../../../Engine/Content/EngineMaterials/Substrate/Glints2/dict_0005_0052.uasset" 6352
"../../../Engine/Content/EngineMaterials/Substrate/Glints2/dict_0005_0053.uasset" 6353
"../../../Engine/Content/EngineMaterials/Substrate/Glints2/dict_0005_0054.uasset" 6354
"../../../Engine/Content/EngineMaterials/Substrate/Glints2/dict_0005_0055.uasset" 6355
"../../../Engine/Content/EngineMaterials/Substrate/Glints2/dict_0005_0056.uasset" 6356
"../../../Engine/Content/EngineMaterials/Substrate/Glints2/dict_0005_0057.uasset" 6357
"../../../Engine/Content/EngineMaterials/Substrate/Glints2/dict_0005_0058.uasset" 6358
"../../../Engine/Content/EngineMaterials/Substrate/Glints2/dict_0005_0059.uasset" 6359
"../../../Engine/Content/EngineMaterials/Substrate/Glints2/dict_0005_0060.uasset" 6360
"../../../Engine/Content/EngineMaterials/Substrate/Glints2/dict_0005_0061.uasset" 6361
"../../../Engine/Content/EngineMaterials/Substrate/Glints2/dict_0005_0062.uasset" 6362
"../../../Engine/Content/EngineMaterials/Substrate/Glints2/dict_0005_0063.uasset" 6363
"../../../Engine/Content/EngineMaterials/Substrate/Glints2/dict_0005_0064.uasset" 6364
"../../../Engine/Content/EngineMaterials/Substrate/Glints2/dict_0005_0065.uasset" 6365
"../../../Engine/Content/EngineMaterials/Substrate/Glints2/dict_0005_0066.uasset" 6366
"../../../Engine/Content/EngineMaterials/Substrate/Glints2/dict_0005_0067.uasset" 6367
"../../../Engine/Content/EngineMaterials/Substrate/Glints2/dict_0005_0068.uasset" 6368
"../../../Engine/Content/EngineMaterials/Substrate/Glints2/dict_0005_0069.uasset" 6369
"../../../Engine/Content/EngineMaterials/Substrate/Glints2/dict_0005_0070.uasset" 6370
"../../../Engine/Content/EngineMaterials/Substrate/Glints2/dict_0005_0071.uasset" 6371
"../../../Engine/Content/EngineMaterials/Substrate/Glints2/dict_0005_0072.uasset" 6372
"../../../Engine/Content/EngineMaterials/Substrate/Glints2/dict_0005_0073.uasset" 6373
"../../../Engine/Content/EngineMaterials/Substrate/Glints2/dict_0005_0074.uasset" 6374
"../../../Engine/Content/EngineMaterials/Substrate/Glints2/dict_0005_0075.uasset" 6375
"../../../Engine/Content/EngineMaterials/Substrate/Glints2/dict_0005_0076.uasset" 6376
"../../../Engine/Content/EngineMaterials/Substrate/Glints2/dict_0005_0077.uasset" 6377
"../../../Engine/Content/EngineMaterials/Substrate/Glints2/dict_0005_0078.uasset" 6378
"../../../Engine/Content/EngineMaterials/Substrate/Glints2/dict_0005_0079.uasset" 6379
"../../../Engine/Content/EngineMaterials/Substrate/Glints2/dict_0005_0080.uasset" 6380
"../../../Engine/Content/EngineMaterials/Substrate/Glints2/dict_0005_0081.uasset" 6381
"../../../Engine/Content/EngineMaterials/Substrate/Glints2/dict_0005_0082.uasset" 6382
"../../../Engine/Content/EngineMaterials/Substrate/Glints2/dict_0005_0083.uasset" 6383
"../../../Engine/Content/EngineMaterials/Substrate/Glints2/dict_0005_0084.uasset" 6384
"../../../Engine/Content/EngineMaterials/Substrate/Glints2/dict_0005_0085.uasset" 6385
"../../../Engine/Content/EngineMaterials/Substrate/Glints2/dict_0005_0086.uasset" 6386
"../../../Engine/Content/EngineMaterials/Substrate/Glints2/dict_0005_0087.uasset" 6387
"../../../Engine/Content/EngineMaterials/Substrate/Glints2/dict_0005_0088.uasset" 6388
"../../../Engine/Content/EngineMaterials/Substrate/Glints2/dict_0005_0089.uasset" 6389
"../../../Engine/Content/EngineMaterials/Substrate/Glints2/dict_0005_0090.uasset" 6390
"../../../Engine/Content/EngineMaterials/Substrate/Glints2/dict_0005_0091.uasset" 6391
"../../../Engine/Content/EngineMaterials/Substrate/Glints2/dict_0005_0092.uasset" 6392
"../../../Engine/Content/EngineMaterials/Substrate/Glints2/dict_0005_0093.uasset" 6393
"../../../Engine/Content/EngineMaterials/Substrate/Glints2/dict_0005_0094.uasset" 6394
"../../../Engine/Content/EngineMaterials/Substrate/Glints2/dict_0005_0095.uasset" 6395
"../../../Engine/Content/EngineMaterials/Substrate/Glints2/dict_0005_0096.uasset" 6396
"../../../Engine/Content/EngineMaterials/Substrate/Glints2/dict_0005_0097.uasset" 6397
"../../../Engine/Content/EngineMaterials/Substrate/Glints2/dict_0005_0098.uasset" 6398
"../../../Engine/Content/EngineMaterials/Substrate/Glints2/dict_0005_0099.uasset" 6399
"../../../Engine/Content/EngineMaterials/Substrate/Glints2/dict_0005_0100.uasset" 6400
"../../../Engine/Content/EngineMaterials/Substrate/Glints2/dict_0005_0101.uasset" 6401
"../../../Engine/Content/EngineMaterials/Substrate/Glints2/dict_0005_0102.uasset" 6402
"../../../Engine/Content/EngineMaterials/Substrate/Glints2/dict_0005_0103.uasset" 6403
"../../../Engine/Content/EngineMaterials/Substrate/Glints2/dict_0005_0104.uasset" 6404
"../../../Engine/Content/EngineMaterials/Substrate/Glints2/dict_0005_0105.uasset" 6405
"../../../Engine/Content/EngineMaterials/Substrate/Glints2/dict_0005_0106.uasset" 6406
"../../../Engine/Content/EngineMaterials/Substrate/Glints2/dict_0005_0107.uasset" 6407
"../../../Engine/Content/EngineMaterials/Substrate/Glints2/dict_0005_0108.uasset" 6408
"../../../Engine/Content/EngineMaterials/Substrate/Glints2/dict_0005_0109.uasset" 6409
"../../../Engine/Content/EngineMaterials/Substrate/Glints2/dict_0005_0110.uasset" 6410
"../../../Engine/Content/EngineMaterials/Substrate/Glints2/dict_0005_0111.uasset" 6411
"../../../Engine/Content/EngineMaterials/Substrate/Glints2/dict_0005_0112.uasset" 6412
"../../../Engine/Content/EngineMaterials/Substrate/Glints2/dict_0005_0113.uasset" 6413
"../../../Engine/Content/EngineMaterials/Substrate/Glints2/dict_0005_0114.uasset" 6414
"../../../Engine/Content/EngineMaterials/Substrate/Glints2/dict_0005_0115.uasset" 6415
"../../../Engine/Content/EngineMaterials/Substrate/Glints2/dict_0005_0116.uasset" 6416
"../../../Engine/Content/EngineMaterials/Substrate/Glints2/dict_0005_0117.uasset" 6417
"../../../Engine/Content/EngineMaterials/Substrate/Glints2/dict_0005_0118.uasset" 6418
"../../../Engine/Content/EngineMaterials/Substrate/Glints2/dict_0005_0119.uasset" 6419
"../../../Engine/Content/EngineMaterials/Substrate/Glints2/dict_0005_0120.uasset" 6420
"../../../Engine/Content/EngineMaterials/Substrate/Glints2/dict_0005_0121.uasset" 6421
"../../../Engine/Content/EngineMaterials/Substrate/Glints2/dict_0005_0122.uasset" 6422
"../../../Engine/Content/EngineMaterials/Substrate/Glints2/dict_0005_0123.uasset" 6423
"../../../Engine/Content/EngineMaterials/Substrate/Glints2/dict_0005_0124.uasset" 6424
"../../../Engine/Content/EngineMaterials/Substrate/Glints2/dict_0005_0125.uasset" 6425
"../../../Engine/Content/EngineMaterials/Substrate/Glints2/dict_0005_0126.uasset" 6426
"../../../Engine/Content/EngineMaterials/Substrate/Glints2/dict_0005_0127.uasset" 6427
"../../../Engine/Content/EngineMaterials/Substrate/Glints2/dict_0005_0128.uasset" 6428
"../../../Engine/Content/EngineMaterials/Substrate/Glints2/dict_0005_0129.uasset" 6429
"../../../Engine/Content/EngineMaterials/Substrate/Glints2/dict_0005_0130.uasset" 6430
"../../../Engine/Content/EngineMaterials/Substrate/Glints2/dict_0005_0131.uasset" 6431
"../../../Engine/Content/EngineMaterials/Substrate/Glints2/dict_0005_0132.uasset" 6432
"../../../Engine/Content/EngineMaterials/Substrate/Glints2/dict_0005_0133.uasset" 6433
"../../../Engine/Content/EngineMaterials/Substrate/Glints2/dict_0005_0134.uasset" 6434
"../../../Engine/Content/EngineMaterials/Substrate/Glints2/dict_0005_0135.uasset" 6435
"../../../Engine/Content/EngineMaterials/Substrate/Glints2/dict_0005_0136.uasset" 6436
"../../../Engine/Content/EngineMaterials/Substrate/Glints2/dict_0005_0137.uasset" 6437
"../../../Engine/Content/EngineMaterials/Substrate/Glints2/dict_0005_0138.uasset" 6438
"../../../Engine/Content/EngineMaterials/Substrate/Glints2/dict_0005_0139.uasset" 6439
"../../../Engine/Content/EngineMaterials/Substrate/Glints2/dict_0005_0140.uasset" 6440
"../../../Engine/Content/EngineMaterials/Substrate/Glints2/dict_0005_0141.uasset" 6441
"../../../Engine/Content/EngineMaterials/Substrate/Glints2/dict_0005_0142.uasset" 6442
"../../../Engine/Content/EngineMaterials/Substrate/Glints2/dict_0005_0143.uasset" 6443
"../../../Engine/Content/EngineMaterials/Substrate/Glints2/dict_0005_0144.uasset" 6444
"../../../Engine/Content/EngineMaterials/Substrate/Glints2/dict_0005_0145.uasset" 6445
"../../../Engine/Content/EngineMaterials/Substrate/Glints2/dict_0005_0146.uasset" 6446
"../../../Engine/Content/EngineMaterials/Substrate/Glints2/dict_0005_0147.uasset" 6447
"../../../Engine/Content/EngineMaterials/Substrate/Glints2/dict_0005_0148.uasset" 6448
"../../../Engine/Content/EngineMaterials/Substrate/Glints2/dict_0005_0149.uasset" 6449
"../../../Engine/Content/EngineMaterials/Substrate/Glints2/dict_0005_0150.uasset" 6450
"../../../Engine/Content/EngineMaterials/Substrate/Glints2/dict_0005_0151.uasset" 6451
"../../../Engine/Content/EngineMaterials/Substrate/Glints2/dict_0005_0152.uasset" 6452
"../../../Engine/Content/EngineMaterials/Substrate/Glints2/dict_0005_0153.uasset" 6453
"../../../Engine/Content/EngineMaterials/Substrate/Glints2/dict_0005_0154.uasset" 6454
"../../../Engine/Content/EngineMaterials/Substrate/Glints2/dict_0005_0155.uasset" 6455
"../../../Engine/Content/EngineMaterials/Substrate/Glints2/dict_0005_0156.uasset" 6456
"../../../Engine/Content/EngineMaterials/Substrate/Glints2/dict_0005_0157.uasset" 6457
"../../../Engine/Content/EngineMaterials/Substrate/Glints2/dict_0005_0158.uasset" 6458
"../../../Engine/Content/EngineMaterials/Substrate/Glints2/dict_0005_0159.uasset" 6459
"../../../Engine/Content/EngineMaterials/Substrate/Glints2/dict_0005_0160.uasset" 6460
"../../../Engine/Content/EngineMaterials/Substrate/Glints2/dict_0005_0161.uasset" 6461
"../../../Engine/Content/EngineMaterials/Substrate/Glints2/dict_0005_0162.uasset" 6462
"../../../Engine/Content/EngineMaterials/Substrate/Glints2/dict_0005_0163.uasset" 6463
"../../../Engine/Content/EngineMaterials/Substrate/Glints2/dict_0005_0164.uasset" 6464
"../../../Engine/Content/EngineMaterials/Substrate/Glints2/dict_0005_0165.uasset" 6465
"../../../Engine/Content/EngineMaterials/Substrate/Glints2/dict_0005_0166.uasset" 6466
"../../../Engine/Content/EngineMaterials/Substrate/Glints2/dict_0005_0167.uasset" 6467
"../../../Engine/Content/EngineMaterials/Substrate/Glints2/dict_0005_0168.uasset" 6468
"../../../Engine/Content/EngineMaterials/Substrate/Glints2/dict_0005_0169.uasset" 6469
"../../../Engine/Content/EngineMaterials/Substrate/Glints2/dict_0005_0170.uasset" 6470
"../../../Engine/Content/EngineMaterials/Substrate/Glints2/dict_0005_0171.uasset" 6471
"../../../Engine/Content/EngineMaterials/Substrate/Glints2/dict_0005_0172.uasset" 6472
"../../../Engine/Content/EngineMaterials/Substrate/Glints2/dict_0005_0173.uasset" 6473
"../../../Engine/Content/EngineMaterials/Substrate/Glints2/dict_0005_0174.uasset" 6474
"../../../Engine/Content/EngineMaterials/Substrate/Glints2/dict_0005_0175.uasset" 6475
"../../../Engine/Content/EngineMaterials/Substrate/Glints2/dict_0005_0176.uasset" 6476
"../../../Engine/Content/EngineMaterials/Substrate/Glints2/dict_0005_0177.uasset" 6477
"../../../Engine/Content/EngineMaterials/Substrate/Glints2/dict_0005_0178.uasset" 6478
"../../../Engine/Content/EngineMaterials/Substrate/Glints2/dict_0005_0179.uasset" 6479
"../../../Engine/Content/EngineMaterials/Substrate/Glints2/dict_0005_0180.uasset" 6480
"../../../Engine/Content/EngineMaterials/Substrate/Glints2/dict_0005_0181.uasset" 6481
"../../../Engine/Content/EngineMaterials/Substrate/Glints2/dict_0005_0182.uasset" 6482
"../../../Engine/Content/EngineMaterials/Substrate/Glints2/dict_0005_0183.uasset" 6483
"../../../Engine/Content/EngineMaterials/Substrate/Glints2/dict_0005_0184.uasset" 6484
"../../../Engine/Content/EngineMaterials/Substrate/Glints2/dict_0005_0185.uasset" 6485
"../../../Engine/Content/EngineMaterials/Substrate/Glints2/dict_0005_0186.uasset" 6486
"../../../Engine/Content/EngineMaterials/Substrate/Glints2/dict_0005_0187.uasset" 6487
"../../../Engine/Content/EngineMaterials/Substrate/Glints2/dict_0005_0188.uasset" 6488
"../../../Engine/Content/EngineMaterials/Substrate/Glints2/dict_0005_0189.uasset" 6489
"../../../Engine/Content/EngineMaterials/Substrate/Glints2/dict_0005_0190.uasset" 6490
"../../../Engine/Content/EngineMaterials/Substrate/Glints2/dict_0005_0191.uasset" 6491
"../../../Engine/Content/EngineMaterials/Substrate/Glints2/dict_0005_0192.uasset" 6492
"../../../Engine/Content/EngineMaterials/Substrate/Glints2/dict_0005_0193.uasset" 6493
"../../../Engine/Content/EngineMaterials/Substrate/Glints2/dict_0005_0194.uasset" 6494
"../../../Engine/Content/EngineMaterials/Substrate/Glints2/dict_0005_0195.uasset" 6495
"../../../Engine/Content/EngineMaterials/Substrate/Glints2/dict_0005_0196.uasset" 6496
"../../../Engine/Content/EngineMaterials/Substrate/Glints2/dict_0005_0197.uasset" 6497
"../../../Engine/Content/EngineMaterials/Substrate/Glints2/dict_0005_0198.uasset" 6498
"../../../Engine/Content/EngineMaterials/Substrate/Glints2/dict_0005_0199.uasset" 6499
"../../../Engine/Content/EngineMaterials/Substrate/Glints2/dict_0005_0200.uasset" 6500
"../../../Engine/Content/EngineMaterials/Substrate/Glints2/dict_0005_0201.uasset" 6501
"../../../Engine/Content/EngineMaterials/Substrate/Glints2/dict_0005_0202.uasset" 6502
"../../../Engine/Content/EngineMaterials/Substrate/Glints2/dict_0005_0203.uasset" 6503
"../../../Engine/Content/EngineMaterials/Substrate/Glints2/dict_0005_0204.uasset" 6504
"../../../Engine/Content/EngineMaterials/Substrate/Glints2/dict_0005_0205.uasset" 6505
"../../../Engine/Content/EngineMaterials/Substrate/Glints2/dict_0005_0206.uasset" 6506
"../../../Engine/Content/EngineMaterials/Substrate/Glints2/dict_0005_0207.uasset" 6507
"../../../Engine/Content/EngineMaterials/Substrate/Glints2/dict_0005_0208.uasset" 6508
"../../../Engine/Content/EngineMaterials/Substrate/Glints2/dict_0005_0209.uasset" 6509
"../../../Engine/Content/EngineMaterials/Substrate/Glints2/dict_0005_0210.uasset" 6510
"../../../Engine/Content/EngineMaterials/Substrate/Glints2/dict_0005_0211.uasset" 6511
"../../../Engine/Content/EngineMaterials/Substrate/Glints2/dict_0005_0212.uasset" 6512
"../../../Engine/Content/EngineMaterials/Substrate/Glints2/dict_0005_0213.uasset" 6513
"../../../Engine/Content/EngineMaterials/Substrate/Glints2/dict_0005_0214.uasset" 6514
"../../../Engine/Content/EngineMaterials/Substrate/Glints2/dict_0005_0215.uasset" 6515
"../../../Engine/Content/EngineMaterials/Substrate/Glints2/dict_0005_0216.uasset" 6516
"../../../Engine/Content/EngineMaterials/Substrate/Glints2/dict_0005_0217.uasset" 6517
"../../../Engine/Content/EngineMaterials/Substrate/Glints2/dict_0005_0218.uasset" 6518
"../../../Engine/Content/EngineMaterials/Substrate/Glints2/dict_0005_0219.uasset" 6519
"../../../Engine/Content/EngineMaterials/Substrate/Glints2/dict_0005_0220.uasset" 6520
"../../../Engine/Content/EngineMaterials/Substrate/Glints2/dict_0005_0221.uasset" 6521
"../../../Engine/Content/EngineMaterials/Substrate/Glints2/dict_0005_0222.uasset" 6522
"../../../Engine/Content/EngineMaterials/Substrate/Glints2/dict_0005_0223.uasset" 6523
"../../../Engine/Content/EngineMaterials/Substrate/Glints2/dict_0005_0224.uasset" 6524
"../../../Engine/Content/EngineMaterials/Substrate/Glints2/dict_0005_0225.uasset" 6525
"../../../Engine/Content/EngineMaterials/Substrate/Glints2/dict_0005_0226.uasset" 6526
"../../../Engine/Content/EngineMaterials/Substrate/Glints2/dict_0005_0227.uasset" 6527
"../../../Engine/Content/EngineMaterials/Substrate/Glints2/dict_0005_0228.uasset" 6528
"../../../Engine/Content/EngineMaterials/Substrate/Glints2/dict_0005_0229.uasset" 6529
"../../../Engine/Content/EngineMaterials/Substrate/Glints2/dict_0005_0230.uasset" 6530
"../../../Engine/Content/EngineMaterials/Substrate/Glints2/dict_0005_0231.uasset" 6531
"../../../Engine/Content/EngineMaterials/Substrate/Glints2/dict_0005_0232.uasset" 6532
"../../../Engine/Content/EngineMaterials/Substrate/Glints2/dict_0005_0233.uasset" 6533
"../../../Engine/Content/EngineMaterials/Substrate/Glints2/dict_0005_0234.uasset" 6534
"../../../Engine/Content/EngineMaterials/Substrate/Glints2/dict_0005_0235.uasset" 6535
"../../../Engine/Content/EngineMaterials/Substrate/Glints2/dict_0005_0236.uasset" 6536
"../../../Engine/Content/EngineMaterials/Substrate/Glints2/dict_0005_0237.uasset" 6537
"../../../Engine/Content/EngineMaterials/Substrate/Glints2/dict_0005_0238.uasset" 6538
"../../../Engine/Content/EngineMaterials/Substrate/Glints2/dict_0005_0239.uasset" 6539
"../../../Engine/Content/EngineMaterials/Substrate/Glints2/dict_0005_0240.uasset" 6540
"../../../Engine/Content/EngineMaterials/Substrate/Glints2/dict_0005_0241.uasset" 6541
"../../../Engine/Content/EngineMaterials/Substrate/Glints2/dict_0005_0242.uasset" 6542
"../../../Engine/Content/EngineMaterials/Substrate/Glints2/dict_0005_0243.uasset" 6543
"../../../Engine/Content/EngineMaterials/Substrate/Glints2/dict_0005_0244.uasset" 6544
"../../../Engine/Content/EngineMaterials/Substrate/Glints2/dict_0005_0245.uasset" 6545
"../../../Engine/Content/EngineMaterials/Substrate/Glints2/dict_0005_0246.uasset" 6546
"../../../Engine/Content/EngineMaterials/Substrate/Glints2/dict_0005_0247.uasset" 6547
"../../../Engine/Content/EngineMaterials/Substrate/Glints2/dict_0005_0248.uasset" 6548
"../../../Engine/Content/EngineMaterials/Substrate/Glints2/dict_0005_0249.uasset" 6549
"../../../Engine/Content/EngineMaterials/Substrate/Glints2/dict_0005_0250.uasset" 6550
"../../../Engine/Content/EngineMaterials/Substrate/Glints2/dict_0005_0251.uasset" 6551
"../../../Engine/Content/EngineMaterials/Substrate/Glints2/dict_0005_0252.uasset" 6552
"../../../Engine/Content/EngineMaterials/Substrate/Glints2/dict_0005_0253.uasset" 6553
"../../../Engine/Content/EngineMaterials/Substrate/Glints2/dict_0005_0254.uasset" 6554
"../../../Engine/Content/EngineMaterials/Substrate/Glints2/dict_0005_0255.uasset" 6555
"../../../Engine/Content/EngineMaterials/Substrate/Glints2/dict_0006_0000.uasset" 6556
"../../../Engine/Content/EngineMaterials/Substrate/Glints2/dict_0006_0001.uasset" 6557
"../../../Engine/Content/EngineMaterials/Substrate/Glints2/dict_0006_0002.uasset" 6558
"../../../Engine/Content/EngineMaterials/Substrate/Glints2/dict_0006_0003.uasset" 6559
"../../../Engine/Content/EngineMaterials/Substrate/Glints2/dict_0006_0004.uasset" 6560
"../../../Engine/Content/EngineMaterials/Substrate/Glints2/dict_0006_0005.uasset" 6561
"../../../Engine/Content/EngineMaterials/Substrate/Glints2/dict_0006_0006.uasset" 6562
"../../../Engine/Content/EngineMaterials/Substrate/Glints2/dict_0006_0007.uasset" 6563
"../../../Engine/Content/EngineMaterials/Substrate/Glints2/dict_0006_0008.uasset" 6564
"../../../Engine/Content/EngineMaterials/Substrate/Glints2/dict_0006_0009.uasset" 6565
"../../../Engine/Content/EngineMaterials/Substrate/Glints2/dict_0006_0010.uasset" 6566
"../../../Engine/Content/EngineMaterials/Substrate/Glints2/dict_0006_0011.uasset" 6567
"../../../Engine/Content/EngineMaterials/Substrate/Glints2/dict_0006_0012.uasset" 6568
"../../../Engine/Content/EngineMaterials/Substrate/Glints2/dict_0006_0013.uasset" 6569
"../../../Engine/Content/EngineMaterials/Substrate/Glints2/dict_0006_0014.uasset" 6570
"../../../Engine/Content/EngineMaterials/Substrate/Glints2/dict_0006_0015.uasset" 6571
"../../../Engine/Content/EngineMaterials/Substrate/Glints2/dict_0006_0016.uasset" 6572
"../../../Engine/Content/EngineMaterials/Substrate/Glints2/dict_0006_0017.uasset" 6573
"../../../Engine/Content/EngineMaterials/Substrate/Glints2/dict_0006_0018.uasset" 6574
"../../../Engine/Content/EngineMaterials/Substrate/Glints2/dict_0006_0019.uasset" 6575
"../../../Engine/Content/EngineMaterials/Substrate/Glints2/dict_0006_0020.uasset" 6576
"../../../Engine/Content/EngineMaterials/Substrate/Glints2/dict_0006_0021.uasset" 6577
"../../../Engine/Content/EngineMaterials/Substrate/Glints2/dict_0006_0022.uasset" 6578
"../../../Engine/Content/EngineMaterials/Substrate/Glints2/dict_0006_0023.uasset" 6579
"../../../Engine/Content/EngineMaterials/Substrate/Glints2/dict_0006_0024.uasset" 6580
"../../../Engine/Content/EngineMaterials/Substrate/Glints2/dict_0006_0025.uasset" 6581
"../../../Engine/Content/EngineMaterials/Substrate/Glints2/dict_0006_0026.uasset" 6582
"../../../Engine/Content/EngineMaterials/Substrate/Glints2/dict_0006_0027.uasset" 6583
"../../../Engine/Content/EngineMaterials/Substrate/Glints2/dict_0006_0028.uasset" 6584
"../../../Engine/Content/EngineMaterials/Substrate/Glints2/dict_0006_0029.uasset" 6585
"../../../Engine/Content/EngineMaterials/Substrate/Glints2/dict_0006_0030.uasset" 6586
"../../../Engine/Content/EngineMaterials/Substrate/Glints2/dict_0006_0031.uasset" 6587
"../../../Engine/Content/EngineMaterials/Substrate/Glints2/dict_0006_0032.uasset" 6588
"../../../Engine/Content/EngineMaterials/Substrate/Glints2/dict_0006_0033.uasset" 6589
"../../../Engine/Content/EngineMaterials/Substrate/Glints2/dict_0006_0034.uasset" 6590
"../../../Engine/Content/EngineMaterials/Substrate/Glints2/dict_0006_0035.uasset" 6591
"../../../Engine/Content/EngineMaterials/Substrate/Glints2/dict_0006_0036.uasset" 6592
"../../../Engine/Content/EngineMaterials/Substrate/Glints2/dict_0006_0037.uasset" 6593
"../../../Engine/Content/EngineMaterials/Substrate/Glints2/dict_0006_0038.uasset" 6594
"../../../Engine/Content/EngineMaterials/Substrate/Glints2/dict_0006_0039.uasset" 6595
"../../../Engine/Content/EngineMaterials/Substrate/Glints2/dict_0006_0040.uasset" 6596
"../../../Engine/Content/EngineMaterials/Substrate/Glints2/dict_0006_0041.uasset" 6597
"../../../Engine/Content/EngineMaterials/Substrate/Glints2/dict_0006_0042.uasset" 6598
"../../../Engine/Content/EngineMaterials/Substrate/Glints2/dict_0006_0043.uasset" 6599
"../../../Engine/Content/EngineMaterials/Substrate/Glints2/dict_0006_0044.uasset" 6600
"../../../Engine/Content/EngineMaterials/Substrate/Glints2/dict_0006_0045.uasset" 6601
"../../../Engine/Content/EngineMaterials/Substrate/Glints2/dict_0006_0046.uasset" 6602
"../../../Engine/Content/EngineMaterials/Substrate/Glints2/dict_0006_0047.uasset" 6603
"../../../Engine/Content/EngineMaterials/Substrate/Glints2/dict_0006_0048.uasset" 6604
"../../../Engine/Content/EngineMaterials/Substrate/Glints2/dict_0006_0049.uasset" 6605
"../../../Engine/Content/EngineMaterials/Substrate/Glints2/dict_0006_0050.uasset" 6606
"../../../Engine/Content/EngineMaterials/Substrate/Glints2/dict_0006_0051.uasset" 6607
"../../../Engine/Content/EngineMaterials/Substrate/Glints2/dict_0006_0052.uasset" 6608
"../../../Engine/Content/EngineMaterials/Substrate/Glints2/dict_0006_0053.uasset" 6609
"../../../Engine/Content/EngineMaterials/Substrate/Glints2/dict_0006_0054.uasset" 6610
"../../../Engine/Content/EngineMaterials/Substrate/Glints2/dict_0006_0055.uasset" 6611
"../../../Engine/Content/EngineMaterials/Substrate/Glints2/dict_0006_0056.uasset" 6612
"../../../Engine/Content/EngineMaterials/Substrate/Glints2/dict_0006_0057.uasset" 6613
"../../../Engine/Content/EngineMaterials/Substrate/Glints2/dict_0006_0058.uasset" 6614
"../../../Engine/Content/EngineMaterials/Substrate/Glints2/dict_0006_0059.uasset" 6615
"../../../Engine/Content/EngineMaterials/Substrate/Glints2/dict_0006_0060.uasset" 6616
"../../../Engine/Content/EngineMaterials/Substrate/Glints2/dict_0006_0061.uasset" 6617
"../../../Engine/Content/EngineMaterials/Substrate/Glints2/dict_0006_0062.uasset" 6618
"../../../Engine/Content/EngineMaterials/Substrate/Glints2/dict_0006_0063.uasset" 6619
"../../../Engine/Content/EngineMaterials/Substrate/Glints2/dict_0006_0064.uasset" 6620
"../../../Engine/Content/EngineMaterials/Substrate/Glints2/dict_0006_0065.uasset" 6621
"../../../Engine/Content/EngineMaterials/Substrate/Glints2/dict_0006_0066.uasset" 6622
"../../../Engine/Content/EngineMaterials/Substrate/Glints2/dict_0006_0067.uasset" 6623
"../../../Engine/Content/EngineMaterials/Substrate/Glints2/dict_0006_0068.uasset" 6624
"../../../Engine/Content/EngineMaterials/Substrate/Glints2/dict_0006_0069.uasset" 6625
"../../../Engine/Content/EngineMaterials/Substrate/Glints2/dict_0006_0070.uasset" 6626
"../../../Engine/Content/EngineMaterials/Substrate/Glints2/dict_0006_0071.uasset" 6627
"../../../Engine/Content/EngineMaterials/Substrate/Glints2/dict_0006_0072.uasset" 6628
"../../../Engine/Content/EngineMaterials/Substrate/Glints2/dict_0006_0073.uasset" 6629
"../../../Engine/Content/EngineMaterials/Substrate/Glints2/dict_0006_0074.uasset" 6630
"../../../Engine/Content/EngineMaterials/Substrate/Glints2/dict_0006_0075.uasset" 6631
"../../../Engine/Content/EngineMaterials/Substrate/Glints2/dict_0006_0076.uasset" 6632
"../../../Engine/Content/EngineMaterials/Substrate/Glints2/dict_0006_0077.uasset" 6633
"../../../Engine/Content/EngineMaterials/Substrate/Glints2/dict_0006_0078.uasset" 6634
"../../../Engine/Content/EngineMaterials/Substrate/Glints2/dict_0006_0079.uasset" 6635
"../../../Engine/Content/EngineMaterials/Substrate/Glints2/dict_0006_0080.uasset" 6636
"../../../Engine/Content/EngineMaterials/Substrate/Glints2/dict_0006_0081.uasset" 6637
"../../../Engine/Content/EngineMaterials/Substrate/Glints2/dict_0006_0082.uasset" 6638
"../../../Engine/Content/EngineMaterials/Substrate/Glints2/dict_0006_0083.uasset" 6639
"../../../Engine/Content/EngineMaterials/Substrate/Glints2/dict_0006_0084.uasset" 6640
"../../../Engine/Content/EngineMaterials/Substrate/Glints2/dict_0006_0085.uasset" 6641
"../../../Engine/Content/EngineMaterials/Substrate/Glints2/dict_0006_0086.uasset" 6642
"../../../Engine/Content/EngineMaterials/Substrate/Glints2/dict_0006_0087.uasset" 6643
"../../../Engine/Content/EngineMaterials/Substrate/Glints2/dict_0006_0088.uasset" 6644
"../../../Engine/Content/EngineMaterials/Substrate/Glints2/dict_0006_0089.uasset" 6645
"../../../Engine/Content/EngineMaterials/Substrate/Glints2/dict_0006_0090.uasset" 6646
"../../../Engine/Content/EngineMaterials/Substrate/Glints2/dict_0006_0091.uasset" 6647
"../../../Engine/Content/EngineMaterials/Substrate/Glints2/dict_0006_0092.uasset" 6648
"../../../Engine/Content/EngineMaterials/Substrate/Glints2/dict_0006_0093.uasset" 6649
"../../../Engine/Content/EngineMaterials/Substrate/Glints2/dict_0006_0094.uasset" 6650
"../../../Engine/Content/EngineMaterials/Substrate/Glints2/dict_0006_0095.uasset" 6651
"../../../Engine/Content/EngineMaterials/Substrate/Glints2/dict_0006_0096.uasset" 6652
"../../../Engine/Content/EngineMaterials/Substrate/Glints2/dict_0006_0097.uasset" 6653
"../../../Engine/Content/EngineMaterials/Substrate/Glints2/dict_0006_0098.uasset" 6654
"../../../Engine/Content/EngineMaterials/Substrate/Glints2/dict_0006_0099.uasset" 6655
"../../../Engine/Content/EngineMaterials/Substrate/Glints2/dict_0006_0100.uasset" 6656
"../../../Engine/Content/EngineMaterials/Substrate/Glints2/dict_0006_0101.uasset" 6657
"../../../Engine/Content/EngineMaterials/Substrate/Glints2/dict_0006_0102.uasset" 6658
"../../../Engine/Content/EngineMaterials/Substrate/Glints2/dict_0006_0103.uasset" 6659
"../../../Engine/Content/EngineMaterials/Substrate/Glints2/dict_0006_0104.uasset" 6660
"../../../Engine/Content/EngineMaterials/Substrate/Glints2/dict_0006_0105.uasset" 6661
"../../../Engine/Content/EngineMaterials/Substrate/Glints2/dict_0006_0106.uasset" 6662
"../../../Engine/Content/EngineMaterials/Substrate/Glints2/dict_0006_0107.uasset" 6663
"../../../Engine/Content/EngineMaterials/Substrate/Glints2/dict_0006_0108.uasset" 6664
"../../../Engine/Content/EngineMaterials/Substrate/Glints2/dict_0006_0109.uasset" 6665
"../../../Engine/Content/EngineMaterials/Substrate/Glints2/dict_0006_0110.uasset" 6666
"../../../Engine/Content/EngineMaterials/Substrate/Glints2/dict_0006_0111.uasset" 6667
"../../../Engine/Content/EngineMaterials/Substrate/Glints2/dict_0006_0112.uasset" 6668
"../../../Engine/Content/EngineMaterials/Substrate/Glints2/dict_0006_0113.uasset" 6669
"../../../Engine/Content/EngineMaterials/Substrate/Glints2/dict_0006_0114.uasset" 6670
"../../../Engine/Content/EngineMaterials/Substrate/Glints2/dict_0006_0115.uasset" 6671
"../../../Engine/Content/EngineMaterials/Substrate/Glints2/dict_0006_0116.uasset" 6672
"../../../Engine/Content/EngineMaterials/Substrate/Glints2/dict_0006_0117.uasset" 6673
"../../../Engine/Content/EngineMaterials/Substrate/Glints2/dict_0006_0118.uasset" 6674
"../../../Engine/Content/EngineMaterials/Substrate/Glints2/dict_0006_0119.uasset" 6675
"../../../Engine/Content/EngineMaterials/Substrate/Glints2/dict_0006_0120.uasset" 6676
"../../../Engine/Content/EngineMaterials/Substrate/Glints2/dict_0006_0121.uasset" 6677
"../../../Engine/Content/EngineMaterials/Substrate/Glints2/dict_0006_0122.uasset" 6678
"../../../Engine/Content/EngineMaterials/Substrate/Glints2/dict_0006_0123.uasset" 6679
"../../../Engine/Content/EngineMaterials/Substrate/Glints2/dict_0006_0124.uasset" 6680
"../../../Engine/Content/EngineMaterials/Substrate/Glints2/dict_0006_0125.uasset" 6681
"../../../Engine/Content/EngineMaterials/Substrate/Glints2/dict_0006_0126.uasset" 6682
"../../../Engine/Content/EngineMaterials/Substrate/Glints2/dict_0006_0127.uasset" 6683
"../../../Engine/Content/EngineMaterials/Substrate/Glints2/dict_0006_0128.uasset" 6684
"../../../Engine/Content/EngineMaterials/Substrate/Glints2/dict_0006_0129.uasset" 6685
"../../../Engine/Content/EngineMaterials/Substrate/Glints2/dict_0006_0130.uasset" 6686
"../../../Engine/Content/EngineMaterials/Substrate/Glints2/dict_0006_0131.uasset" 6687
"../../../Engine/Content/EngineMaterials/Substrate/Glints2/dict_0006_0132.uasset" 6688
"../../../Engine/Content/EngineMaterials/Substrate/Glints2/dict_0006_0133.uasset" 6689
"../../../Engine/Content/EngineMaterials/Substrate/Glints2/dict_0006_0134.uasset" 6690
"../../../Engine/Content/EngineMaterials/Substrate/Glints2/dict_0006_0135.uasset" 6691
"../../../Engine/Content/EngineMaterials/Substrate/Glints2/dict_0006_0136.uasset" 6692
"../../../Engine/Content/EngineMaterials/Substrate/Glints2/dict_0006_0137.uasset" 6693
"../../../Engine/Content/EngineMaterials/Substrate/Glints2/dict_0006_0138.uasset" 6694
"../../../Engine/Content/EngineMaterials/Substrate/Glints2/dict_0006_0139.uasset" 6695
"../../../Engine/Content/EngineMaterials/Substrate/Glints2/dict_0006_0140.uasset" 6696
"../../../Engine/Content/EngineMaterials/Substrate/Glints2/dict_0006_0141.uasset" 6697
"../../../Engine/Content/EngineMaterials/Substrate/Glints2/dict_0006_0142.uasset" 6698
"../../../Engine/Content/EngineMaterials/Substrate/Glints2/dict_0006_0143.uasset" 6699
"../../../Engine/Content/EngineMaterials/Substrate/Glints2/dict_0006_0144.uasset" 6700
"../../../Engine/Content/EngineMaterials/Substrate/Glints2/dict_0006_0145.uasset" 6701
"../../../Engine/Content/EngineMaterials/Substrate/Glints2/dict_0006_0146.uasset" 6702
"../../../Engine/Content/EngineMaterials/Substrate/Glints2/dict_0006_0147.uasset" 6703
"../../../Engine/Content/EngineMaterials/Substrate/Glints2/dict_0006_0148.uasset" 6704
"../../../Engine/Content/EngineMaterials/Substrate/Glints2/dict_0006_0149.uasset" 6705
"../../../Engine/Content/EngineMaterials/Substrate/Glints2/dict_0006_0150.uasset" 6706
"../../../Engine/Content/EngineMaterials/Substrate/Glints2/dict_0006_0151.uasset" 6707
"../../../Engine/Content/EngineMaterials/Substrate/Glints2/dict_0006_0152.uasset" 6708
"../../../Engine/Content/EngineMaterials/Substrate/Glints2/dict_0006_0153.uasset" 6709
"../../../Engine/Content/EngineMaterials/Substrate/Glints2/dict_0006_0154.uasset" 6710
"../../../Engine/Content/EngineMaterials/Substrate/Glints2/dict_0006_0155.uasset" 6711
"../../../Engine/Content/EngineMaterials/Substrate/Glints2/dict_0006_0156.uasset" 6712
"../../../Engine/Content/EngineMaterials/Substrate/Glints2/dict_0006_0157.uasset" 6713
"../../../Engine/Content/EngineMaterials/Substrate/Glints2/dict_0006_0158.uasset" 6714
"../../../Engine/Content/EngineMaterials/Substrate/Glints2/dict_0006_0159.uasset" 6715
"../../../Engine/Content/EngineMaterials/Substrate/Glints2/dict_0006_0160.uasset" 6716
"../../../Engine/Content/EngineMaterials/Substrate/Glints2/dict_0006_0161.uasset" 6717
"../../../Engine/Content/EngineMaterials/Substrate/Glints2/dict_0006_0162.uasset" 6718
"../../../Engine/Content/EngineMaterials/Substrate/Glints2/dict_0006_0163.uasset" 6719
"../../../Engine/Content/EngineMaterials/Substrate/Glints2/dict_0006_0164.uasset" 6720
"../../../Engine/Content/EngineMaterials/Substrate/Glints2/dict_0006_0165.uasset" 6721
"../../../Engine/Content/EngineMaterials/Substrate/Glints2/dict_0006_0166.uasset" 6722
"../../../Engine/Content/EngineMaterials/Substrate/Glints2/dict_0006_0167.uasset" 6723
"../../../Engine/Content/EngineMaterials/Substrate/Glints2/dict_0006_0168.uasset" 6724
"../../../Engine/Content/EngineMaterials/Substrate/Glints2/dict_0006_0169.uasset" 6725
"../../../Engine/Content/EngineMaterials/Substrate/Glints2/dict_0006_0170.uasset" 6726
"../../../Engine/Content/EngineMaterials/Substrate/Glints2/dict_0006_0171.uasset" 6727
"../../../Engine/Content/EngineMaterials/Substrate/Glints2/dict_0006_0172.uasset" 6728
"../../../Engine/Content/EngineMaterials/Substrate/Glints2/dict_0006_0173.uasset" 6729
"../../../Engine/Content/EngineMaterials/Substrate/Glints2/dict_0006_0174.uasset" 6730
"../../../Engine/Content/EngineMaterials/Substrate/Glints2/dict_0006_0175.uasset" 6731
"../../../Engine/Content/EngineMaterials/Substrate/Glints2/dict_0006_0176.uasset" 6732
"../../../Engine/Content/EngineMaterials/Substrate/Glints2/dict_0006_0177.uasset" 6733
"../../../Engine/Content/EngineMaterials/Substrate/Glints2/dict_0006_0178.uasset" 6734
"../../../Engine/Content/EngineMaterials/Substrate/Glints2/dict_0006_0179.uasset" 6735
"../../../Engine/Content/EngineMaterials/Substrate/Glints2/dict_0006_0180.uasset" 6736
"../../../Engine/Content/EngineMaterials/Substrate/Glints2/dict_0006_0181.uasset" 6737
"../../../Engine/Content/EngineMaterials/Substrate/Glints2/dict_0006_0182.uasset" 6738
"../../../Engine/Content/EngineMaterials/Substrate/Glints2/dict_0006_0183.uasset" 6739
"../../../Engine/Content/EngineMaterials/Substrate/Glints2/dict_0006_0184.uasset" 6740
"../../../Engine/Content/EngineMaterials/Substrate/Glints2/dict_0006_0185.uasset" 6741
"../../../Engine/Content/EngineMaterials/Substrate/Glints2/dict_0006_0186.uasset" 6742
"../../../Engine/Content/EngineMaterials/Substrate/Glints2/dict_0006_0187.uasset" 6743
"../../../Engine/Content/EngineMaterials/Substrate/Glints2/dict_0006_0188.uasset" 6744
"../../../Engine/Content/EngineMaterials/Substrate/Glints2/dict_0006_0189.uasset" 6745
"../../../Engine/Content/EngineMaterials/Substrate/Glints2/dict_0006_0190.uasset" 6746
"../../../Engine/Content/EngineMaterials/Substrate/Glints2/dict_0006_0191.uasset" 6747
"../../../Engine/Content/EngineMaterials/Substrate/Glints2/dict_0006_0192.uasset" 6748
"../../../Engine/Content/EngineMaterials/Substrate/Glints2/dict_0006_0193.uasset" 6749
"../../../Engine/Content/EngineMaterials/Substrate/Glints2/dict_0006_0194.uasset" 6750
"../../../Engine/Content/EngineMaterials/Substrate/Glints2/dict_0006_0195.uasset" 6751
"../../../Engine/Content/EngineMaterials/Substrate/Glints2/dict_0006_0196.uasset" 6752
"../../../Engine/Content/EngineMaterials/Substrate/Glints2/dict_0006_0197.uasset" 6753
"../../../Engine/Content/EngineMaterials/Substrate/Glints2/dict_0006_0198.uasset" 6754
"../../../Engine/Content/EngineMaterials/Substrate/Glints2/dict_0006_0199.uasset" 6755
"../../../Engine/Content/EngineMaterials/Substrate/Glints2/dict_0006_0200.uasset" 6756
"../../../Engine/Content/EngineMaterials/Substrate/Glints2/dict_0006_0201.uasset" 6757
"../../../Engine/Content/EngineMaterials/Substrate/Glints2/dict_0006_0202.uasset" 6758
"../../../Engine/Content/EngineMaterials/Substrate/Glints2/dict_0006_0203.uasset" 6759
"../../../Engine/Content/EngineMaterials/Substrate/Glints2/dict_0006_0204.uasset" 6760
"../../../Engine/Content/EngineMaterials/Substrate/Glints2/dict_0006_0205.uasset" 6761
"../../../Engine/Content/EngineMaterials/Substrate/Glints2/dict_0006_0206.uasset" 6762
"../../../Engine/Content/EngineMaterials/Substrate/Glints2/dict_0006_0207.uasset" 6763
"../../../Engine/Content/EngineMaterials/Substrate/Glints2/dict_0006_0208.uasset" 6764
"../../../Engine/Content/EngineMaterials/Substrate/Glints2/dict_0006_0209.uasset" 6765
"../../../Engine/Content/EngineMaterials/Substrate/Glints2/dict_0006_0210.uasset" 6766
"../../../Engine/Content/EngineMaterials/Substrate/Glints2/dict_0006_0211.uasset" 6767
"../../../Engine/Content/EngineMaterials/Substrate/Glints2/dict_0006_0212.uasset" 6768
"../../../Engine/Content/EngineMaterials/Substrate/Glints2/dict_0006_0213.uasset" 6769
"../../../Engine/Content/EngineMaterials/Substrate/Glints2/dict_0006_0214.uasset" 6770
"../../../Engine/Content/EngineMaterials/Substrate/Glints2/dict_0006_0215.uasset" 6771
"../../../Engine/Content/EngineMaterials/Substrate/Glints2/dict_0006_0216.uasset" 6772
"../../../Engine/Content/EngineMaterials/Substrate/Glints2/dict_0006_0217.uasset" 6773
"../../../Engine/Content/EngineMaterials/Substrate/Glints2/dict_0006_0218.uasset" 6774
"../../../Engine/Content/EngineMaterials/Substrate/Glints2/dict_0006_0219.uasset" 6775
"../../../Engine/Content/EngineMaterials/Substrate/Glints2/dict_0006_0220.uasset" 6776
"../../../Engine/Content/EngineMaterials/Substrate/Glints2/dict_0006_0221.uasset" 6777
"../../../Engine/Content/EngineMaterials/Substrate/Glints2/dict_0006_0222.uasset" 6778
"../../../Engine/Content/EngineMaterials/Substrate/Glints2/dict_0006_0223.uasset" 6779
"../../../Engine/Content/EngineMaterials/Substrate/Glints2/dict_0006_0224.uasset" 6780
"../../../Engine/Content/EngineMaterials/Substrate/Glints2/dict_0006_0225.uasset" 6781
"../../../Engine/Content/EngineMaterials/Substrate/Glints2/dict_0006_0226.uasset" 6782
"../../../Engine/Content/EngineMaterials/Substrate/Glints2/dict_0006_0227.uasset" 6783
"../../../Engine/Content/EngineMaterials/Substrate/Glints2/dict_0006_0228.uasset" 6784
"../../../Engine/Content/EngineMaterials/Substrate/Glints2/dict_0006_0229.uasset" 6785
"../../../Engine/Content/EngineMaterials/Substrate/Glints2/dict_0006_0230.uasset" 6786
"../../../Engine/Content/EngineMaterials/Substrate/Glints2/dict_0006_0231.uasset" 6787
"../../../Engine/Content/EngineMaterials/Substrate/Glints2/dict_0006_0232.uasset" 6788
"../../../Engine/Content/EngineMaterials/Substrate/Glints2/dict_0006_0233.uasset" 6789
"../../../Engine/Content/EngineMaterials/Substrate/Glints2/dict_0006_0234.uasset" 6790
"../../../Engine/Content/EngineMaterials/Substrate/Glints2/dict_0006_0235.uasset" 6791
"../../../Engine/Content/EngineMaterials/Substrate/Glints2/dict_0006_0236.uasset" 6792
"../../../Engine/Content/EngineMaterials/Substrate/Glints2/dict_0006_0237.uasset" 6793
"../../../Engine/Content/EngineMaterials/Substrate/Glints2/dict_0006_0238.uasset" 6794
"../../../Engine/Content/EngineMaterials/Substrate/Glints2/dict_0006_0239.uasset" 6795
"../../../Engine/Content/EngineMaterials/Substrate/Glints2/dict_0006_0240.uasset" 6796
"../../../Engine/Content/EngineMaterials/Substrate/Glints2/dict_0006_0241.uasset" 6797
"../../../Engine/Content/EngineMaterials/Substrate/Glints2/dict_0006_0242.uasset" 6798
"../../../Engine/Content/EngineMaterials/Substrate/Glints2/dict_0006_0243.uasset" 6799
"../../../Engine/Content/EngineMaterials/Substrate/Glints2/dict_0006_0244.uasset" 6800
"../../../Engine/Content/EngineMaterials/Substrate/Glints2/dict_0006_0245.uasset" 6801
"../../../Engine/Content/EngineMaterials/Substrate/Glints2/dict_0006_0246.uasset" 6802
"../../../Engine/Content/EngineMaterials/Substrate/Glints2/dict_0006_0247.uasset" 6803
"../../../Engine/Content/EngineMaterials/Substrate/Glints2/dict_0006_0248.uasset" 6804
"../../../Engine/Content/EngineMaterials/Substrate/Glints2/dict_0006_0249.uasset" 6805
"../../../Engine/Content/EngineMaterials/Substrate/Glints2/dict_0006_0250.uasset" 6806
"../../../Engine/Content/EngineMaterials/Substrate/Glints2/dict_0006_0251.uasset" 6807
"../../../Engine/Content/EngineMaterials/Substrate/Glints2/dict_0006_0252.uasset" 6808
"../../../Engine/Content/EngineMaterials/Substrate/Glints2/dict_0006_0253.uasset" 6809
"../../../Engine/Content/EngineMaterials/Substrate/Glints2/dict_0006_0254.uasset" 6810
"../../../Engine/Content/EngineMaterials/Substrate/Glints2/dict_0006_0255.uasset" 6811
"../../../Engine/Content/EngineMaterials/Substrate/Glints2/dict_0007_0000.uasset" 6812
"../../../Engine/Content/EngineMaterials/Substrate/Glints2/dict_0007_0001.uasset" 6813
"../../../Engine/Content/EngineMaterials/Substrate/Glints2/dict_0007_0002.uasset" 6814
"../../../Engine/Content/EngineMaterials/Substrate/Glints2/dict_0007_0003.uasset" 6815
"../../../Engine/Content/EngineMaterials/Substrate/Glints2/dict_0007_0004.uasset" 6816
"../../../Engine/Content/EngineMaterials/Substrate/Glints2/dict_0007_0005.uasset" 6817
"../../../Engine/Content/EngineMaterials/Substrate/Glints2/dict_0007_0006.uasset" 6818
"../../../Engine/Content/EngineMaterials/Substrate/Glints2/dict_0007_0007.uasset" 6819
"../../../Engine/Content/EngineMaterials/Substrate/Glints2/dict_0007_0008.uasset" 6820
"../../../Engine/Content/EngineMaterials/Substrate/Glints2/dict_0007_0009.uasset" 6821
"../../../Engine/Content/EngineMaterials/Substrate/Glints2/dict_0007_0010.uasset" 6822
"../../../Engine/Content/EngineMaterials/Substrate/Glints2/dict_0007_0011.uasset" 6823
"../../../Engine/Content/EngineMaterials/Substrate/Glints2/dict_0007_0012.uasset" 6824
"../../../Engine/Content/EngineMaterials/Substrate/Glints2/dict_0007_0013.uasset" 6825
"../../../Engine/Content/EngineMaterials/Substrate/Glints2/dict_0007_0014.uasset" 6826
"../../../Engine/Content/EngineMaterials/Substrate/Glints2/dict_0007_0015.uasset" 6827
"../../../Engine/Content/EngineMaterials/Substrate/Glints2/dict_0007_0016.uasset" 6828
"../../../Engine/Content/EngineMaterials/Substrate/Glints2/dict_0007_0017.uasset" 6829
"../../../Engine/Content/EngineMaterials/Substrate/Glints2/dict_0007_0018.uasset" 6830
"../../../Engine/Content/EngineMaterials/Substrate/Glints2/dict_0007_0019.uasset" 6831
"../../../Engine/Content/EngineMaterials/Substrate/Glints2/dict_0007_0020.uasset" 6832
"../../../Engine/Content/EngineMaterials/Substrate/Glints2/dict_0007_0021.uasset" 6833
"../../../Engine/Content/EngineMaterials/Substrate/Glints2/dict_0007_0022.uasset" 6834
"../../../Engine/Content/EngineMaterials/Substrate/Glints2/dict_0007_0023.uasset" 6835
"../../../Engine/Content/EngineMaterials/Substrate/Glints2/dict_0007_0024.uasset" 6836
"../../../Engine/Content/EngineMaterials/Substrate/Glints2/dict_0007_0025.uasset" 6837
"../../../Engine/Content/EngineMaterials/Substrate/Glints2/dict_0007_0026.uasset" 6838
"../../../Engine/Content/EngineMaterials/Substrate/Glints2/dict_0007_0027.uasset" 6839
"../../../Engine/Content/EngineMaterials/Substrate/Glints2/dict_0007_0028.uasset" 6840
"../../../Engine/Content/EngineMaterials/Substrate/Glints2/dict_0007_0029.uasset" 6841
"../../../Engine/Content/EngineMaterials/Substrate/Glints2/dict_0007_0030.uasset" 6842
"../../../Engine/Content/EngineMaterials/Substrate/Glints2/dict_0007_0031.uasset" 6843
"../../../Engine/Content/EngineMaterials/Substrate/Glints2/dict_0007_0032.uasset" 6844
"../../../Engine/Content/EngineMaterials/Substrate/Glints2/dict_0007_0033.uasset" 6845
"../../../Engine/Content/EngineMaterials/Substrate/Glints2/dict_0007_0034.uasset" 6846
"../../../Engine/Content/EngineMaterials/Substrate/Glints2/dict_0007_0035.uasset" 6847
"../../../Engine/Content/EngineMaterials/Substrate/Glints2/dict_0007_0036.uasset" 6848
"../../../Engine/Content/EngineMaterials/Substrate/Glints2/dict_0007_0037.uasset" 6849
"../../../Engine/Content/EngineMaterials/Substrate/Glints2/dict_0007_0038.uasset" 6850
"../../../Engine/Content/EngineMaterials/Substrate/Glints2/dict_0007_0039.uasset" 6851
"../../../Engine/Content/EngineMaterials/Substrate/Glints2/dict_0007_0040.uasset" 6852
"../../../Engine/Content/EngineMaterials/Substrate/Glints2/dict_0007_0041.uasset" 6853
"../../../Engine/Content/EngineMaterials/Substrate/Glints2/dict_0007_0042.uasset" 6854
"../../../Engine/Content/EngineMaterials/Substrate/Glints2/dict_0007_0043.uasset" 6855
"../../../Engine/Content/EngineMaterials/Substrate/Glints2/dict_0007_0044.uasset" 6856
"../../../Engine/Content/EngineMaterials/Substrate/Glints2/dict_0007_0045.uasset" 6857
"../../../Engine/Content/EngineMaterials/Substrate/Glints2/dict_0007_0046.uasset" 6858
"../../../Engine/Content/EngineMaterials/Substrate/Glints2/dict_0007_0047.uasset" 6859
"../../../Engine/Content/EngineMaterials/Substrate/Glints2/dict_0007_0048.uasset" 6860
"../../../Engine/Content/EngineMaterials/Substrate/Glints2/dict_0007_0049.uasset" 6861
"../../../Engine/Content/EngineMaterials/Substrate/Glints2/dict_0007_0050.uasset" 6862
"../../../Engine/Content/EngineMaterials/Substrate/Glints2/dict_0007_0051.uasset" 6863
"../../../Engine/Content/EngineMaterials/Substrate/Glints2/dict_0007_0052.uasset" 6864
"../../../Engine/Content/EngineMaterials/Substrate/Glints2/dict_0007_0053.uasset" 6865
"../../../Engine/Content/EngineMaterials/Substrate/Glints2/dict_0007_0054.uasset" 6866
"../../../Engine/Content/EngineMaterials/Substrate/Glints2/dict_0007_0055.uasset" 6867
"../../../Engine/Content/EngineMaterials/Substrate/Glints2/dict_0007_0056.uasset" 6868
"../../../Engine/Content/EngineMaterials/Substrate/Glints2/dict_0007_0057.uasset" 6869
"../../../Engine/Content/EngineMaterials/Substrate/Glints2/dict_0007_0058.uasset" 6870
"../../../Engine/Content/EngineMaterials/Substrate/Glints2/dict_0007_0059.uasset" 6871
"../../../Engine/Content/EngineMaterials/Substrate/Glints2/dict_0007_0060.uasset" 6872
"../../../Engine/Content/EngineMaterials/Substrate/Glints2/dict_0007_0061.uasset" 6873
"../../../Engine/Content/EngineMaterials/Substrate/Glints2/dict_0007_0062.uasset" 6874
"../../../Engine/Content/EngineMaterials/Substrate/Glints2/dict_0007_0063.uasset" 6875
"../../../Engine/Content/EngineMaterials/Substrate/Glints2/dict_0007_0064.uasset" 6876
"../../../Engine/Content/EngineMaterials/Substrate/Glints2/dict_0007_0065.uasset" 6877
"../../../Engine/Content/EngineMaterials/Substrate/Glints2/dict_0007_0066.uasset" 6878
"../../../Engine/Content/EngineMaterials/Substrate/Glints2/dict_0007_0067.uasset" 6879
"../../../Engine/Content/EngineMaterials/Substrate/Glints2/dict_0007_0068.uasset" 6880
"../../../Engine/Content/EngineMaterials/Substrate/Glints2/dict_0007_0069.uasset" 6881
"../../../Engine/Content/EngineMaterials/Substrate/Glints2/dict_0007_0070.uasset" 6882
"../../../Engine/Content/EngineMaterials/Substrate/Glints2/dict_0007_0071.uasset" 6883
"../../../Engine/Content/EngineMaterials/Substrate/Glints2/dict_0007_0072.uasset" 6884
"../../../Engine/Content/EngineMaterials/Substrate/Glints2/dict_0007_0073.uasset" 6885
"../../../Engine/Content/EngineMaterials/Substrate/Glints2/dict_0007_0074.uasset" 6886
"../../../Engine/Content/EngineMaterials/Substrate/Glints2/dict_0007_0075.uasset" 6887
"../../../Engine/Content/EngineMaterials/Substrate/Glints2/dict_0007_0076.uasset" 6888
"../../../Engine/Content/EngineMaterials/Substrate/Glints2/dict_0007_0077.uasset" 6889
"../../../Engine/Content/EngineMaterials/Substrate/Glints2/dict_0007_0078.uasset" 6890
"../../../Engine/Content/EngineMaterials/Substrate/Glints2/dict_0007_0079.uasset" 6891
"../../../Engine/Content/EngineMaterials/Substrate/Glints2/dict_0007_0080.uasset" 6892
"../../../Engine/Content/EngineMaterials/Substrate/Glints2/dict_0007_0081.uasset" 6893
"../../../Engine/Content/EngineMaterials/Substrate/Glints2/dict_0007_0082.uasset" 6894
"../../../Engine/Content/EngineMaterials/Substrate/Glints2/dict_0007_0083.uasset" 6895
"../../../Engine/Content/EngineMaterials/Substrate/Glints2/dict_0007_0084.uasset" 6896
"../../../Engine/Content/EngineMaterials/Substrate/Glints2/dict_0007_0085.uasset" 6897
"../../../Engine/Content/EngineMaterials/Substrate/Glints2/dict_0007_0086.uasset" 6898
"../../../Engine/Content/EngineMaterials/Substrate/Glints2/dict_0007_0087.uasset" 6899
"../../../Engine/Content/EngineMaterials/Substrate/Glints2/dict_0007_0088.uasset" 6900
"../../../Engine/Content/EngineMaterials/Substrate/Glints2/dict_0007_0089.uasset" 6901
"../../../Engine/Content/EngineMaterials/Substrate/Glints2/dict_0007_0090.uasset" 6902
"../../../Engine/Content/EngineMaterials/Substrate/Glints2/dict_0007_0091.uasset" 6903
"../../../Engine/Content/EngineMaterials/Substrate/Glints2/dict_0007_0092.uasset" 6904
"../../../Engine/Content/EngineMaterials/Substrate/Glints2/dict_0007_0093.uasset" 6905
"../../../Engine/Content/EngineMaterials/Substrate/Glints2/dict_0007_0094.uasset" 6906
"../../../Engine/Content/EngineMaterials/Substrate/Glints2/dict_0007_0095.uasset" 6907
"../../../Engine/Content/EngineMaterials/Substrate/Glints2/dict_0007_0096.uasset" 6908
"../../../Engine/Content/EngineMaterials/Substrate/Glints2/dict_0007_0097.uasset" 6909
"../../../Engine/Content/EngineMaterials/Substrate/Glints2/dict_0007_0098.uasset" 6910
"../../../Engine/Content/EngineMaterials/Substrate/Glints2/dict_0007_0099.uasset" 6911
"../../../Engine/Content/EngineMaterials/Substrate/Glints2/dict_0007_0100.uasset" 6912
"../../../Engine/Content/EngineMaterials/Substrate/Glints2/dict_0007_0101.uasset" 6913
"../../../Engine/Content/EngineMaterials/Substrate/Glints2/dict_0007_0102.uasset" 6914
"../../../Engine/Content/EngineMaterials/Substrate/Glints2/dict_0007_0103.uasset" 6915
"../../../Engine/Content/EngineMaterials/Substrate/Glints2/dict_0007_0104.uasset" 6916
"../../../Engine/Content/EngineMaterials/Substrate/Glints2/dict_0007_0105.uasset" 6917
"../../../Engine/Content/EngineMaterials/Substrate/Glints2/dict_0007_0106.uasset" 6918
"../../../Engine/Content/EngineMaterials/Substrate/Glints2/dict_0007_0107.uasset" 6919
"../../../Engine/Content/EngineMaterials/Substrate/Glints2/dict_0007_0108.uasset" 6920
"../../../Engine/Content/EngineMaterials/Substrate/Glints2/dict_0007_0109.uasset" 6921
"../../../Engine/Content/EngineMaterials/Substrate/Glints2/dict_0007_0110.uasset" 6922
"../../../Engine/Content/EngineMaterials/Substrate/Glints2/dict_0007_0111.uasset" 6923
"../../../Engine/Content/EngineMaterials/Substrate/Glints2/dict_0007_0112.uasset" 6924
"../../../Engine/Content/EngineMaterials/Substrate/Glints2/dict_0007_0113.uasset" 6925
"../../../Engine/Content/EngineMaterials/Substrate/Glints2/dict_0007_0114.uasset" 6926
"../../../Engine/Content/EngineMaterials/Substrate/Glints2/dict_0007_0115.uasset" 6927
"../../../Engine/Content/EngineMaterials/Substrate/Glints2/dict_0007_0116.uasset" 6928
"../../../Engine/Content/EngineMaterials/Substrate/Glints2/dict_0007_0117.uasset" 6929
"../../../Engine/Content/EngineMaterials/Substrate/Glints2/dict_0007_0118.uasset" 6930
"../../../Engine/Content/EngineMaterials/Substrate/Glints2/dict_0007_0119.uasset" 6931
"../../../Engine/Content/EngineMaterials/Substrate/Glints2/dict_0007_0120.uasset" 6932
"../../../Engine/Content/EngineMaterials/Substrate/Glints2/dict_0007_0121.uasset" 6933
"../../../Engine/Content/EngineMaterials/Substrate/Glints2/dict_0007_0122.uasset" 6934
"../../../Engine/Content/EngineMaterials/Substrate/Glints2/dict_0007_0123.uasset" 6935
"../../../Engine/Content/EngineMaterials/Substrate/Glints2/dict_0007_0124.uasset" 6936
"../../../Engine/Content/EngineMaterials/Substrate/Glints2/dict_0007_0125.uasset" 6937
"../../../Engine/Content/EngineMaterials/Substrate/Glints2/dict_0007_0126.uasset" 6938
"../../../Engine/Content/EngineMaterials/Substrate/Glints2/dict_0007_0127.uasset" 6939
"../../../Engine/Content/EngineMaterials/Substrate/Glints2/dict_0007_0128.uasset" 6940
"../../../Engine/Content/EngineMaterials/Substrate/Glints2/dict_0007_0129.uasset" 6941
"../../../Engine/Content/EngineMaterials/Substrate/Glints2/dict_0007_0130.uasset" 6942
"../../../Engine/Content/EngineMaterials/Substrate/Glints2/dict_0007_0131.uasset" 6943
"../../../Engine/Content/EngineMaterials/Substrate/Glints2/dict_0007_0132.uasset" 6944
"../../../Engine/Content/EngineMaterials/Substrate/Glints2/dict_0007_0133.uasset" 6945
"../../../Engine/Content/EngineMaterials/Substrate/Glints2/dict_0007_0134.uasset" 6946
"../../../Engine/Content/EngineMaterials/Substrate/Glints2/dict_0007_0135.uasset" 6947
"../../../Engine/Content/EngineMaterials/Substrate/Glints2/dict_0007_0136.uasset" 6948
"../../../Engine/Content/EngineMaterials/Substrate/Glints2/dict_0007_0137.uasset" 6949
"../../../Engine/Content/EngineMaterials/Substrate/Glints2/dict_0007_0138.uasset" 6950
"../../../Engine/Content/EngineMaterials/Substrate/Glints2/dict_0007_0139.uasset" 6951
"../../../Engine/Content/EngineMaterials/Substrate/Glints2/dict_0007_0140.uasset" 6952
"../../../Engine/Content/EngineMaterials/Substrate/Glints2/dict_0007_0141.uasset" 6953
"../../../Engine/Content/EngineMaterials/Substrate/Glints2/dict_0007_0142.uasset" 6954
"../../../Engine/Content/EngineMaterials/Substrate/Glints2/dict_0007_0143.uasset" 6955
"../../../Engine/Content/EngineMaterials/Substrate/Glints2/dict_0007_0144.uasset" 6956
"../../../Engine/Content/EngineMaterials/Substrate/Glints2/dict_0007_0145.uasset" 6957
"../../../Engine/Content/EngineMaterials/Substrate/Glints2/dict_0007_0146.uasset" 6958
"../../../Engine/Content/EngineMaterials/Substrate/Glints2/dict_0007_0147.uasset" 6959
"../../../Engine/Content/EngineMaterials/Substrate/Glints2/dict_0007_0148.uasset" 6960
"../../../Engine/Content/EngineMaterials/Substrate/Glints2/dict_0007_0149.uasset" 6961
"../../../Engine/Content/EngineMaterials/Substrate/Glints2/dict_0007_0150.uasset" 6962
"../../../Engine/Content/EngineMaterials/Substrate/Glints2/dict_0007_0151.uasset" 6963
"../../../Engine/Content/EngineMaterials/Substrate/Glints2/dict_0007_0152.uasset" 6964
"../../../Engine/Content/EngineMaterials/Substrate/Glints2/dict_0007_0153.uasset" 6965
"../../../Engine/Content/EngineMaterials/Substrate/Glints2/dict_0007_0154.uasset" 6966
"../../../Engine/Content/EngineMaterials/Substrate/Glints2/dict_0007_0155.uasset" 6967
"../../../Engine/Content/EngineMaterials/Substrate/Glints2/dict_0007_0156.uasset" 6968
"../../../Engine/Content/EngineMaterials/Substrate/Glints2/dict_0007_0157.uasset" 6969
"../../../Engine/Content/EngineMaterials/Substrate/Glints2/dict_0007_0158.uasset" 6970
"../../../Engine/Content/EngineMaterials/Substrate/Glints2/dict_0007_0159.uasset" 6971
"../../../Engine/Content/EngineMaterials/Substrate/Glints2/dict_0007_0160.uasset" 6972
"../../../Engine/Content/EngineMaterials/Substrate/Glints2/dict_0007_0161.uasset" 6973
"../../../Engine/Content/EngineMaterials/Substrate/Glints2/dict_0007_0162.uasset" 6974
"../../../Engine/Content/EngineMaterials/Substrate/Glints2/dict_0007_0163.uasset" 6975
"../../../Engine/Content/EngineMaterials/Substrate/Glints2/dict_0007_0164.uasset" 6976
"../../../Engine/Content/EngineMaterials/Substrate/Glints2/dict_0007_0165.uasset" 6977
"../../../Engine/Content/EngineMaterials/Substrate/Glints2/dict_0007_0166.uasset" 6978
"../../../Engine/Content/EngineMaterials/Substrate/Glints2/dict_0007_0167.uasset" 6979
"../../../Engine/Content/EngineMaterials/Substrate/Glints2/dict_0007_0168.uasset" 6980
"../../../Engine/Content/EngineMaterials/Substrate/Glints2/dict_0007_0169.uasset" 6981
"../../../Engine/Content/EngineMaterials/Substrate/Glints2/dict_0007_0170.uasset" 6982
"../../../Engine/Content/EngineMaterials/Substrate/Glints2/dict_0007_0171.uasset" 6983
"../../../Engine/Content/EngineMaterials/Substrate/Glints2/dict_0007_0172.uasset" 6984
"../../../Engine/Content/EngineMaterials/Substrate/Glints2/dict_0007_0173.uasset" 6985
"../../../Engine/Content/EngineMaterials/Substrate/Glints2/dict_0007_0174.uasset" 6986
"../../../Engine/Content/EngineMaterials/Substrate/Glints2/dict_0007_0175.uasset" 6987
"../../../Engine/Content/EngineMaterials/Substrate/Glints2/dict_0007_0176.uasset" 6988
"../../../Engine/Content/EngineMaterials/Substrate/Glints2/dict_0007_0177.uasset" 6989
"../../../Engine/Content/EngineMaterials/Substrate/Glints2/dict_0007_0178.uasset" 6990
"../../../Engine/Content/EngineMaterials/Substrate/Glints2/dict_0007_0179.uasset" 6991
"../../../Engine/Content/EngineMaterials/Substrate/Glints2/dict_0007_0180.uasset" 6992
"../../../Engine/Content/EngineMaterials/Substrate/Glints2/dict_0007_0181.uasset" 6993
"../../../Engine/Content/EngineMaterials/Substrate/Glints2/dict_0007_0182.uasset" 6994
"../../../Engine/Content/EngineMaterials/Substrate/Glints2/dict_0007_0183.uasset" 6995
"../../../Engine/Content/EngineMaterials/Substrate/Glints2/dict_0007_0184.uasset" 6996
"../../../Engine/Content/EngineMaterials/Substrate/Glints2/dict_0007_0185.uasset" 6997
"../../../Engine/Content/EngineMaterials/Substrate/Glints2/dict_0007_0186.uasset" 6998
"../../../Engine/Content/EngineMaterials/Substrate/Glints2/dict_0007_0187.uasset" 6999
"../../../Engine/Content/EngineMaterials/Substrate/Glints2/dict_0007_0188.uasset" 7000
"../../../Engine/Content/EngineMaterials/Substrate/Glints2/dict_0007_0189.uasset" 7001
"../../../Engine/Content/EngineMaterials/Substrate/Glints2/dict_0007_0190.uasset" 7002
"../../../Engine/Content/EngineMaterials/Substrate/Glints2/dict_0007_0191.uasset" 7003
"../../../Engine/Content/EngineMaterials/Substrate/Glints2/dict_0007_0192.uasset" 7004
"../../../Engine/Content/EngineMaterials/Substrate/Glints2/dict_0007_0193.uasset" 7005
"../../../Engine/Content/EngineMaterials/Substrate/Glints2/dict_0007_0194.uasset" 7006
"../../../Engine/Content/EngineMaterials/Substrate/Glints2/dict_0007_0195.uasset" 7007
"../../../Engine/Content/EngineMaterials/Substrate/Glints2/dict_0007_0196.uasset" 7008
"../../../Engine/Content/EngineMaterials/Substrate/Glints2/dict_0007_0197.uasset" 7009
"../../../Engine/Content/EngineMaterials/Substrate/Glints2/dict_0007_0198.uasset" 7010
"../../../Engine/Content/EngineMaterials/Substrate/Glints2/dict_0007_0199.uasset" 7011
"../../../Engine/Content/EngineMaterials/Substrate/Glints2/dict_0007_0200.uasset" 7012
"../../../Engine/Content/EngineMaterials/Substrate/Glints2/dict_0007_0201.uasset" 7013
"../../../Engine/Content/EngineMaterials/Substrate/Glints2/dict_0007_0202.uasset" 7014
"../../../Engine/Content/EngineMaterials/Substrate/Glints2/dict_0007_0203.uasset" 7015
"../../../Engine/Content/EngineMaterials/Substrate/Glints2/dict_0007_0204.uasset" 7016
"../../../Engine/Content/EngineMaterials/Substrate/Glints2/dict_0007_0205.uasset" 7017
"../../../Engine/Content/EngineMaterials/Substrate/Glints2/dict_0007_0206.uasset" 7018
"../../../Engine/Content/EngineMaterials/Substrate/Glints2/dict_0007_0207.uasset" 7019
"../../../Engine/Content/EngineMaterials/Substrate/Glints2/dict_0007_0208.uasset" 7020
"../../../Engine/Content/EngineMaterials/Substrate/Glints2/dict_0007_0209.uasset" 7021
"../../../Engine/Content/EngineMaterials/Substrate/Glints2/dict_0007_0210.uasset" 7022
"../../../Engine/Content/EngineMaterials/Substrate/Glints2/dict_0007_0211.uasset" 7023
"../../../Engine/Content/EngineMaterials/Substrate/Glints2/dict_0007_0212.uasset" 7024
"../../../Engine/Content/EngineMaterials/Substrate/Glints2/dict_0007_0213.uasset" 7025
"../../../Engine/Content/EngineMaterials/Substrate/Glints2/dict_0007_0214.uasset" 7026
"../../../Engine/Content/EngineMaterials/Substrate/Glints2/dict_0007_0215.uasset" 7027
"../../../Engine/Content/EngineMaterials/Substrate/Glints2/dict_0007_0216.uasset" 7028
"../../../Engine/Content/EngineMaterials/Substrate/Glints2/dict_0007_0217.uasset" 7029
"../../../Engine/Content/EngineMaterials/Substrate/Glints2/dict_0007_0218.uasset" 7030
"../../../Engine/Content/EngineMaterials/Substrate/Glints2/dict_0007_0219.uasset" 7031
"../../../Engine/Content/EngineMaterials/Substrate/Glints2/dict_0007_0220.uasset" 7032
"../../../Engine/Content/EngineMaterials/Substrate/Glints2/dict_0007_0221.uasset" 7033
"../../../Engine/Content/EngineMaterials/Substrate/Glints2/dict_0007_0222.uasset" 7034
"../../../Engine/Content/EngineMaterials/Substrate/Glints2/dict_0007_0223.uasset" 7035
"../../../Engine/Content/EngineMaterials/Substrate/Glints2/dict_0007_0224.uasset" 7036
"../../../Engine/Content/EngineMaterials/Substrate/Glints2/dict_0007_0225.uasset" 7037
"../../../Engine/Content/EngineMaterials/Substrate/Glints2/dict_0007_0226.uasset" 7038
"../../../Engine/Content/EngineMaterials/Substrate/Glints2/dict_0007_0227.uasset" 7039
"../../../Engine/Content/EngineMaterials/Substrate/Glints2/dict_0007_0228.uasset" 7040
"../../../Engine/Content/EngineMaterials/Substrate/Glints2/dict_0007_0229.uasset" 7041
"../../../Engine/Content/EngineMaterials/Substrate/Glints2/dict_0007_0230.uasset" 7042
"../../../Engine/Content/EngineMaterials/Substrate/Glints2/dict_0007_0231.uasset" 7043
"../../../Engine/Content/EngineMaterials/Substrate/Glints2/dict_0007_0232.uasset" 7044
"../../../Engine/Content/EngineMaterials/Substrate/Glints2/dict_0007_0233.uasset" 7045
"../../../Engine/Content/EngineMaterials/Substrate/Glints2/dict_0007_0234.uasset" 7046
"../../../Engine/Content/EngineMaterials/Substrate/Glints2/dict_0007_0235.uasset" 7047
"../../../Engine/Content/EngineMaterials/Substrate/Glints2/dict_0007_0236.uasset" 7048
"../../../Engine/Content/EngineMaterials/Substrate/Glints2/dict_0007_0237.uasset" 7049
"../../../Engine/Content/EngineMaterials/Substrate/Glints2/dict_0007_0238.uasset" 7050
"../../../Engine/Content/EngineMaterials/Substrate/Glints2/dict_0007_0239.uasset" 7051
"../../../Engine/Content/EngineMaterials/Substrate/Glints2/dict_0007_0240.uasset" 7052
"../../../Engine/Content/EngineMaterials/Substrate/Glints2/dict_0007_0241.uasset" 7053
"../../../Engine/Content/EngineMaterials/Substrate/Glints2/dict_0007_0242.uasset" 7054
"../../../Engine/Content/EngineMaterials/Substrate/Glints2/dict_0007_0243.uasset" 7055
"../../../Engine/Content/EngineMaterials/Substrate/Glints2/dict_0007_0244.uasset" 7056
"../../../Engine/Content/EngineMaterials/Substrate/Glints2/dict_0007_0245.uasset" 7057
"../../../Engine/Content/EngineMaterials/Substrate/Glints2/dict_0007_0246.uasset" 7058
"../../../Engine/Content/EngineMaterials/Substrate/Glints2/dict_0007_0247.uasset" 7059
"../../../Engine/Content/EngineMaterials/Substrate/Glints2/dict_0007_0248.uasset" 7060
"../../../Engine/Content/EngineMaterials/Substrate/Glints2/dict_0007_0249.uasset" 7061
"../../../Engine/Content/EngineMaterials/Substrate/Glints2/dict_0007_0250.uasset" 7062
"../../../Engine/Content/EngineMaterials/Substrate/Glints2/dict_0007_0251.uasset" 7063
"../../../Engine/Content/EngineMaterials/Substrate/Glints2/dict_0007_0252.uasset" 7064
"../../../Engine/Content/EngineMaterials/Substrate/Glints2/dict_0007_0253.uasset" 7065
"../../../Engine/Content/EngineMaterials/Substrate/Glints2/dict_0007_0254.uasset" 7066
"../../../Engine/Content/EngineMaterials/Substrate/Glints2/dict_0007_0255.uasset" 7067
"/Engine/EngineMaterials/Substrate/Volume/SubstrateSimpleVolumeLUT3D" 7068
"../../../Engine/Content/EngineMaterials/Substrate/Volume/SubstrateSimpleVolumeLUT2D.uasset" 7069
"/Engine/EngineMaterials/Substrate/Volume/SubstrateSimpleVolumeEnvLUT3D" 7070
"../../../Engine/Content/EngineMaterials/Substrate/Volume/SubstrateSimpleVolumeEnvLUT2D.uasset" 7071
"/Game/FirstPerson/Input/MobileControls" 7072
"/Engine/EngineMaterials/PPM_DefaultCalibrationColor" 7073
"/Engine/EngineMaterials/PPM_DefaultCalibrationGrayscale" 7074
"/InterchangeAssets/Functions/MX_Surface" 7075
"../../../Engine/Content/Functions/MaterialLayerFunctions/MatLayerBlend_OverrideOpacity.uasset" 7076
"/Game/StarterContent/Particles/Materials/M_Spark" 7077
"/Game/StarterContent/Particles/Materials/M_Radial_Gradient" 7078
"/Game/FirstPerson/FirstPersonArms/Animations/FP_Rifle_Run" 7079
"/Game/FirstPerson/FirstPersonArms/Animations/FP_Falling" 7080
"Z:/CreationLayer/ZombieRepo/Content/ObjectAssets/Materials/M_master.uasset" 7081
"Z:/CreationLayer/ZombieRepo/Content/FirstPerson/FirstPersonArms/Animations/FP_Rifle_Jump.uasset" 7082
"Z:/CreationLayer/ZombieRepo/Content/FirstPerson/FirstPersonArms/Animations/FP_Rifle_Falling.uasset" 7083
"Z:/CreationLayer/ZombieRepo/Content/BP/Enemies/Meshes/Ch10_body.uasset" 7084
"Z:/CreationLayer/ZombieRepo/Content/BP/Enemies/Anims/NormalZ/Running_Crawl.uasset" 7085
"Z:/CreationLayer/ZombieRepo/Content/FirstPerson/FirstPersonArms/Animations/FP_Rifle_Fire.uasset" 7086
"Z:/CreationLayer/ZombieRepo/Content/FirstPerson/FirstPersonArms/Animations/FP_Rifle_Land.uasset" 7087
"Z:/CreationLayer/ZombieRepo/Content/BP/Enemies/Meshes/Ch10_body1.uasset" 7088
"Z:/CreationLayer/ZombieRepo/Content/BP/Enemies/Meshes/CustomSmall/Anims/Idle.uasset" 7089
"Z:/CreationLayer/ZombieRepo/Content/BP/Enemies/Meshes/CustomSmall/Anims/Zombie_Kicking.uasset" 7090
"Z:/CreationLayer/ZombieRepo/Content/BP/Enemies/Meshes/CustomSmall/Anims/Standing_Dive_Forward.uasset" 7091
"Z:/CreationLayer/ZombieRepo/Content/BP/Enemies/Anims/Tank/Mutant_Jumping.uasset" 7092
"Z:/CreationLayer/ZombieRepo/Content/BP/Enemies/Anims/Tank/Mutant_Run.uasset" 7093
"Z:/CreationLayer/ZombieRepo/Content/BP/Enemies/Meshes/CustomSmall/Anims/Run.uasset" 7094
"../../../Engine/Content/EditorResources/FieldNodes/_Resources/MI_FieldVolumePreview.uasset" 7095
"Z:/CreationLayer/ZombieRepo/Content/BP/Enemies/Meshes/CustomSmall/Anims/Injured_Run_Jump.uasset" 7096
"Z:/CreationLayer/ZombieRepo/Content/BP/Enemies/Anims/Tank/Mutant_Swiping__R_.uasset" 7097
"Z:/CreationLayer/ZombieRepo/Content/ObjectAssets/FPWeapon/Materials/MaterialLayers/ML_SoftMetal_UE4.uasset" 7098
"../../../Engine/Content/Functions/MaterialLayerFunctions/MatLayerBlend_NormalBlend.uasset" 7099
"Z:/CreationLayer/ZombieRepo/Content/ObjectAssets/FPWeapon/Materials/MaterialLayers/ML_GlossyBlack_Latex_UE4.uasset" 7100
"Z:/CreationLayer/ZombieRepo/Content/BP/Enemies/Anims/Tank/Mutant_Swiping.uasset" 7101
"Z:/CreationLayer/ZombieRepo/Content/FirstPerson/FirstPersonArms/Character/Materials/Functions/CA_Mannequin.uasset" 7102
"Z:/CreationLayer/ZombieRepo/Content/BP/Enemies/Meshes/CustomSmall/Anims/Zombie_Attack.uasset" 7103
"../../../Engine/Content/EngineDebugMaterials/BoneWeightMaterial.uasset" 7104
"Z:/CreationLayer/ZombieRepo/Content/BP/Enemies/Anims/Tank/Idle.uasset" 7105
"../../../Engine/Plugins/2D/Paper2D/Content/TranslucentUnlitSpriteMaterial.uasset" 7106
"../../../Engine/Plugins/Interchange/Assets/Content/Functions/MX_StandardSurface.uasset" 7107
"/InterchangeAssets/Functions/MX_StandardSurface" 7108
"../../Plugins/Interchange/Assets/Content/Functions/MF_OrenNayerView.uasset" 7109
"../../Plugins/Interchange/Assets/Content/Functions/MF_SchlickApprox.uasset" 7110
"/Paper2D/TranslucentUnlitSpriteMaterial" 7111
"/Engine/EngineDebugMaterials/BoneWeightMaterial" 7112
"/Game/FirstPerson/FirstPersonArms/Character/Materials/Functions/CA_Mannequin" 7113
"/Game/ObjectAssets/FPWeapon/Materials/MaterialLayers/ML_GlossyBlack_Latex_UE4" 7114
"/Game/ObjectAssets/FPWeapon/Materials/MaterialLayers/ML_SoftMetal_UE4" 7115
"/Engine/Functions/MaterialLayerFunctions/MatLayerBlend_NormalBlend" 7116
"/Engine/EditorResources/FieldNodes/_Resources/MI_FieldVolumePreview" 7117
"/Game/BP/Enemies/Anims/Tank/Mutant_Swiping__R_" 7118
"/Game/BP/Enemies/Anims/Tank/Idle" 7119
"/Game/BP/Enemies/Anims/Tank/Mutant_Jumping" 7120
"/Game/BP/Enemies/Anims/Tank/Mutant_Run" 7121
"/Game/BP/Enemies/Anims/Tank/Mutant_Swiping" 7122
"/Game/ObjectAssets/Materials/M_master" 7123
"/Game/BP/Enemies/Meshes/CustomSmall/Anims/Zombie_Attack" 7124
"/Game/BP/Enemies/Meshes/CustomSmall/Anims/Run" 7125
"/Game/BP/Enemies/Meshes/CustomSmall/Anims/Zombie_Kicking" 7126
"/Game/BP/Enemies/Meshes/CustomSmall/Anims/Standing_Dive_Forward" 7127
"/Game/BP/Enemies/Meshes/CustomSmall/Anims/Injured_Run_Jump" 7128
"/Game/BP/Enemies/Meshes/CustomSmall/Anims/Idle" 7129
"/Game/BP/Enemies/Anims/NormalZ/Running_Crawl" 7130
"/Game/BP/Enemies/Meshes/Ch10_body" 7131
"/Game/BP/Enemies/Meshes/Ch10_body1" 7132
"/Game/FirstPerson/FirstPersonArms/Animations/FP_Rifle_Fire" 7133
"/Game/FirstPerson/FirstPersonArms/Animations/FP_Rifle_Falling" 7134
"/Game/FirstPerson/FirstPersonArms/Animations/FP_Rifle_Jump" 7135
"/Game/FirstPerson/FirstPersonArms/Animations/FP_Rifle_Land" 7136
"../../../Engine/Content/EditorSounds/GamePreview/EndSimulate_Cue.uasset" 7137
"Z:/CreationLayer/ZombieRepo/Content/ObjectAssets/Sounds/footstep-372877_Cue.uasset" 7138
"Z:/CreationLayer/ZombieRepo/Content/Sounds/SoundCue/FastChase_Cue.uasset" 7139
"Z:/CreationLayer/ZombieRepo/Content/Sounds/SoundCue/FastExplode_Cue.uasset" 7140
"Z:/CreationLayer/ZombieRepo/Content/Sounds/SoundCue/SlowZChase_Cue.uasset" 7141
"Z:/CreationLayer/ZombieRepo/Content/Sounds/SoundCue/RegZWalk_Cue.uasset" 7142
"Z:/CreationLayer/ZombieRepo/Content/FirstPerson/FirstPersonArms/Character/Materials/Functions/MF_logo3layers.uasset" 7143
"../../../Engine/Content/Maps/Entry.umap" 7144
"/Game/Sounds/SoundCue/SlowZChase_Cue" 7145
"../../../Engine/Plugins/Animation/ControlRig/Content/Controls/ControlRig_Wedge_solid.uasset" 7146
"../../../Engine/Plugins/Animation/ControlRig/Content/Controls/ControlRig_Triangle_solid.uasset" 7147
"../../../Engine/Plugins/Animation/ControlRig/Content/Controls/ControlRig_Wedge_1mm.uasset" 7148
"../../../Engine/Plugins/Animation/ControlRig/Content/Controls/ControlRig_Triangle_3mm.uasset" 7149
"../../../Engine/Plugins/Animation/ControlRig/Content/Controls/ControlRig_Wedge_3mm.uasset" 7150
"../../../Engine/Plugins/Animation/ControlRig/Content/Controls/ControlRig_Star4_solid.uasset" 7151
"../../../Engine/Plugins/Animation/ControlRig/Content/Controls/ControlRig_Triangle_1mm.uasset" 7152
"../../../Engine/Plugins/Animation/ControlRig/Content/Controls/ControlRig_Square_3mm.uasset" 7153
"../../../Engine/Plugins/Animation/ControlRig/Content/Controls/ControlRig_Square_solid.uasset" 7154
"../../../Engine/Plugins/Animation/ControlRig/Content/Controls/ControlRig_Star4_1mm.uasset" 7155
"../../../Engine/Plugins/Animation/ControlRig/Content/Controls/ControlRig_Square_1mm.uasset" 7156
"../../../Engine/Plugins/Animation/ControlRig/Content/Controls/ControlRig_Star4_3mm.uasset" 7157
"../../../Engine/Plugins/Animation/ControlRig/Content/Controls/ControlRig_RoundedTriangle_solid.uasset" 7158
"../../../Engine/Plugins/Animation/ControlRig/Content/Controls/ControlRig_RoundedTriangle_3mm.uasset" 7159
"../../../Engine/Plugins/Animation/ControlRig/Content/Controls/ControlRig_Sphere_1mm.uasset" 7160
"../../../Engine/Plugins/Animation/ControlRig/Content/Controls/ControlRig_Sphere_3mm.uasset" 7161
"../../../Engine/Plugins/Animation/ControlRig/Content/Controls/ControlRig_RoundedTriangle_1mm.uasset" 7162
"../../../Engine/Plugins/Animation/ControlRig/Content/Controls/ControlRig_RoundedSquare_solid.uasset" 7163
"/Game/Sounds/SoundCue/RegZWalk_Cue" 7164
"../../../Engine/Plugins/Animation/ControlRig/Content/Controls/ControlRig_RoundedSquare_3mm.uasset" 7165
"../../../Engine/Plugins/Animation/ControlRig/Content/Controls/ControlRig_RoundedSquare_1mm.uasset" 7166
"../../../Engine/Plugins/Animation/ControlRig/Content/Controls/ControlRig_QuarterCircle_solid.uasset" 7167
"../../../Engine/Plugins/Animation/ControlRig/Content/Controls/ControlRig_QuarterCircle_3mm.uasset" 7168
"../../../Engine/Plugins/Animation/ControlRig/Content/Controls/ControlRig_QuarterCircle_1mm.uasset" 7169
"/Game/ObjectAssets/Sounds/footstep-372877_Cue" 7170
"/Game/Sounds/SoundCue/FastChase_Cue" 7171
"/Game/Sounds/SoundCue/FastExplode_Cue" 7172
"/Engine/EditorSounds/GamePreview/EndSimulate_Cue" 7173
"/ControlRig/Controls/ControlRig_RoundedSquare_3mm" 7174
"/ControlRig/Controls/ControlRig_RoundedSquare_solid" 7175
"/ControlRig/Controls/ControlRig_RoundedTriangle_1mm" 7176
"/ControlRig/Controls/ControlRig_RoundedTriangle_3mm" 7177
"/ControlRig/Controls/ControlRig_RoundedTriangle_solid" 7178
"/ControlRig/Controls/ControlRig_Sphere_1mm" 7179
"/ControlRig/Controls/ControlRig_Sphere_3mm" 7180
"/ControlRig/Controls/ControlRig_Square_1mm" 7181
"/ControlRig/Controls/ControlRig_Square_3mm" 7182
"/ControlRig/Controls/ControlRig_Square_solid" 7183
"/ControlRig/Controls/ControlRig_Star4_1mm" 7184
"/ControlRig/Controls/ControlRig_QuarterCircle_1mm" 7185
"/ControlRig/Controls/ControlRig_QuarterCircle_3mm" 7186
"/ControlRig/Controls/ControlRig_QuarterCircle_solid" 7187
"/ControlRig/Controls/ControlRig_RoundedSquare_1mm" 7188
"/ControlRig/Controls/ControlRig_Star4_3mm" 7189
"/ControlRig/Controls/ControlRig_Star4_solid" 7190
"/ControlRig/Controls/ControlRig_Triangle_1mm" 7191
"/ControlRig/Controls/ControlRig_Triangle_3mm" 7192
"/ControlRig/Controls/ControlRig_Triangle_solid" 7193
"/ControlRig/Controls/ControlRig_Wedge_1mm" 7194
"/ControlRig/Controls/ControlRig_Wedge_3mm" 7195
"/ControlRig/Controls/ControlRig_Wedge_solid" 7196
"/Engine/Maps/Entry" 7197
"/Game/FirstPerson/FirstPersonArms/Character/Materials/Functions/MF_logo3layers" 7198
"../../../Engine/Plugins/Animation/ControlRig/Content/Controls/ControlRig_Pyramid_solid.uasset" 7199
"../../../Engine/Plugins/Animation/ControlRig/Content/Controls/ControlRig_Pyramid_1mm.uasset" 7200
"../../../Engine/Plugins/Animation/ControlRig/Content/Controls/ControlRig_Hexagon_solid.uasset" 7201
"../../../Engine/Plugins/Animation/ControlRig/Content/Controls/ControlRig_Hexagon_3mm.uasset" 7202
"../../../Engine/Plugins/Animation/ControlRig/Content/Controls/ControlRig_HalfCircle_3mm.uasset" 7203
"../../../Engine/Plugins/Animation/ControlRig/Content/Controls/ControlRig_Octagon_3mm.uasset" 7204
"../../../Engine/Plugins/Animation/ControlRig/Content/Controls/ControlRig_Pyramid_3mm.uasset" 7205
"../../../Engine/Plugins/Animation/ControlRig/Content/Controls/ControlRig_HalfCircle_solid.uasset" 7206
"../../../Engine/Plugins/Animation/ControlRig/Content/Controls/ControlRig_Hexagon_1mm.uasset" 7207
"../../../Engine/Plugins/Animation/ControlRig/Content/Controls/ControlRig_Octagon_1mm.uasset" 7208
"../../../Engine/Plugins/Animation/ControlRig/Content/Controls/ControlRig_Octagon_solid.uasset" 7209
"../../../Engine/Plugins/Animation/ControlRig/Content/Controls/ControlRig_Diamond_solid.uasset" 7210
"../../../Engine/Plugins/Animation/ControlRig/Content/Controls/ControlRig_HalfCircle_1mm.uasset" 7211
"../../../Engine/Plugins/Animation/ControlRig/Content/Controls/ControlRig_Diamond_1mm.uasset" 7212
"../../../Engine/Plugins/Animation/ControlRig/Content/Controls/ControlRig_Circle_3mm.uasset" 7213
"../../../Engine/Plugins/Animation/ControlRig/Content/Controls/ControlRig_Circle_solid.uasset" 7214
"../../../Engine/Plugins/Animation/ControlRig/Content/Controls/ControlRig_Diamond_3mm.uasset" 7215
"../../../Engine/Plugins/Animation/ControlRig/Content/Controls/ControlRig_Arrow_1mm.uasset" 7216
"../../../Engine/Plugins/Animation/ControlRig/Content/Controls/ControlRig_Box_3mm.uasset" 7217
"../../../Engine/Plugins/Animation/ControlRig/Content/Controls/ControlRig_Box_1mm.uasset" 7218
"../../../Engine/Plugins/Animation/ControlRig/Content/Controls/ControlRig_Arrow4_3mm.uasset" 7219
"../../../Engine/Plugins/Animation/ControlRig/Content/Controls/ControlRig_Arrow4_1mm.uasset" 7220
"../../../Engine/Plugins/Animation/ControlRig/Content/Controls/ControlRig_Circle_1mm.uasset" 7221
"../../../Engine/Plugins/Animation/ControlRig/Content/Controls/ControlRig_Arrow_solid.uasset" 7222
"../../../Engine/Plugins/Animation/ControlRig/Content/Controls/ControlRig_Arrow_3mm.uasset" 7223
"../../../Engine/Plugins/Animation/ControlRig/Content/Controls/ControlRig_Arrow4_solid.uasset" 7224
"../../../Engine/Plugins/Animation/ControlRig/Content/Controls/ControlRig_Box_solid.uasset" 7225
"../../../Engine/Plugins/Animation/ControlRig/Content/Controls/ControlRig_Arrow2_3mm.uasset" 7226
"../../../Engine/Plugins/Animation/ControlRig/Content/Controls/ControlRig_Arrow2_solid.uasset" 7227
"../../../Engine/Plugins/Animation/ControlRig/Content/Controls/ControlRig_Arrow2_1mm.uasset" 7228
"../../../Engine/Plugins/Animation/ControlRig/Content/Controls/ControlRig_Sphere_solid.uasset" 7229
"/ControlRig/Controls/ControlRig_Arrow4_solid" 7230
"/ControlRig/Controls/ControlRig_Arrow_1mm" 7231
"/ControlRig/Controls/ControlRig_Arrow_3mm" 7232
"/ControlRig/Controls/ControlRig_Arrow_solid" 7233
"/ControlRig/Controls/ControlRig_Box_1mm" 7234
"/ControlRig/Controls/ControlRig_Box_3mm" 7235
"/ControlRig/Controls/ControlRig_Box_solid" 7236
"/ControlRig/Controls/ControlRig_Circle_1mm" 7237
"/ControlRig/Controls/ControlRig_Circle_3mm" 7238
"/ControlRig/Controls/ControlRig_Circle_solid" 7239
"/ControlRig/Controls/ControlRig_Diamond_1mm" 7240
"/ControlRig/Controls/ControlRig_Diamond_3mm" 7241
"/ControlRig/Controls/ControlRig_Diamond_solid" 7242
"/ControlRig/Controls/ControlRig_HalfCircle_1mm" 7243
"/ControlRig/Controls/ControlRig_HalfCircle_3mm" 7244
"/ControlRig/Controls/ControlRig_HalfCircle_solid" 7245
"/ControlRig/Controls/ControlRig_Hexagon_1mm" 7246
"/ControlRig/Controls/ControlRig_Hexagon_3mm" 7247
"/ControlRig/Controls/ControlRig_Hexagon_solid" 7248
"/ControlRig/Controls/ControlRig_Octagon_1mm" 7249
"/ControlRig/Controls/ControlRig_Octagon_3mm" 7250
"/ControlRig/Controls/ControlRig_Octagon_solid" 7251
"/ControlRig/Controls/ControlRig_Pyramid_1mm" 7252
"/ControlRig/Controls/ControlRig_Pyramid_3mm" 7253
"/ControlRig/Controls/ControlRig_Pyramid_solid" 7254
"/ControlRig/Controls/ControlRig_Sphere_solid" 7255
"/ControlRig/Controls/ControlRig_Arrow2_1mm" 7256
"/ControlRig/Controls/ControlRig_Arrow2_3mm" 7257
"/ControlRig/Controls/ControlRig_Arrow2_solid" 7258
"/ControlRig/Controls/ControlRig_Arrow4_1mm" 7259
"/ControlRig/Controls/ControlRig_Arrow4_3mm" 7260
"Z:/CreationLayer/ZombieRepo/Content/FirstPerson/FirstPersonArms/Animations/FP_Rifle_Shoot_Montage.uasset" 7261
"Z:/CreationLayer/ZombieRepo/Content/BP/Enemies/Meshes/CustomSmall/Anims/AM_Roll.uasset" 7262
"Z:/CreationLayer/ZombieRepo/Content/BP/Enemies/Meshes/CustomSmall/Anims/AM_ZomKick.uasset" 7263
"Z:/CreationLayer/ZombieRepo/Content/BP/Enemies/Meshes/CustomSmall/Anims/AM_ZomAtk1.uasset" 7264
"Z:/CreationLayer/ZombieRepo/Content/BP/Enemies/Meshes/CustomSmall/Tex/MI_PlaidYellow.uasset" 7265
"Z:/CreationLayer/ZombieRepo/Content/BP/Enemies/Meshes/CustomTank/MI_Shoes.uasset" 7266
"Z:/CreationLayer/ZombieRepo/Content/BP/Enemies/Meshes/CustomSmall/Tex/MI_PlaidRed.uasset" 7267
"Z:/CreationLayer/ZombieRepo/Content/BP/Enemies/Meshes/CustomSmall/Tex/MI_Plaid.uasset" 7268
"Z:/CreationLayer/ZombieRepo/Content/BP/Enemies/Meshes/CustomTank/MI_Torso.uasset" 7269
"Z:/CreationLayer/ZombieRepo/Content/BP/Enemies/Meshes/Zombie_Idle.uasset" 7270
"Z:/CreationLayer/ZombieRepo/Content/BP/Enemies/Meshes/CustomTank/MI_Pants.uasset" 7271
"Z:/CreationLayer/ZombieRepo/Content/BP/Enemies/Meshes/CustomTank/MI_BeltLoops.uasset" 7272
"Z:/CreationLayer/ZombieRepo/Content/BP/Enemies/Meshes/CustomTank/MI_Laces.uasset" 7273
"Z:/CreationLayer/ZombieRepo/Content/BP/Enemies/Meshes/CustomTank/MI_Gums.uasset" 7274
"Z:/CreationLayer/ZombieRepo/Content/BP/Enemies/Anims/Tank/Mutant_Swiping_Montage.uasset" 7275
"Z:/CreationLayer/ZombieRepo/Content/BP/Enemies/Meshes/CustomSmall/Tex/MI_Skin.uasset" 7276
"Z:/CreationLayer/ZombieRepo/Content/StarterContent/Particles/P_Fire.uasset" 7277
"Z:/CreationLayer/ZombieRepo/Content/BP/Enemies/Anims/Tank/Mutant_Swiping__R__Montage.uasset" 7278
"Z:/CreationLayer/ZombieRepo/Content/ObjectAssets/Images/ammo_Sprite_1.uasset" 7279
"Z:/CreationLayer/ZombieRepo/Content/FirstPerson/FirstPersonArms/Character/Materials/Functions/MF_Diffraction.uasset" 7280
"Z:/CreationLayer/ZombieRepo/Content/ObjectAssets/FPWeapon/Materials/M_FPGun.uasset" 7281
"Z:/CreationLayer/ZombieRepo/Content/ObjectAssets/Images/ammo_Sprite_2.uasset" 7282
"Z:/CreationLayer/ZombieRepo/Content/ObjectAssets/Images/ammo_Sprite_14.uasset" 7283
"../../../Engine/Plugins/Interchange/Assets/Content/gltf/M_Unlit.uasset" 7284
"../../../Engine/Plugins/Interchange/Assets/Content/Functions/MX_OpenPBR_Opaque.uasset" 7285
"Z:/CreationLayer/ZombieRepo/Content/StarterContent/Particles/P_Sparks.uasset" 7286
"Z:/CreationLayer/ZombieRepo/Content/BP/Enemies/Meshes/CustomTank/MI_Belt.uasset" 7287
"Z:/CreationLayer/ZombieRepo/Content/BP/Enemies/Meshes/CustomTank/MI_Eyes.uasset" 7288
"Z:/CreationLayer/ZombieRepo/Content/BP/Enemies/Meshes/CustomTank/MI_Teeth.uasset" 7289
"/InterchangeAssets/gltf/M_Unlit" 7290
"/InterchangeAssets/Functions/MX_OpenPBR_Opaque" 7291
"/Game/ObjectAssets/Images/ammo_Sprite_14" 7292
"/Game/ObjectAssets/Images/ammo_Sprite_2" 7293
"/Game/ObjectAssets/Images/ammo_Sprite_1" 7294
"/Game/FirstPerson/FirstPersonArms/Character/Materials/Functions/MF_Diffraction" 7295
"/Game/ObjectAssets/FPWeapon/Materials/M_FPGun" 7296
"/Game/BP/Enemies/Anims/Tank/Mutant_Swiping__R__Montage" 7297
"/Game/BP/Enemies/Anims/Tank/Mutant_Swiping_Montage" 7298
"/Game/BP/Enemies/Meshes/CustomTank/MI_Eyes" 7299
"/Game/BP/Enemies/Meshes/CustomTank/MI_Teeth" 7300
"/Game/BP/Enemies/Meshes/CustomTank/MI_Belt" 7301
"/Game/BP/Enemies/Meshes/CustomTank/MI_Gums" 7302
"/Game/BP/Enemies/Meshes/CustomTank/MI_BeltLoops" 7303
"/Game/BP/Enemies/Meshes/CustomTank/MI_Laces" 7304
"/Game/BP/Enemies/Meshes/CustomTank/MI_Torso" 7305
"/Game/BP/Enemies/Meshes/CustomSmall/Tex/MI_Plaid" 7306
"/Game/BP/Enemies/Meshes/CustomTank/MI_Shoes" 7307
"/Game/BP/Enemies/Meshes/CustomSmall/Tex/MI_Skin" 7308
"/Game/BP/Enemies/Meshes/CustomSmall/Tex/MI_PlaidRed" 7309
"/Game/BP/Enemies/Meshes/CustomTank/MI_Pants" 7310
"/Game/BP/Enemies/Meshes/CustomSmall/Tex/MI_PlaidYellow" 7311
"/Game/BP/Enemies/Meshes/CustomSmall/Anims/AM_ZomAtk1" 7312
"/Game/BP/Enemies/Meshes/CustomSmall/Anims/AM_ZomKick" 7313
"/Game/BP/Enemies/Meshes/CustomSmall/Anims/AM_Roll" 7314
"/Game/BP/Enemies/Meshes/Zombie_Idle" 7315
"/Game/FirstPerson/FirstPersonArms/Animations/FP_Rifle_Shoot_Montage" 7316
"/Game/StarterContent/Particles/P_Sparks" 7317
"/Game/StarterContent/Particles/P_Fire" 7318
"Z:/CreationLayer/ZombieRepo/Content/BP/Enemies/Meshes/CustomSmall/TZombie.uasset" 7319
"../../../Engine/Plugins/Interchange/Assets/Content/Functions/MX_TransmissionSurface.uasset" 7320
"Z:/CreationLayer/ZombieRepo/Content/BP/Enemies/Meshes/CustomTank/TankMesh.uasset" 7321
"Z:/CreationLayer/ZombieRepo/Content/ObjectAssets/FPWeapon/Mesh/SK_FPGun.uasset" 7322
"Z:/CreationLayer/ZombieRepo/Content/FirstPerson/FirstPersonArms/Character/Materials/M_Mannequin.uasset" 7323
"../../../Engine/Plugins/Interchange/Assets/Content/gltf/MaterialInstances/MI_Unlit_Blend_DS.uasset" 7324
"../../../Engine/Plugins/Interchange/Assets/Content/gltf/MaterialInstances/MI_Unlit_Mask_DS.uasset" 7325
"../../../Engine/Plugins/Interchange/Assets/Content/gltf/MaterialInstances/MI_Unlit_Opaque_DS.uasset" 7326
"../../../Engine/Plugins/Interchange/Assets/Content/gltf/MaterialInstances/MI_Unlit_Blend.uasset" 7327
"../../../Engine/Plugins/Interchange/Assets/Content/gltf/MaterialInstances/MI_Unlit_Mask.uasset" 7328
"../../../Engine/Plugins/Interchange/Assets/Content/gltf/MaterialInstances/MI_Unlit_Opaque.uasset" 7329
"../../../Engine/Plugins/Interchange/Assets/Content/Functions/MX_OpenPBR_Translucent.uasset" 7330
"/InterchangeAssets/Functions/MX_OpenPBR_Translucent" 7331
"../../Plugins/Interchange/Assets/Content/Functions/MX_Transmission.uasset" 7332
"../../../Engine/Content/Functions/Engine_MaterialFunctions01/Volumetrics/BeersLaw.uasset" 7333
"/InterchangeAssets/gltf/MaterialInstances/MI_Unlit_Opaque" 7334
"/InterchangeAssets/gltf/MaterialInstances/MI_Unlit_Mask" 7335
"/InterchangeAssets/gltf/MaterialInstances/MI_Unlit_Blend" 7336
"/InterchangeAssets/gltf/MaterialInstances/MI_Unlit_Opaque_DS" 7337
"/InterchangeAssets/gltf/MaterialInstances/MI_Unlit_Mask_DS" 7338
"/InterchangeAssets/gltf/MaterialInstances/MI_Unlit_Blend_DS" 7339
"/Game/FirstPerson/FirstPersonArms/Character/Materials/M_Mannequin" 7340
"/Game/ObjectAssets/FPWeapon/Mesh/SK_FPGun" 7341
"/Game/BP/Enemies/Meshes/CustomTank/TankMesh" 7342
"/Game/BP/Enemies/Meshes/CustomSmall/TZombie" 7343
"Z:/CreationLayer/ZombieRepo/Content/FirstPerson/FirstPersonArms/Character/Materials/Instances/Manny/MI_Manny_01.uasset" 7344
"../../../Engine/Plugins/Interchange/Assets/Content/gltf/M_Default.uasset" 7345
"../../../Engine/Plugins/Interchange/Assets/Content/gltf/M_SpecularGlossiness.uasset" 7346
"../../../Engine/Plugins/Interchange/Assets/Content/gltf/M_Sheen.uasset" 7347
"Z:/CreationLayer/ZombieRepo/Content/FirstPerson/FirstPersonArms/Character/Materials/Instances/Manny/MI_Manny_02.uasset" 7348
"../../../Engine/Plugins/Interchange/Assets/Content/gltf/MaterialInstances/MI_SpecularGlossiness_Opaque.uasset" 7349
"../../../Engine/Plugins/Interchange/Assets/Content/gltf/MaterialInstances/MI_SpecularGlossiness_Opaque_DS.uasset" 7350
"../../../Engine/Plugins/Interchange/Assets/Content/gltf/M_ClearCoat.uasset" 7351
"../../../Engine/Plugins/Interchange/Assets/Content/gltf/MaterialInstances/MI_SpecularGlossiness_Mask_DS.uasset" 7352
"../../../Engine/Plugins/Interchange/Assets/Content/gltf/M_Transmission.uasset" 7353
"../../../Engine/Plugins/Interchange/Assets/Content/gltf/MaterialInstances/MI_SpecularGlossiness_Blend_DS.uasset" 7354
"../../../Engine/Plugins/Interchange/Assets/Content/gltf/MaterialInstances/MI_SpecularGlossiness_Blend.uasset" 7355
"../../../Engine/Plugins/Interchange/Assets/Content/gltf/MaterialInstances/MI_Transmission_DS.uasset" 7356
"../../../Engine/Plugins/Interchange/Assets/Content/gltf/MaterialInstances/MI_Transmission.uasset" 7357
"../../../Engine/Plugins/Interchange/Assets/Content/gltf/MaterialInstances/MI_SpecularGlossiness_Mask.uasset" 7358
"../../../Engine/Plugins/Interchange/Assets/Content/gltf/MaterialInstances/MI_Sheen_Blend_DS.uasset" 7359
"../../../Engine/Plugins/Interchange/Assets/Content/gltf/MaterialInstances/MI_Sheen_Blend.uasset" 7360
"../../../Engine/Plugins/Interchange/Assets/Content/gltf/MaterialInstances/MI_Sheen_Mask.uasset" 7361
"../../../Engine/Plugins/Interchange/Assets/Content/gltf/MaterialInstances/MI_Sheen_Mask_DS.uasset" 7362
"../../../Engine/Plugins/Interchange/Assets/Content/gltf/MaterialInstances/MI_ClearCoat_Blend_DS.uasset" 7363
"../../../Engine/Plugins/Interchange/Assets/Content/gltf/MaterialInstances/MI_Sheen_Opaque_DS.uasset" 7364
"../../../Engine/Plugins/Interchange/Assets/Content/gltf/MaterialInstances/MI_Default_Blend_DS.uasset" 7365
"../../../Engine/Plugins/Interchange/Assets/Content/gltf/MaterialInstances/MI_ClearCoat_Blend.uasset" 7366
"../../../Engine/Plugins/Interchange/Assets/Content/gltf/MaterialInstances/MI_Sheen_Opaque.uasset" 7367
"../../../Engine/Plugins/Interchange/Assets/Content/gltf/MaterialInstances/MI_Default_Mask_DS.uasset" 7368
"../../../Engine/Plugins/Interchange/Assets/Content/gltf/MaterialInstances/MI_Default_Mask.uasset" 7369
"../../../Engine/Plugins/Interchange/Assets/Content/gltf/MaterialInstances/MI_Default_Opaque_DS.uasset" 7370
"../../../Engine/Plugins/Interchange/Assets/Content/gltf/MaterialInstances/MI_ClearCoat_Opaque_DS.uasset" 7371
"../../../Engine/Plugins/Interchange/Assets/Content/gltf/MaterialInstances/MI_ClearCoat_Mask_DS.uasset" 7372
"../../../Engine/Plugins/Interchange/Assets/Content/gltf/MaterialInstances/MI_Default_Blend.uasset" 7373
"../../../Engine/Plugins/Interchange/Assets/Content/gltf/MaterialInstances/MI_ClearCoat_Opaque.uasset" 7374
"../../../Engine/Plugins/Interchange/Assets/Content/gltf/MaterialInstances/MI_ClearCoat_Mask.uasset" 7375
"/InterchangeAssets/gltf/MaterialInstances/MI_Default_Blend" 7376
"/InterchangeAssets/gltf/MaterialInstances/MI_Default_Opaque_DS" 7377
"/InterchangeAssets/gltf/MaterialInstances/MI_Default_Mask_DS" 7378
"/InterchangeAssets/gltf/MaterialInstances/MI_Default_Blend_DS" 7379
"/InterchangeAssets/gltf/MaterialInstances/MI_ClearCoat_Opaque" 7380
"/InterchangeAssets/gltf/MaterialInstances/MI_ClearCoat_Mask" 7381
"/InterchangeAssets/gltf/MaterialInstances/MI_ClearCoat_Blend" 7382
"/InterchangeAssets/gltf/MaterialInstances/MI_ClearCoat_Opaque_DS" 7383
"/InterchangeAssets/gltf/MaterialInstances/MI_ClearCoat_Mask_DS" 7384
"/InterchangeAssets/gltf/MaterialInstances/MI_ClearCoat_Blend_DS" 7385
"/InterchangeAssets/gltf/MaterialInstances/MI_Sheen_Opaque" 7386
"/InterchangeAssets/gltf/MaterialInstances/MI_Default_Mask" 7387
"/InterchangeAssets/gltf/MaterialInstances/MI_Sheen_Mask" 7388
"/InterchangeAssets/gltf/MaterialInstances/MI_Sheen_Blend" 7389
"/InterchangeAssets/gltf/MaterialInstances/MI_Sheen_Opaque_DS" 7390
"/InterchangeAssets/gltf/MaterialInstances/MI_Sheen_Mask_DS" 7391
"/InterchangeAssets/gltf/MaterialInstances/MI_Sheen_Blend_DS" 7392
"/InterchangeAssets/gltf/MaterialInstances/MI_Transmission" 7393
"/InterchangeAssets/gltf/MaterialInstances/MI_Transmission_DS" 7394
"/InterchangeAssets/gltf/MaterialInstances/MI_SpecularGlossiness_Opaque" 7395
"/InterchangeAssets/gltf/MaterialInstances/MI_SpecularGlossiness_Mask" 7396
"/InterchangeAssets/gltf/MaterialInstances/MI_SpecularGlossiness_Blend" 7397
"/InterchangeAssets/gltf/MaterialInstances/MI_SpecularGlossiness_Opaque_DS" 7398
"/InterchangeAssets/gltf/MaterialInstances/MI_SpecularGlossiness_Mask_DS" 7399
"/InterchangeAssets/gltf/MaterialInstances/MI_SpecularGlossiness_Blend_DS" 7400
"/Game/FirstPerson/FirstPersonArms/Character/Materials/Instances/Manny/MI_Manny_02" 7401
"Z:/CreationLayer/ZombieRepo/Content/FirstPerson/Blueprints/BP_FirstPersonCharacter.uasset" 7402
"Z:/CreationLayer/ZombieRepo/Content/FirstPerson/FirstPersonArms/Character/Mesh/SK_Mannequin_Arms.uasset" 7403
"Z:/CreationLayer/ZombieRepo/Content/FirstPerson/FirstPersonArms/Animations/FirstPerson_AnimBP.uasset" 7404
"Z:/CreationLayer/ZombieRepo/Content/WBP/HUD/WBP_HUD.uasset" 7405
"../../../Engine/Plugins/Interchange/Assets/Content/gltf/MaterialInstances/MI_Default_Opaque.uasset" 7406
"../../../Engine/Content/EngineSounds/Submixes/MasterEQSubmixDefault.uasset" 7407
"Z:/CreationLayer/ZombieRepo/Content/BP/Pooled/BP_PooledCharacter.uasset" 7408
"Z:/CreationLayer/ZombieRepo/Content/BP/Objects/BP_ZombieManager.uasset" 7409
"../../../Engine/Content/EngineSounds/Submixes/MasterSubmixDefault.uasset" 7410
"Z:/CreationLayer/ZombieRepo/Content/WBP/HUD/WBP_Pause.uasset" 7411
"Z:/CreationLayer/ZombieRepo/Content/WBP/HUD/WBP_PauseOptions.uasset" 7412
"Z:/CreationLayer/ZombieRepo/Content/BP/Enemies/AI/BigZombie/BP_ZombieSeeker.uasset" 7413
"../../../Engine/Content/EngineSounds/Submixes/MasterReverbSubmixDefault.uasset" 7414
"Z:/CreationLayer/ZombieRepo/Content/BP/Objects/BP_ZombieSpawn.uasset" 7415
"Z:/CreationLayer/ZombieRepo/Content/BP/Enemies/AI/BigZombie/BP_ZombieBig.uasset" 7416
"Z:/CreationLayer/ZombieRepo/Content/BP/Enemies/AI/Behavior/BT/BTTasks/BTT_Attack2.uasset" 7417
"Z:/CreationLayer/ZombieRepo/Content/BP/Enemies/AI/Behavior/BT/BT_ZombieBase.uasset" 7418
"Z:/CreationLayer/ZombieRepo/Content/BP/Enemies/Anims/ABPs/ABP_Tank.uasset" 7419
"Z:/CreationLayer/ZombieRepo/Content/BP/Enemies/AI/Behavior/BD/BD_ZombieBase.uasset" 7420
"Z:/CreationLayer/ZombieRepo/Content/BP/Enemies/AI/Behavior/BT/BTTasks/BTT_DefaultAttack.uasset" 7421
"Z:/CreationLayer/ZombieRepo/Content/BP/Objects/BP_Objective.uasset" 7422
"Z:/CreationLayer/ZombieRepo/Content/BP/Enemies/Anims/ABPs/ABP_TZombie.uasset" 7423
"Z:/CreationLayer/ZombieRepo/Content/BP/Enemies/AI/Behavior/Controller/AIC_ZombieBig.uasset" 7424
"Z:/CreationLayer/ZombieRepo/Content/BP/Enemies/AI/Behavior/Controller/AIC_ZombieSeeker.uasset" 7425
"Z:/CreationLayer/ZombieRepo/Content/BP/Enemies/AI/Behavior/Controller/AIC_Quickster.uasset" 7426
"Z:/CreationLayer/ZombieRepo/Content/BP/Enemies/Anims/ABPs/ABP_TZombieQuicksta.uasset" 7427
"Z:/CreationLayer/ZombieRepo/Content/BP/Enemies/AI/Behavior/Controller/AIC_ZombieBase.uasset" 7428
"Z:/CreationLayer/ZombieRepo/Content/BP/Enemies/Anims/ABPs/ABP_Zombie.uasset" 7429
"Z:/CreationLayer/ZombieRepo/Content/BP/Pooled/AC_CharacterPool.uasset" 7430
"Z:/CreationLayer/ZombieRepo/Content/FirstPerson/Blueprints/BP_Weapon_PG.uasset" 7431
"Z:/CreationLayer/ZombieRepo/Content/BP/Enemies/AI/Zombie/BP_Quickster.uasset" 7432
"Z:/CreationLayer/ZombieRepo/Content/BP/Enemies/AI/Zombie/BP_ZombieBase.uasset" 7433
"/Game/BP/Enemies/Anims/ABPs/ABP_Zombie" 7434
"../../../Engine/Content/EditorBlueprintResources/StandardMacros.uasset" 7435
"../../../../CreationLayer/ZombieRepo/Content/Sounds/SoundSource/Icantbelieve.uasset" 7436
"../../../../CreationLayer/ZombieRepo/Content/BP/Enemies/AI/Behavior/EQS/EQS_FindObjective.uasset" 7437
"../../../../CreationLayer/ZombieRepo/Content/BP/Enemies/AI/Behavior/BT/BT_ZombieBig.uasset" 7438
"/Engine/EngineSounds/Submixes/MasterReverbSubmixDefault" 7439
"/InterchangeAssets/gltf/MaterialInstances/MI_Default_Opaque" 7440
"Z:/CreationLayer/ZombieRepo/Content/WBP/MainMenu/WBP_MainMenu.uasset" 7441
"Z:/CreationLayer/ZombieRepo/Content/FirstPerson/Blueprints/BP_FirstPersonGameMode.uasset" 7442
"Z:/CreationLayer/ZombieRepo/Content/GameModes/EndlessMode.uasset" 7443
"Z:/CreationLayer/ZombieRepo/Content/__ExternalObjects__/LevelPrototyping/Levels/DevRooms/TestRoom1/8/GW/7WIQCUH532FWQDYTRIIIWL.uasset" 7444
"Z:/CreationLayer/ZombieRepo/Content/WBP/HUD/WBP_Endless.uasset" 7445
"Z:/CreationLayer/ZombieRepo/Content/WBP/HUD/WBP_Survival.uasset" 7446
"Z:/CreationLayer/ZombieRepo/Content/LevelPrototyping/Levels/DevRooms/TestRoom3.umap" 7447
"Z:/CreationLayer/ZombieRepo/Content/WBP/HUD/WBP_Objective.uasset" 7448
"Z:/CreationLayer/ZombieRepo/Content/LevelPrototyping/Levels/DevRooms/TestRoom2.umap" 7449
"Z:/CreationLayer/ZombieRepo/Content/GameModes/ObjectiveMode.uasset" 7450
"Z:/CreationLayer/ZombieRepo/Content/__ExternalObjects__/LevelPrototyping/Levels/DevRooms/TestRoom1/9/4Q/MB0J9K3CZKX9DZH1424YCG.uasset" 7451
"Z:/CreationLayer/ZombieRepo/Content/__ExternalObjects__/LevelPrototyping/Levels/DevRooms/TestRoom1/9/GQ/OOCRG92CRHK055ZDZJWLXA.uasset" 7452
"Z:/CreationLayer/ZombieRepo/Content/__ExternalObjects__/LevelPrototyping/Levels/DevRooms/TestRoom1/9/NE/XB2LRYEGUVD7WT6Y43CY6J.uasset" 7453
"Z:/CreationLayer/ZombieRepo/Content/GameModes/GM_MainMenu.uasset" 7454
"Z:/CreationLayer/ZombieRepo/Content/__ExternalObjects__/LevelPrototyping/Levels/DevRooms/TestRoom1/5/ZP/7PQ9K07RSO6P7N7QK9S88B.uasset" 7455
"Z:/CreationLayer/ZombieRepo/Content/__ExternalObjects__/LevelPrototyping/Levels/DevRooms/TestRoom1/E/3U/IOD51TT13RVNOKDW1KUMRD.uasset" 7456
"Z:/CreationLayer/ZombieRepo/Content/__ExternalObjects__/LevelPrototyping/Levels/DevRooms/TestRoom1/0/17/7TW7SJDXFZW1Y9841NG8HA.uasset" 7457
"Z:/CreationLayer/ZombieRepo/Content/LevelPrototyping/Levels/DevRooms/TestRoom1.umap" 7458
"Z:/CreationLayer/ZombieRepo/Content/__ExternalObjects__/LevelPrototyping/Levels/DevRooms/TestRoom2/5/G3/U9AVD1A2JL4WQG4ZXX2SWF.uasset" 7459
"Z:/CreationLayer/ZombieRepo/Content/__ExternalObjects__/LevelPrototyping/Levels/DevRooms/TestRoom2/E/F2/I070SSIPBHDF0DC114SRNA.uasset" 7460
"Z:/CreationLayer/ZombieRepo/Content/LevelPrototyping/Levels/GameMaps/Main_Menu.umap" 7461
"Z:/CreationLayer/ZombieRepo/Content/__ExternalObjects__/LevelPrototyping/Levels/DevRooms/TestRoom2/6/E8/M704SAQD8SJ1W6LCEWSLZ4.uasset" 7462
"Z:/CreationLayer/ZombieRepo/Content/__ExternalObjects__/LevelPrototyping/Levels/DevRooms/TestRoom2/3/W5/BMD9LAVM3EMYKNVJV1G3IX.uasset" 7463
"Z:/CreationLayer/ZombieRepo/Content/GameModes/SurvivalMode.uasset" 7464
"Z:/CreationLayer/ZombieRepo/Content/__ExternalObjects__/LevelPrototyping/Levels/DevRooms/TestRoom1/8/7Q/RE489DIZT9OSGU62W9XMW2.uasset" 7465
"Z:/CreationLayer/ZombieRepo/Content/__ExternalObjects__/LevelPrototyping/Levels/DevRooms/TestRoom2/B/WJ/NFZC3G0XVTHQPS7E3U5BL9.uasset" 7466
"Z:/CreationLayer/ZombieRepo/Content/__ExternalObjects__/LevelPrototyping/Levels/DevRooms/TestRoom2/6/JO/7WOJ72N8V52FH6Q1N2W57T.uasset" 7467
"Z:/CreationLayer/ZombieRepo/Content/__ExternalObjects__/LevelPrototyping/Levels/DevRooms/TestRoom2/3/CO/UI1PKGW6WNM62F1P8JAF00.uasset" 7468
"Z:/CreationLayer/ZombieRepo/Content/__ExternalObjects__/LevelPrototyping/Levels/DevRooms/TestRoom2/E/LR/BEP38TE03AGPW9O1VYU547.uasset" 7469
"Z:/CreationLayer/ZombieRepo/Content/__ExternalObjects__/LevelPrototyping/Levels/DevRooms/TestRoom2/A/5Z/YN8PT2PUOGZQE8L5V8XBQA.uasset" 7470
"Z:/CreationLayer/ZombieRepo/Content/__ExternalObjects__/LevelPrototyping/Levels/DevRooms/TestRoom2/9/K4/3VQOJJZ6YILM9D6O2V8V0P.uasset" 7471
"/Game/__ExternalObjects__/LevelPrototyping/Levels/DevRooms/TestRoom2/9/K4/3VQOJJZ6YILM9D6O2V8V0P" 7472
"../../../Engine/Content/Maps/Templates/HLODs/HLODLayer_Instanced.uasset" 7473
"../../../Engine/Content/Maps/Templates/HLODs/HLODLayer_Merged.uasset" 7474
"../../../../CreationLayer/ZombieRepo/Content/__ExternalActors__/LevelPrototyping/Levels/DevRooms/TestRoom2/9/K4/MIRLI2586YJ9X5K9X2A4JV.uasset" 7475
"/Game/__ExternalObjects__/LevelPrototyping/Levels/DevRooms/TestRoom2/6/JO/7WOJ72N8V52FH6Q1N2W57T" 7476
"/Game/__ExternalObjects__/LevelPrototyping/Levels/DevRooms/TestRoom2/A/5Z/YN8PT2PUOGZQE8L5V8XBQA" 7477
"/Game/__ExternalObjects__/LevelPrototyping/Levels/DevRooms/TestRoom2/3/W5/BMD9LAVM3EMYKNVJV1G3IX" 7478
"/Game/__ExternalObjects__/LevelPrototyping/Levels/DevRooms/TestRoom2/3/CO/UI1PKGW6WNM62F1P8JAF00" 7479
"/Game/__ExternalObjects__/LevelPrototyping/Levels/DevRooms/TestRoom2/E/LR/BEP38TE03AGPW9O1VYU547" 7480
"/Game/__ExternalObjects__/LevelPrototyping/Levels/DevRooms/TestRoom2/E/F2/I070SSIPBHDF0DC114SRNA" 7481
"/Game/__ExternalObjects__/LevelPrototyping/Levels/DevRooms/TestRoom2/B/WJ/NFZC3G0XVTHQPS7E3U5BL9" 7482
"/Game/__ExternalObjects__/LevelPrototyping/Levels/DevRooms/TestRoom2/6/E8/M704SAQD8SJ1W6LCEWSLZ4" 7483
"/Game/__ExternalObjects__/LevelPrototyping/Levels/DevRooms/TestRoom2/5/G3/U9AVD1A2JL4WQG4ZXX2SWF" 7484
"/Game/__ExternalObjects__/LevelPrototyping/Levels/DevRooms/TestRoom1/E/3U/IOD51TT13RVNOKDW1KUMRD" 7485
"../../../../CreationLayer/ZombieRepo/Content/__ExternalActors__/LevelPrototyping/Levels/DevRooms/TestRoom1/8/OJ/NXNK60MUKHYNN1PH6FLEI6.uasset" 7486
"/Game/__ExternalObjects__/LevelPrototyping/Levels/DevRooms/TestRoom1/0/17/7TW7SJDXFZW1Y9841NG8HA" 7487
"/Game/__ExternalObjects__/LevelPrototyping/Levels/DevRooms/TestRoom1/5/ZP/7PQ9K07RSO6P7N7QK9S88B" 7488
"/Game/__ExternalObjects__/LevelPrototyping/Levels/DevRooms/TestRoom1/9/NE/XB2LRYEGUVD7WT6Y43CY6J" 7489
"/Game/__ExternalObjects__/LevelPrototyping/Levels/DevRooms/TestRoom1/8/7Q/RE489DIZT9OSGU62W9XMW2" 7490
"/Game/__ExternalObjects__/LevelPrototyping/Levels/DevRooms/TestRoom1/9/GQ/OOCRG92CRHK055ZDZJWLXA" 7491
"/Game/__ExternalObjects__/LevelPrototyping/Levels/DevRooms/TestRoom1/9/4Q/MB0J9K3CZKX9DZH1424YCG" 7492
"/Game/__ExternalObjects__/LevelPrototyping/Levels/DevRooms/TestRoom1/8/GW/7WIQCUH532FWQDYTRIIIWL" 7493
"/Game/LevelPrototyping/Levels/DevRooms/TestRoom3" 7494
"../../../../CreationLayer/ZombieRepo/Content/__ExternalActors__/LevelPrototyping/Levels/DevRooms/TestRoom3/B/BI/ZQF3SYT4P2OTR01F612X5U.uasset" 7495
"/Game/LevelPrototyping/Levels/GameMaps/Main_Menu" 7496
"../../../../CreationLayer/ZombieRepo/Content/LevelPrototyping/Levels/GameMaps/Main_Menu.umap" 7497
"/Game/FirstPerson/Blueprints/BP_FirstPersonGameMode" 7498
"Z:/CreationLayer/ZombieRepo/Content/__ExternalObjects__/LevelPrototyping/Levels/DevRooms/TestRoom3/1/AC/76KA4N5ZKVVUKES4RYT5BH.uasset" 7499
"Z:/CreationLayer/ZombieRepo/Content/__ExternalObjects__/LevelPrototyping/Levels/DevRooms/TestRoom3/D/KM/0473FL6AW4EAB57SAVW59L.uasset" 7500
"Z:/CreationLayer/ZombieRepo/Content/__ExternalObjects__/LevelPrototyping/Levels/DevRooms/TestRoom3/E/3M/N6V6MKOYTZVG65R5L8R04Z.uasset" 7501
"Z:/CreationLayer/ZombieRepo/Content/__ExternalObjects__/LevelPrototyping/Levels/DevRooms/TestRoom3/4/SY/T9M9FD0CTLYKO77MBC2M13.uasset" 7502
"Z:/CreationLayer/ZombieRepo/Content/__ExternalObjects__/LevelPrototyping/Levels/DevRooms/TestRoom3/C/V7/SHPLJ5LWJE42FA37B7ZSJI.uasset" 7503
"Z:/CreationLayer/ZombieRepo/Content/__ExternalObjects__/LevelPrototyping/Levels/DevRooms/TestRoom3/1/K0/XTMBFZGH08C3NOJSFI45IS.uasset" 7504
"Z:/CreationLayer/ZombieRepo/Content/__ExternalObjects__/LevelPrototyping/Levels/DevRooms/TestRoom3/3/V5/WOGENVN3DVJJ7DU0749ADI.uasset" 7505
"Z:/CreationLayer/ZombieRepo/Content/__ExternalObjects__/LevelPrototyping/Levels/DevRooms/TestRoom3/A/E7/KJU7GOZ9HB4JGJDF0YJFHP.uasset" 7506
"Z:/CreationLayer/ZombieRepo/Content/__ExternalObjects__/LevelPrototyping/Levels/DevRooms/TestRoom2/8/14/4LL7U3OJ0ZY4HN2YR5PATN.uasset" 7507
"/Game/__ExternalActors__/LevelPrototyping/Levels/DevRooms/TestRoom3/0/1G/N3GVBEUHJ8B49XJ2HASYVZ" 7508
"../../../../CreationLayer/ZombieRepo/Content/__ExternalActors__/LevelPrototyping/Levels/DevRooms/TestRoom3/0/1G/N3GVBEUHJ8B49XJ2HASYVZ.uasset" 7509
"../../../../CreationLayer/ZombieRepo/Content/BP/Enemies/AI/Behavior/NavJump/NL_EnemyAI.uasset" 7510
"/Game/__ExternalActors__/LevelPrototyping/Levels/DevRooms/TestRoom3/0/56/Y71X9YOSP6MIIBGWYM9FD6" 7511
"../../../../CreationLayer/ZombieRepo/Content/__ExternalActors__/LevelPrototyping/Levels/DevRooms/TestRoom3/0/56/Y71X9YOSP6MIIBGWYM9FD6.uasset" 7512
"../../../../CreationLayer/ZombieRepo/Content/BP/Objects/BP_AmmoSpawn.uasset" 7513
"../../../../CreationLayer/ZombieRepo/Content/BP/Objects/BP_SpawnManager.uasset" 7514
"../../../../CreationLayer/ZombieRepo/Content/BP/Pooled/AC_ObjectPool.uasset" 7515
"../../../../CreationLayer/ZombieRepo/Content/BP/Pooled/BP_PooledActor.uasset" 7516
"../../../../CreationLayer/ZombieRepo/Content/BP/Objects/AmmoPickup.uasset" 7517
"../../../../CreationLayer/ZombieRepo/Content/BP/Objects/BP_Coin.uasset" 7518
"../../../../CreationLayer/ZombieRepo/Content/BP/Objects/BP_HealthPickup.uasset" 7519
"../../../Engine/Content/EditorMaterials/Cascade/CASC_ModuleDisable_MAT.uasset" 7520
"../../../Engine/Content/EditorMaterials/Cloth/CameraLitDoubleSided.uasset" 7521
"../../../Engine/Content/VREditor/Sounds/UI/Camera_Shutter.uasset" 7522
"../../../Engine/Content/VREditor/UI/FrameMaterial.uasset" 7523
"../../../Engine/Content/VREditor/Sounds/UI/Click_on_Button.uasset" 7524
"../../../Engine/Content/EditorMaterials/Cascade/CASC_ModuleDisable.uasset" 7525
"../../../Engine/Content/VREditor/UI/KeyMaterial.uasset" 7526
"/Game/__ExternalActors__/LevelPrototyping/Levels/DevRooms/TestRoom3/0/5M/DQU6Q3DMUV5LJTZ1JAGP8X" 7527
"../../../../CreationLayer/ZombieRepo/Content/__ExternalActors__/LevelPrototyping/Levels/DevRooms/TestRoom3/0/5M/DQU6Q3DMUV5LJTZ1JAGP8X.uasset" 7528
"/Game/__ExternalActors__/LevelPrototyping/Levels/DevRooms/TestRoom3/0/A3/1B1KHX25NN89F5L7KLTPJ9" 7529
"../../../../CreationLayer/ZombieRepo/Content/__ExternalActors__/LevelPrototyping/Levels/DevRooms/TestRoom3/0/A3/1B1KHX25NN89F5L7KLTPJ9.uasset" 7530
"/Game/__ExternalActors__/LevelPrototyping/Levels/DevRooms/TestRoom3/0/AL/5WSL32P4HGCY37FNS8ERB0" 7531
"../../../../CreationLayer/ZombieRepo/Content/__ExternalActors__/LevelPrototyping/Levels/DevRooms/TestRoom3/0/AL/5WSL32P4HGCY37FNS8ERB0.uasset" 7532
"/Game/__ExternalActors__/LevelPrototyping/Levels/DevRooms/TestRoom3/0/BL/EAQT0JE1FJ04A8W1RPCG3H" 7533
"../../../../CreationLayer/ZombieRepo/Content/__ExternalActors__/LevelPrototyping/Levels/DevRooms/TestRoom3/0/BL/EAQT0JE1FJ04A8W1RPCG3H.uasset" 7534
"/Game/__ExternalActors__/LevelPrototyping/Levels/DevRooms/TestRoom3/0/DL/2HR01I6RGFDEKXKIZQ92A6" 7535
"../../../../CreationLayer/ZombieRepo/Content/__ExternalActors__/LevelPrototyping/Levels/DevRooms/TestRoom3/0/DL/2HR01I6RGFDEKXKIZQ92A6.uasset" 7536
"../../../../CreationLayer/ZombieRepo/Content/LevelPrototyping/Materials/MI_PrototypeGrid_TopDark.uasset" 7537
"../../../../CreationLayer/ZombieRepo/Content/LevelPrototyping/Meshes/SM_Ramp.uasset" 7538
"../../../../CreationLayer/ZombieRepo/Content/LevelPrototyping/Materials/M_PrototypeGrid.uasset" 7539
"../../../../CreationLayer/ZombieRepo/Content/LevelPrototyping/Materials/MI_PrototypeGrid_Gray.uasset" 7540
"../../../Engine/Content/Functions/Engine_MaterialFunctions01/Gradient/LinearGradient.uasset" 7541
"../../../Engine/Content/Functions/Engine_MaterialFunctions01/ImageAdjustment/CheapContrast.uasset" 7542
"../../../../CreationLayer/ZombieRepo/Content/LevelPrototyping/Materials/MF_ProcGrid.uasset" 7543
"../../../../CreationLayer/ZombieRepo/Content/LevelPrototyping/Textures/T_GridChecker_A.uasset" 7544
"/Game/__ExternalActors__/LevelPrototyping/Levels/DevRooms/TestRoom3/0/ET/PBO06G9JYV3ZEJB4FB5BE5" 7545
"../../../../CreationLayer/ZombieRepo/Content/__ExternalActors__/LevelPrototyping/Levels/DevRooms/TestRoom3/0/ET/PBO06G9JYV3ZEJB4FB5BE5.uasset" 7546
"/Game/__ExternalActors__/LevelPrototyping/Levels/DevRooms/TestRoom3/0/GJ/R8JFJFRKP2UZ8HNY7CWO7M" 7547
"../../../../CreationLayer/ZombieRepo/Content/__ExternalActors__/LevelPrototyping/Levels/DevRooms/TestRoom3/0/GJ/R8JFJFRKP2UZ8HNY7CWO7M.uasset" 7548
"/Game/__ExternalActors__/LevelPrototyping/Levels/DevRooms/TestRoom3/0/I5/LHAX7EB6Z4WP9KYL0ZPBMP" 7549
"../../../../CreationLayer/ZombieRepo/Content/__ExternalActors__/LevelPrototyping/Levels/DevRooms/TestRoom3/0/I5/LHAX7EB6Z4WP9KYL0ZPBMP.uasset" 7550
"../../../../CreationLayer/ZombieRepo/Content/StarterContent/Shapes/Shape_Cylinder.uasset" 7551
"../../../../CreationLayer/ZombieRepo/Content/StarterContent/Materials/M_Basic_Wall.uasset" 7552
"/Game/__ExternalActors__/LevelPrototyping/Levels/DevRooms/TestRoom3/0/K1/KQ5ORUGTXCKJ9O8P3232S0" 7553
"../../../../CreationLayer/ZombieRepo/Content/__ExternalActors__/LevelPrototyping/Levels/DevRooms/TestRoom3/0/K1/KQ5ORUGTXCKJ9O8P3232S0.uasset" 7554
"/Game/__ExternalActors__/LevelPrototyping/Levels/DevRooms/TestRoom3/0/MR/HC8HOM34DM4PDLMYH1364L" 7555
"../../../../CreationLayer/ZombieRepo/Content/__ExternalActors__/LevelPrototyping/Levels/DevRooms/TestRoom3/0/MR/HC8HOM34DM4PDLMYH1364L.uasset" 7556
"/Game/__ExternalActors__/LevelPrototyping/Levels/DevRooms/TestRoom3/0/OX/71PGPSX1YU99767J001J6B" 7557
"../../../../CreationLayer/ZombieRepo/Content/__ExternalActors__/LevelPrototyping/Levels/DevRooms/TestRoom3/0/OX/71PGPSX1YU99767J001J6B.uasset" 7558
"/Game/__ExternalActors__/LevelPrototyping/Levels/DevRooms/TestRoom3/0/RD/6ED0T3LJIG392C6CEJRCW0" 7559
"../../../../CreationLayer/ZombieRepo/Content/__ExternalActors__/LevelPrototyping/Levels/DevRooms/TestRoom3/0/RD/6ED0T3LJIG392C6CEJRCW0.uasset" 7560
"/Game/__ExternalActors__/LevelPrototyping/Levels/DevRooms/TestRoom3/0/T8/N9MPSJVRH2TM0FNOQPQQ3F" 7561
"../../../../CreationLayer/ZombieRepo/Content/__ExternalActors__/LevelPrototyping/Levels/DevRooms/TestRoom3/0/T8/N9MPSJVRH2TM0FNOQPQQ3F.uasset" 7562
"../../../../CreationLayer/ZombieRepo/Content/LevelPrototyping/Meshes/SM_Cube.uasset" 7563
"/Game/__ExternalActors__/LevelPrototyping/Levels/DevRooms/TestRoom3/0/VJ/UF4A89JTBPNPPQTDBX46UW" 7564
"../../../../CreationLayer/ZombieRepo/Content/__ExternalActors__/LevelPrototyping/Levels/DevRooms/TestRoom3/0/VJ/UF4A89JTBPNPPQTDBX46UW.uasset" 7565
"/Game/__ExternalActors__/LevelPrototyping/Levels/DevRooms/TestRoom3/0/WO/CVXXOPTBHTA94DK44U225V" 7566
"../../../../CreationLayer/ZombieRepo/Content/__ExternalActors__/LevelPrototyping/Levels/DevRooms/TestRoom3/0/WO/CVXXOPTBHTA94DK44U225V.uasset" 7567
"/Game/__ExternalActors__/LevelPrototyping/Levels/DevRooms/TestRoom3/0/Y4/2FSDYTYNPFSEB3LHC6XHIV" 7568
"../../../../CreationLayer/ZombieRepo/Content/__ExternalActors__/LevelPrototyping/Levels/DevRooms/TestRoom3/0/Y4/2FSDYTYNPFSEB3LHC6XHIV.uasset" 7569
"/Game/__ExternalActors__/LevelPrototyping/Levels/DevRooms/TestRoom3/0/Y6/9JOOW06P0RBJLOMCAXQ4OZ" 7570
"../../../../CreationLayer/ZombieRepo/Content/__ExternalActors__/LevelPrototyping/Levels/DevRooms/TestRoom3/0/Y6/9JOOW06P0RBJLOMCAXQ4OZ.uasset" 7571
"/Game/__ExternalActors__/LevelPrototyping/Levels/DevRooms/TestRoom3/1/0W/U9PNFBE6HJZVU8HHE0931P" 7572
"../../../../CreationLayer/ZombieRepo/Content/__ExternalActors__/LevelPrototyping/Levels/DevRooms/TestRoom3/1/0W/U9PNFBE6HJZVU8HHE0931P.uasset" 7573
"/Game/__ExternalActors__/LevelPrototyping/Levels/DevRooms/TestRoom3/1/31/P1OCA8PK3N22KBZUGD23XC" 7574
"../../../../CreationLayer/ZombieRepo/Content/__ExternalActors__/LevelPrototyping/Levels/DevRooms/TestRoom3/1/31/P1OCA8PK3N22KBZUGD23XC.uasset" 7575
"/Game/__ExternalActors__/LevelPrototyping/Levels/DevRooms/TestRoom3/1/3H/T2GF4NJO51TD4XTHKDG2E7" 7576
"../../../../CreationLayer/ZombieRepo/Content/__ExternalActors__/LevelPrototyping/Levels/DevRooms/TestRoom3/1/3H/T2GF4NJO51TD4XTHKDG2E7.uasset" 7577
"../../../../CreationLayer/ZombieRepo/Content/TPBDMat/Blueprints/BP_BloodDecal.uasset" 7578
"../../../../CreationLayer/ZombieRepo/Content/TPBDMat/Materials/M_BloodDecal_6Planes.uasset" 7579
"../../../../CreationLayer/ZombieRepo/Content/TPBDMat/Textures/T_splat0_floor_v2.uasset" 7580
"../../../../CreationLayer/ZombieRepo/Content/TPBDMat/Textures/T_splat0_wall_v2.uasset" 7581
"/Game/__ExternalActors__/LevelPrototyping/Levels/DevRooms/TestRoom3/1/4F/8GWDBJ3A1XYVMJDC3Z2M11" 7582
"../../../../CreationLayer/ZombieRepo/Content/__ExternalActors__/LevelPrototyping/Levels/DevRooms/TestRoom3/1/4F/8GWDBJ3A1XYVMJDC3Z2M11.uasset" 7583
"/Game/__ExternalActors__/LevelPrototyping/Levels/DevRooms/TestRoom3/1/5L/PGO798YYFIFVVQM48ULOE7" 7584
"../../../../CreationLayer/ZombieRepo/Content/__ExternalActors__/LevelPrototyping/Levels/DevRooms/TestRoom3/1/5L/PGO798YYFIFVVQM48ULOE7.uasset" 7585
"/Game/__ExternalActors__/LevelPrototyping/Levels/DevRooms/TestRoom3/1/5U/KI8WA0UA7GB9G70LMTHX61" 7586
"../../../../CreationLayer/ZombieRepo/Content/__ExternalActors__/LevelPrototyping/Levels/DevRooms/TestRoom3/1/5U/KI8WA0UA7GB9G70LMTHX61.uasset" 7587
"/Game/__ExternalActors__/LevelPrototyping/Levels/DevRooms/TestRoom3/1/6B/6ITJGMWEJDRW5HQYHACIWY" 7588
"../../../../CreationLayer/ZombieRepo/Content/__ExternalActors__/LevelPrototyping/Levels/DevRooms/TestRoom3/1/6B/6ITJGMWEJDRW5HQYHACIWY.uasset" 7589
"/Game/__ExternalActors__/LevelPrototyping/Levels/DevRooms/TestRoom3/1/71/WHK80DUU4YWPJ2K2L8GAWI" 7590
"../../../../CreationLayer/ZombieRepo/Content/__ExternalActors__/LevelPrototyping/Levels/DevRooms/TestRoom3/1/71/WHK80DUU4YWPJ2K2L8GAWI.uasset" 7591
"/Game/__ExternalActors__/LevelPrototyping/Levels/DevRooms/TestRoom3/1/7S/K4KQFVVMRD28YO23UMQA4C" 7592
"../../../../CreationLayer/ZombieRepo/Content/__ExternalActors__/LevelPrototyping/Levels/DevRooms/TestRoom3/1/7S/K4KQFVVMRD28YO23UMQA4C.uasset" 7593
"/Game/__ExternalActors__/LevelPrototyping/Levels/DevRooms/TestRoom3/1/96/YYGWKOCC1WH7Z9MZQYUSCT" 7594
"../../../../CreationLayer/ZombieRepo/Content/__ExternalActors__/LevelPrototyping/Levels/DevRooms/TestRoom3/1/96/YYGWKOCC1WH7Z9MZQYUSCT.uasset" 7595
"/Game/__ExternalActors__/LevelPrototyping/Levels/DevRooms/TestRoom3/1/B7/WG5GRFK5ILYVQ2QIZVRCDO" 7596
"../../../../CreationLayer/ZombieRepo/Content/__ExternalActors__/LevelPrototyping/Levels/DevRooms/TestRoom3/1/B7/WG5GRFK5ILYVQ2QIZVRCDO.uasset" 7597
"/Game/__ExternalActors__/LevelPrototyping/Levels/DevRooms/TestRoom3/1/F1/5K7V0JG9ROORE69D9VGEXL" 7598
"../../../../CreationLayer/ZombieRepo/Content/__ExternalActors__/LevelPrototyping/Levels/DevRooms/TestRoom3/1/F1/5K7V0JG9ROORE69D9VGEXL.uasset" 7599
"/Game/__ExternalActors__/LevelPrototyping/Levels/DevRooms/TestRoom3/1/GL/NQETXHRX5J7IHVHSTM4OV2" 7600
"../../../../CreationLayer/ZombieRepo/Content/__ExternalActors__/LevelPrototyping/Levels/DevRooms/TestRoom3/1/GL/NQETXHRX5J7IHVHSTM4OV2.uasset" 7601
"/Game/__ExternalActors__/LevelPrototyping/Levels/DevRooms/TestRoom3/1/I2/F31FP5JNUZ501ZO48KNWMZ" 7602
"../../../../CreationLayer/ZombieRepo/Content/__ExternalActors__/LevelPrototyping/Levels/DevRooms/TestRoom3/1/I2/F31FP5JNUZ501ZO48KNWMZ.uasset" 7603
"/Game/__ExternalActors__/LevelPrototyping/Levels/DevRooms/TestRoom3/1/IP/P2YGS8S3953XOMOA3Z58YW" 7604
"../../../../CreationLayer/ZombieRepo/Content/__ExternalActors__/LevelPrototyping/Levels/DevRooms/TestRoom3/1/IP/P2YGS8S3953XOMOA3Z58YW.uasset" 7605
"/Game/__ExternalActors__/LevelPrototyping/Levels/DevRooms/TestRoom3/1/KL/C2M2GCQ9UDVNRTUCJYP0Y3" 7606
"../../../../CreationLayer/ZombieRepo/Content/__ExternalActors__/LevelPrototyping/Levels/DevRooms/TestRoom3/1/KL/C2M2GCQ9UDVNRTUCJYP0Y3.uasset" 7607
"/Game/__ExternalActors__/LevelPrototyping/Levels/DevRooms/TestRoom3/1/N1/YQFKP47OQAD6O5NIX1ZWSO" 7608
"../../../../CreationLayer/ZombieRepo/Content/__ExternalActors__/LevelPrototyping/Levels/DevRooms/TestRoom3/1/N1/YQFKP47OQAD6O5NIX1ZWSO.uasset" 7609
"/Game/__ExternalActors__/LevelPrototyping/Levels/DevRooms/TestRoom3/1/O2/KN2ZDRYPUUO19RG1VGJUWL" 7610
"../../../../CreationLayer/ZombieRepo/Content/__ExternalActors__/LevelPrototyping/Levels/DevRooms/TestRoom3/1/O2/KN2ZDRYPUUO19RG1VGJUWL.uasset" 7611
"/Game/__ExternalActors__/LevelPrototyping/Levels/DevRooms/TestRoom3/1/OD/KN1J69PWO14HEQCY0OXP1N" 7612
"../../../../CreationLayer/ZombieRepo/Content/__ExternalActors__/LevelPrototyping/Levels/DevRooms/TestRoom3/1/OD/KN1J69PWO14HEQCY0OXP1N.uasset" 7613
"/Game/__ExternalActors__/LevelPrototyping/Levels/DevRooms/TestRoom3/1/PB/RUDHOLH5DL2B9NJL2L5VTO" 7614
"../../../../CreationLayer/ZombieRepo/Content/__ExternalActors__/LevelPrototyping/Levels/DevRooms/TestRoom3/1/PB/RUDHOLH5DL2B9NJL2L5VTO.uasset" 7615
"/Game/__ExternalActors__/LevelPrototyping/Levels/DevRooms/TestRoom3/1/RB/ZM9VS24G1HRSMDGMEZJAYT" 7616
"../../../../CreationLayer/ZombieRepo/Content/__ExternalActors__/LevelPrototyping/Levels/DevRooms/TestRoom3/1/RB/ZM9VS24G1HRSMDGMEZJAYT.uasset" 7617
"/Game/__ExternalActors__/LevelPrototyping/Levels/DevRooms/TestRoom3/1/TT/46BEYO4NKI941KKW8VQ214" 7618
"../../../../CreationLayer/ZombieRepo/Content/__ExternalActors__/LevelPrototyping/Levels/DevRooms/TestRoom3/1/TT/46BEYO4NKI941KKW8VQ214.uasset" 7619
"/Game/__ExternalActors__/LevelPrototyping/Levels/DevRooms/TestRoom3/1/U1/AXD3C1GH4MBW59W1REJC9T" 7620
"../../../../CreationLayer/ZombieRepo/Content/__ExternalActors__/LevelPrototyping/Levels/DevRooms/TestRoom3/1/U1/AXD3C1GH4MBW59W1REJC9T.uasset" 7621
"/Game/__ExternalActors__/LevelPrototyping/Levels/DevRooms/TestRoom3/1/V3/9AO2G2IHR8HTKDP3X19MAY" 7622
"../../../../CreationLayer/ZombieRepo/Content/__ExternalActors__/LevelPrototyping/Levels/DevRooms/TestRoom3/1/V3/9AO2G2IHR8HTKDP3X19MAY.uasset" 7623
"/Game/__ExternalActors__/LevelPrototyping/Levels/DevRooms/TestRoom3/1/YT/I7CSQSLEJTAVFKK1Y3BBBK" 7624
"../../../../CreationLayer/ZombieRepo/Content/__ExternalActors__/LevelPrototyping/Levels/DevRooms/TestRoom3/1/YT/I7CSQSLEJTAVFKK1Y3BBBK.uasset" 7625
"/Game/__ExternalActors__/LevelPrototyping/Levels/DevRooms/TestRoom3/1/ZM/ZPHS4OBCFN9XGGTQI0GVSX" 7626
"../../../../CreationLayer/ZombieRepo/Content/__ExternalActors__/LevelPrototyping/Levels/DevRooms/TestRoom3/1/ZM/ZPHS4OBCFN9XGGTQI0GVSX.uasset" 7627
"/Game/__ExternalActors__/LevelPrototyping/Levels/DevRooms/TestRoom3/2/12/LPTOKI5GP9MD8Q254I9DF4" 7628
"../../../../CreationLayer/ZombieRepo/Content/__ExternalActors__/LevelPrototyping/Levels/DevRooms/TestRoom3/2/12/LPTOKI5GP9MD8Q254I9DF4.uasset" 7629
"/Game/__ExternalActors__/LevelPrototyping/Levels/DevRooms/TestRoom3/2/39/QDWTC0WGXBMMXP3QD2FY1X" 7630
"../../../../CreationLayer/ZombieRepo/Content/__ExternalActors__/LevelPrototyping/Levels/DevRooms/TestRoom3/2/39/QDWTC0WGXBMMXP3QD2FY1X.uasset" 7631
"/Game/__ExternalActors__/LevelPrototyping/Levels/DevRooms/TestRoom3/2/AC/0QN7BVM4NN15FRNUJGVPCO" 7632
"../../../../CreationLayer/ZombieRepo/Content/__ExternalActors__/LevelPrototyping/Levels/DevRooms/TestRoom3/2/AC/0QN7BVM4NN15FRNUJGVPCO.uasset" 7633
"/Game/__ExternalActors__/LevelPrototyping/Levels/DevRooms/TestRoom3/2/BM/0HN7XXO3SWERJWWJ1LGMUT" 7634
"../../../../CreationLayer/ZombieRepo/Content/__ExternalActors__/LevelPrototyping/Levels/DevRooms/TestRoom3/2/BM/0HN7XXO3SWERJWWJ1LGMUT.uasset" 7635
"/Game/__ExternalActors__/LevelPrototyping/Levels/DevRooms/TestRoom3/2/FD/50MGHHID6TAWWLI7U8AF8P" 7636
"../../../../CreationLayer/ZombieRepo/Content/__ExternalActors__/LevelPrototyping/Levels/DevRooms/TestRoom3/2/FD/50MGHHID6TAWWLI7U8AF8P.uasset" 7637
"/Game/__ExternalActors__/LevelPrototyping/Levels/DevRooms/TestRoom3/2/I1/CLXQI5CXFLS1X1WA6X0BON" 7638
"../../../../CreationLayer/ZombieRepo/Content/__ExternalActors__/LevelPrototyping/Levels/DevRooms/TestRoom3/2/I1/CLXQI5CXFLS1X1WA6X0BON.uasset" 7639
"/Game/__ExternalActors__/LevelPrototyping/Levels/DevRooms/TestRoom3/2/IK/7VONQBQYV8G6M1ZMC4P2G0" 7640
"../../../../CreationLayer/ZombieRepo/Content/__ExternalActors__/LevelPrototyping/Levels/DevRooms/TestRoom3/2/IK/7VONQBQYV8G6M1ZMC4P2G0.uasset" 7641
"/Game/__ExternalActors__/LevelPrototyping/Levels/DevRooms/TestRoom3/2/IP/PEODIVKL07SYS2AX1I0NDT" 7642
"../../../../CreationLayer/ZombieRepo/Content/__ExternalActors__/LevelPrototyping/Levels/DevRooms/TestRoom3/2/IP/PEODIVKL07SYS2AX1I0NDT.uasset" 7643
"/Game/__ExternalActors__/LevelPrototyping/Levels/DevRooms/TestRoom3/2/KB/089CLY9V3FTJCR696412HY" 7644
"../../../../CreationLayer/ZombieRepo/Content/__ExternalActors__/LevelPrototyping/Levels/DevRooms/TestRoom3/2/KB/089CLY9V3FTJCR696412HY.uasset" 7645
"/Game/__ExternalActors__/LevelPrototyping/Levels/DevRooms/TestRoom3/2/LQ/ZJ3B5US4LUCI9LSS6TNV1R" 7646
"../../../../CreationLayer/ZombieRepo/Content/__ExternalActors__/LevelPrototyping/Levels/DevRooms/TestRoom3/2/LQ/ZJ3B5US4LUCI9LSS6TNV1R.uasset" 7647
"/Game/__ExternalActors__/LevelPrototyping/Levels/DevRooms/TestRoom3/2/P0/JKYPE2D2WNC9ISX18229PJ" 7648
"../../../../CreationLayer/ZombieRepo/Content/__ExternalActors__/LevelPrototyping/Levels/DevRooms/TestRoom3/2/P0/JKYPE2D2WNC9ISX18229PJ.uasset" 7649
"/Game/__ExternalActors__/LevelPrototyping/Levels/DevRooms/TestRoom3/2/PE/OUFTWZNBQ9BHYEPBAX51WR" 7650
"../../../../CreationLayer/ZombieRepo/Content/__ExternalActors__/LevelPrototyping/Levels/DevRooms/TestRoom3/2/PE/OUFTWZNBQ9BHYEPBAX51WR.uasset" 7651
"/Game/__ExternalActors__/LevelPrototyping/Levels/DevRooms/TestRoom3/2/Q7/WMEAVLHU8H3UQ9W9CV4P4C" 7652
"../../../../CreationLayer/ZombieRepo/Content/__ExternalActors__/LevelPrototyping/Levels/DevRooms/TestRoom3/2/Q7/WMEAVLHU8H3UQ9W9CV4P4C.uasset" 7653
"/Game/__ExternalActors__/LevelPrototyping/Levels/DevRooms/TestRoom3/2/WM/D37SLVEF0HMZUNPU27XTCE" 7654
"../../../../CreationLayer/ZombieRepo/Content/__ExternalActors__/LevelPrototyping/Levels/DevRooms/TestRoom3/2/WM/D37SLVEF0HMZUNPU27XTCE.uasset" 7655
"/Game/__ExternalActors__/LevelPrototyping/Levels/DevRooms/TestRoom3/2/XB/1QCR2NQCE7XOA33DF31L9T" 7656
"../../../../CreationLayer/ZombieRepo/Content/__ExternalActors__/LevelPrototyping/Levels/DevRooms/TestRoom3/2/XB/1QCR2NQCE7XOA33DF31L9T.uasset" 7657
"/Game/__ExternalActors__/LevelPrototyping/Levels/DevRooms/TestRoom3/2/XS/0Z30DCXKNUEFGGMCS4FVPL" 7658
"../../../../CreationLayer/ZombieRepo/Content/__ExternalActors__/LevelPrototyping/Levels/DevRooms/TestRoom3/2/XS/0Z30DCXKNUEFGGMCS4FVPL.uasset" 7659
"/Game/__ExternalActors__/LevelPrototyping/Levels/DevRooms/TestRoom3/2/YX/ZDVGFQEXA864UHUOFX7C1P" 7660
"../../../../CreationLayer/ZombieRepo/Content/__ExternalActors__/LevelPrototyping/Levels/DevRooms/TestRoom3/2/YX/ZDVGFQEXA864UHUOFX7C1P.uasset" 7661
"/Game/__ExternalActors__/LevelPrototyping/Levels/DevRooms/TestRoom3/2/Z5/PQCCZFG2Z0VIRJ4BO1QDOP" 7662
"../../../../CreationLayer/ZombieRepo/Content/__ExternalActors__/LevelPrototyping/Levels/DevRooms/TestRoom3/2/Z5/PQCCZFG2Z0VIRJ4BO1QDOP.uasset" 7663
"/Game/__ExternalActors__/LevelPrototyping/Levels/DevRooms/TestRoom3/2/ZU/GYF6DQB5XZQ42849XTD0LK" 7664
"../../../../CreationLayer/ZombieRepo/Content/__ExternalActors__/LevelPrototyping/Levels/DevRooms/TestRoom3/2/ZU/GYF6DQB5XZQ42849XTD0LK.uasset" 7665
"/Game/__ExternalActors__/LevelPrototyping/Levels/DevRooms/TestRoom3/2/ZU/SDMI02NKF67M0EC9YCDM4T" 7666
"../../../../CreationLayer/ZombieRepo/Content/__ExternalActors__/LevelPrototyping/Levels/DevRooms/TestRoom3/2/ZU/SDMI02NKF67M0EC9YCDM4T.uasset" 7667
"/Game/__ExternalActors__/LevelPrototyping/Levels/DevRooms/TestRoom3/3/1L/OJ5JMKOEWHMC9WZ2SOKBAH" 7668
"../../../../CreationLayer/ZombieRepo/Content/__ExternalActors__/LevelPrototyping/Levels/DevRooms/TestRoom3/3/1L/OJ5JMKOEWHMC9WZ2SOKBAH.uasset" 7669
"/Game/__ExternalActors__/LevelPrototyping/Levels/DevRooms/TestRoom3/3/1W/YJYHEVFKDA1FUJ9RUCFRJ7" 7670
"../../../../CreationLayer/ZombieRepo/Content/__ExternalActors__/LevelPrototyping/Levels/DevRooms/TestRoom3/3/1W/YJYHEVFKDA1FUJ9RUCFRJ7.uasset" 7671
"/Game/__ExternalActors__/LevelPrototyping/Levels/DevRooms/TestRoom3/3/1Z/Q9GWN7ZPEA9SZC6XQP9ORF" 7672
"../../../../CreationLayer/ZombieRepo/Content/__ExternalActors__/LevelPrototyping/Levels/DevRooms/TestRoom3/3/1Z/Q9GWN7ZPEA9SZC6XQP9ORF.uasset" 7673
"/Game/__ExternalActors__/LevelPrototyping/Levels/DevRooms/TestRoom3/3/24/9JWQEVMG3A3JQOJGP9Q9YQ" 7674
"../../../../CreationLayer/ZombieRepo/Content/__ExternalActors__/LevelPrototyping/Levels/DevRooms/TestRoom3/3/24/9JWQEVMG3A3JQOJGP9Q9YQ.uasset" 7675
"/Game/__ExternalActors__/LevelPrototyping/Levels/DevRooms/TestRoom3/3/4F/WO59PKIEBMRBRFUFJ2AWR7" 7676
"../../../../CreationLayer/ZombieRepo/Content/__ExternalActors__/LevelPrototyping/Levels/DevRooms/TestRoom3/3/4F/WO59PKIEBMRBRFUFJ2AWR7.uasset" 7677
"/Game/__ExternalActors__/LevelPrototyping/Levels/DevRooms/TestRoom3/3/4U/6I0MFSZJK6NVYH57FCESVU" 7678
"../../../../CreationLayer/ZombieRepo/Content/__ExternalActors__/LevelPrototyping/Levels/DevRooms/TestRoom3/3/4U/6I0MFSZJK6NVYH57FCESVU.uasset" 7679
"/Game/__ExternalActors__/LevelPrototyping/Levels/DevRooms/TestRoom3/3/73/CK60B7YBEURH7G1K9WMPBF" 7680
"../../../../CreationLayer/ZombieRepo/Content/__ExternalActors__/LevelPrototyping/Levels/DevRooms/TestRoom3/3/73/CK60B7YBEURH7G1K9WMPBF.uasset" 7681
"../../../../CreationLayer/ZombieRepo/Content/FirstPerson/Blueprints/BP_Pickup_MG.uasset" 7682
"../../../../CreationLayer/ZombieRepo/Content/FirstPerson/Blueprints/BP_Pickup_PG.uasset" 7683
"../../../Engine/Content/VREditor/LaserPointer/M_LaserPointer-Core.uasset" 7684
"../../../../CreationLayer/ZombieRepo/Content/ObjectAssets/FPWeapon/Mesh/Machinegun/SKM_CombinedMG_AF7E7C11.uasset" 7685
"../../../../CreationLayer/ZombieRepo/Content/FirstPerson/Blueprints/BP_Pickup_SG.uasset" 7686
"../../../../CreationLayer/ZombieRepo/Content/VFX/NE_Fairy_System.uasset" 7687
"../../../../CreationLayer/ZombieRepo/Content/Myer1919/Mesh/Weapon/Myer-1919/SK_Myer-1919_X.uasset" 7688
"../../../../CreationLayer/ZombieRepo/Content/ObjectAssets/FPWeapon/Mesh/Machinegun/Tex/MI_MGAcc.uasset" 7689
"../../../../CreationLayer/ZombieRepo/Content/ObjectAssets/FPWeapon/Mesh/Machinegun/Tex/MI_MGBody.uasset" 7690
"../../../../CreationLayer/ZombieRepo/Content/ObjectAssets/FPWeapon/Mesh/Machinegun/Tex/MI_MGBolts.uasset" 7691
"../../../../CreationLayer/ZombieRepo/Content/ObjectAssets/FPWeapon/Mesh/Machinegun/Tex/MI_MGGrips.uasset" 7692
"../../../../CreationLayer/ZombieRepo/Content/ObjectAssets/FPWeapon/Mesh/Machinegun/Tex/MI_MGHandle.uasset" 7693
"../../../../CreationLayer/ZombieRepo/Content/ObjectAssets/FPWeapon/Mesh/Machinegun/Tex/MI_MGHinge.uasset" 7694
"../../../../CreationLayer/ZombieRepo/Content/ObjectAssets/FPWeapon/Mesh/Machinegun/Tex/MI_MGHingeBolt.uasset" 7695
"../../../../CreationLayer/ZombieRepo/Content/ObjectAssets/FPWeapon/Mesh/Machinegun/Tex/MI_MGMag.uasset" 7696
"../../../../CreationLayer/ZombieRepo/Content/ObjectAssets/FPWeapon/Mesh/Machinegun/Tex/MI_MGStock.uasset" 7697
"../../../../CreationLayer/ZombieRepo/Content/ObjectAssets/FPWeapon/Mesh/Machinegun/Tex/MI_MGSwitch.uasset" 7698
"../../../../CreationLayer/ZombieRepo/Content/ObjectAssets/FPWeapon/Mesh/Machinegun/SK_CombinedMG_AF7E7C11.uasset" 7699
"../../../../CreationLayer/ZombieRepo/Content/ObjectAssets/FPWeapon/Mesh/Shotgun/SKM_CombinedSG_F0268010.uasset" 7700
"../../Plugins/FX/Niagara/Content/DefaultAssets/M_NiagaraUVDebug.uasset" 7701
"../../../../CreationLayer/ZombieRepo/Content/VFX/NE_Fairy.uasset" 7702
"../../Plugins/FX/Niagara/Content/DynamicInputs/UniformRange/V2/RandomRangeFloat.uasset" 7703
"../../Plugins/FX/Niagara/Content/Modules/Emitter/EmitterState.uasset" 7704
"../../Plugins/FX/Niagara/Content/Modules/Emitter/SpawnBurst_Instantaneous.uasset" 7705
"../../Plugins/FX/Niagara/Content/Modules/Solvers/SolveForcesAndVelocity.uasset" 7706
"../../Plugins/FX/Niagara/Content/Modules/Spawn/Initialization/V2/InitializeParticle.uasset" 7707
"../../Plugins/FX/Niagara/Content/Modules/Spawn/Location/V2/ShapeLocation.uasset" 7708
"../../Plugins/FX/Niagara/Content/Modules/Spawn/Orientation/V3/InitialMeshOrientation.uasset" 7709
"../../Plugins/FX/Niagara/Content/Modules/Spawn/Velocity/AddVelocity.uasset" 7710
"../../Plugins/FX/Niagara/Content/Modules/System/SystemState.uasset" 7711
"../../Plugins/FX/Niagara/Content/Modules/Update/Forces/AerodynamicDrag.uasset" 7712
"../../Plugins/FX/Niagara/Content/Modules/Update/Forces/GravityForce.uasset" 7713
"../../Plugins/FX/Niagara/Content/Modules/Update/Lifetime/ParticleState.uasset" 7714
"../../Plugins/FX/Niagara/Content/Modules/Update/Orientation/AlignSpriteToMeshOrientation.uasset" 7715
"../../Plugins/FX/Niagara/Content/Modules/Update/Size/ScaleSpriteSize.uasset" 7716
"../../Plugins/FX/Niagara/Content/Enums/Angles/ENiagara_AngleInput.uasset" 7717
"../../Plugins/FX/Niagara/Content/Enums/ENiagara_AttributeSamplingApplyOutput.uasset" 7718
"../../Plugins/FX/Niagara/Content/Enums/ENiagara_ColorInitializationMode.uasset" 7719
"../../Plugins/FX/Niagara/Content/Enums/ENiagara_EmitterStateOptions.uasset" 7720
"../../Plugins/FX/Niagara/Content/Enums/ENiagara_InfiniteLoopDuration.uasset" 7721
"../../Plugins/FX/Niagara/Content/Enums/ENiagara_LifetimeMode.uasset" 7722
"../../Plugins/FX/Niagara/Content/Enums/ENiagara_MassInitializationMode.uasset" 7723
"../../Plugins/FX/Niagara/Content/Enums/ENiagara_PositionInitializationMode.uasset" 7724
"../../Plugins/FX/Niagara/Content/Enums/ENiagara_SizeScaleMode.uasset" 7725
"../../Plugins/FX/Niagara/Content/Enums/ENiagara_SpriteRotationMode.uasset" 7726
"../../Plugins/FX/Niagara/Content/Enums/ENiagara_UVFlippingMode.uasset" 7727
"../../Plugins/FX/Niagara/Content/Enums/ENiagaraAerodynamicDragPivotMode.uasset" 7728
"../../Plugins/FX/Niagara/Content/Enums/ENiagaraChannelCorrelation.uasset" 7729
"../../Plugins/FX/Niagara/Content/Enums/ENiagaraDragCoefficientShapeMode.uasset" 7730
"../../Plugins/FX/Niagara/Content/Enums/ENiagaraEmitterLifeCycleMode.uasset" 7731
"../../Plugins/FX/Niagara/Content/Enums/ENiagaraEmitterScalabilityMode_Limited.uasset" 7732
"../../Plugins/FX/Niagara/Content/Enums/ENiagaraInactiveMode.uasset" 7733
"../../Plugins/FX/Niagara/Content/Enums/ENiagaraMeshTransforms.uasset" 7734
"../../Plugins/FX/Niagara/Content/Enums/ENiagaraRandomnessEvaluation.uasset" 7735
"../../Plugins/FX/Niagara/Content/Enums/ENiagaraRandomnessMode.uasset" 7736
"../../Plugins/FX/Niagara/Content/Enums/ENiagaraShapeTorusMode.uasset" 7737
"../../Plugins/FX/Niagara/Content/Enums/ENiagaraSphereDistributionMode.uasset" 7738
"../../Plugins/FX/Niagara/Content/Enums/ENiagaraSystemInactiveMode.uasset" 7739
"../../Plugins/FX/Niagara/Content/Enums/ENiagaraTorusDistributionMode.uasset" 7740
"../../Plugins/FX/Niagara/Content/Enums/Location/ENiagara_BoxPlaneMode.uasset" 7741
"../../Plugins/FX/Niagara/Content/Enums/Location/ENiagara_ConeMode.uasset" 7742
"../../Plugins/FX/Niagara/Content/Enums/Location/ENiagara_CylinderMode.uasset" 7743
"../../Plugins/FX/Niagara/Content/Enums/Location/ENiagara_LocationShapes.uasset" 7744
"../../Plugins/FX/Niagara/Content/Enums/Location/ENiagaraRingDiscMode.uasset" 7745
"../../Plugins/FX/Niagara/Content/Enums/Ribbons/ENiagara_UnsetDirectSet.uasset" 7746
"../../Plugins/FX/Niagara/Content/Enums/Ribbons/ENiagara_UnsetDirectSetRandom.uasset" 7747
"../../Plugins/FX/Niagara/Content/Enums/SpriteRenderer/ENiagara_ScaleSpriteSize.uasset" 7748
"../../Plugins/FX/Niagara/Content/Enums/Transforms/ENiagara_MeshOrientationOptions.uasset" 7749
"../../Plugins/FX/Niagara/Content/Enums/Transforms/ENiagara_OffsetMode.uasset" 7750
"../../Plugins/FX/Niagara/Content/Enums/Transforms/ENiagara_RotationMode.uasset" 7751
"../../Plugins/FX/Niagara/Content/Enums/Transforms/ENiagara_ScaleMode.uasset" 7752
"../../Plugins/FX/Niagara/Content/Enums/Transforms/ENiagara_TransformOrder.uasset" 7753
"../../Plugins/FX/Niagara/Content/Enums/Transforms/ENiagara_TransformType.uasset" 7754
"../../Plugins/FX/Niagara/Content/Enums/Utility/ENiagara_VelocityMode.uasset" 7755
"../../../../CreationLayer/ZombieRepo/Content/Myer1919/Material/MI_Myer-1919_Texture.uasset" 7756
"../../../../CreationLayer/ZombieRepo/Content/Myer1919/Mesh/Weapon/Myer-1919/SK_Myer-1919_X_PhysicsAsset.uasset" 7757
"../../../../CreationLayer/ZombieRepo/Content/Myer1919/Mesh/Weapon/Myer-1919/SK_Myer-1919_X_Skeleton.uasset" 7758
"../../../../CreationLayer/ZombieRepo/Content/ObjectAssets/FPWeapon/Mesh/Machinegun/Tex/SM_Scar_Acc_BaseColor.uasset" 7759
"../../../../CreationLayer/ZombieRepo/Content/ObjectAssets/FPWeapon/Mesh/Machinegun/Tex/SM_Scar_Acc_Height.uasset" 7760
"../../../../CreationLayer/ZombieRepo/Content/ObjectAssets/FPWeapon/Mesh/Machinegun/Tex/SM_Scar_Acc_Metallic.uasset" 7761
"../../../../CreationLayer/ZombieRepo/Content/ObjectAssets/FPWeapon/Mesh/Machinegun/Tex/SM_Scar_Acc_Normal.uasset" 7762
"../../../../CreationLayer/ZombieRepo/Content/ObjectAssets/FPWeapon/Mesh/Machinegun/Tex/SM_Scar_Acc_Roughness.uasset" 7763
"../../../../CreationLayer/ZombieRepo/Content/ObjectAssets/FPWeapon/Mesh/Machinegun/Tex/SM_Scar_Body_BaseColor.uasset" 7764
"../../../../CreationLayer/ZombieRepo/Content/ObjectAssets/FPWeapon/Mesh/Machinegun/Tex/SM_Scar_Body_Height.uasset" 7765
"../../../../CreationLayer/ZombieRepo/Content/ObjectAssets/FPWeapon/Mesh/Machinegun/Tex/SM_Scar_Body_Metallic.uasset" 7766
"../../../../CreationLayer/ZombieRepo/Content/ObjectAssets/FPWeapon/Mesh/Machinegun/Tex/SM_Scar_Body_Normal.uasset" 7767
"../../../../CreationLayer/ZombieRepo/Content/ObjectAssets/FPWeapon/Mesh/Machinegun/Tex/SM_Scar_Body_Roughness.uasset" 7768
"../../../../CreationLayer/ZombieRepo/Content/ObjectAssets/FPWeapon/Mesh/Machinegun/Tex/SM_Scar_Bolts_BaseColor.uasset" 7769
"../../../../CreationLayer/ZombieRepo/Content/ObjectAssets/FPWeapon/Mesh/Machinegun/Tex/SM_Scar_Bolts_Height.uasset" 7770
"../../../../CreationLayer/ZombieRepo/Content/ObjectAssets/FPWeapon/Mesh/Machinegun/Tex/SM_Scar_Bolts_Metallic.uasset" 7771
"../../../../CreationLayer/ZombieRepo/Content/ObjectAssets/FPWeapon/Mesh/Machinegun/Tex/SM_Scar_Bolts_Normal.uasset" 7772
"../../../../CreationLayer/ZombieRepo/Content/ObjectAssets/FPWeapon/Mesh/Machinegun/Tex/SM_Scar_Bolts_Roughness.uasset" 7773
"../../../../CreationLayer/ZombieRepo/Content/ObjectAssets/FPWeapon/Mesh/Machinegun/Tex/SM_Scar_Grips_BaseColor.uasset" 7774
"../../../../CreationLayer/ZombieRepo/Content/ObjectAssets/FPWeapon/Mesh/Machinegun/Tex/SM_Scar_Grips_Height.uasset" 7775
"../../../../CreationLayer/ZombieRepo/Content/ObjectAssets/FPWeapon/Mesh/Machinegun/Tex/SM_Scar_Grips_Metallic.uasset" 7776
"../../../../CreationLayer/ZombieRepo/Content/ObjectAssets/FPWeapon/Mesh/Machinegun/Tex/SM_Scar_Grips_Normal.uasset" 7777
"../../../../CreationLayer/ZombieRepo/Content/ObjectAssets/FPWeapon/Mesh/Machinegun/Tex/SM_Scar_Grips_Roughness.uasset" 7778
"../../../../CreationLayer/ZombieRepo/Content/ObjectAssets/FPWeapon/Mesh/Machinegun/Tex/SM_Scar_Handle_BaseColor.uasset" 7779
"../../../../CreationLayer/ZombieRepo/Content/ObjectAssets/FPWeapon/Mesh/Machinegun/Tex/SM_Scar_Handle_Height.uasset" 7780
"../../../../CreationLayer/ZombieRepo/Content/ObjectAssets/FPWeapon/Mesh/Machinegun/Tex/SM_Scar_Handle_Metallic.uasset" 7781
"../../../../CreationLayer/ZombieRepo/Content/ObjectAssets/FPWeapon/Mesh/Machinegun/Tex/SM_Scar_Handle_Normal.uasset" 7782
"../../../../CreationLayer/ZombieRepo/Content/ObjectAssets/FPWeapon/Mesh/Machinegun/Tex/SM_Scar_Handle_Roughness.uasset" 7783
"../../../../CreationLayer/ZombieRepo/Content/ObjectAssets/FPWeapon/Mesh/Machinegun/Tex/SM_Scar_Hinge_BaseColor.uasset" 7784
"../../../../CreationLayer/ZombieRepo/Content/ObjectAssets/FPWeapon/Mesh/Machinegun/Tex/SM_Scar_Hinge_Height.uasset" 7785
"../../../../CreationLayer/ZombieRepo/Content/ObjectAssets/FPWeapon/Mesh/Machinegun/Tex/SM_Scar_Hinge_Metallic.uasset" 7786
"../../../../CreationLayer/ZombieRepo/Content/ObjectAssets/FPWeapon/Mesh/Machinegun/Tex/SM_Scar_Hinge_Normal.uasset" 7787
"../../../../CreationLayer/ZombieRepo/Content/ObjectAssets/FPWeapon/Mesh/Machinegun/Tex/SM_Scar_Hinge_Roughness.uasset" 7788
"../../../../CreationLayer/ZombieRepo/Content/ObjectAssets/FPWeapon/Mesh/Machinegun/Tex/SM_Scar_Hinge_bolt_Height.uasset" 7789
"../../../../CreationLayer/ZombieRepo/Content/ObjectAssets/FPWeapon/Mesh/Machinegun/Tex/SM_Scar_Hingebolt_BaseColor.uasset" 7790
"../../../../CreationLayer/ZombieRepo/Content/ObjectAssets/FPWeapon/Mesh/Machinegun/Tex/SM_Scar_Hingebolt_Metallic.uasset" 7791
"../../../../CreationLayer/ZombieRepo/Content/ObjectAssets/FPWeapon/Mesh/Machinegun/Tex/SM_Scar_Hingebolt_Normal.uasset" 7792
"../../../../CreationLayer/ZombieRepo/Content/ObjectAssets/FPWeapon/Mesh/Machinegun/Tex/SM_Scar_Hingebolt_Roughness.uasset" 7793
"../../../../CreationLayer/ZombieRepo/Content/ObjectAssets/FPWeapon/Mesh/Machinegun/Tex/SM_Scar_Magazin_Normal.uasset" 7794
"../../../../CreationLayer/ZombieRepo/Content/ObjectAssets/FPWeapon/Mesh/Machinegun/Tex/SM_Scar_Magazine_BaseColor.uasset" 7795
"../../../../CreationLayer/ZombieRepo/Content/ObjectAssets/FPWeapon/Mesh/Machinegun/Tex/SM_Scar_Magazine_Height.uasset" 7796
"../../../../CreationLayer/ZombieRepo/Content/ObjectAssets/FPWeapon/Mesh/Machinegun/Tex/SM_Scar_Magazine_Metallic.uasset" 7797
"../../../../CreationLayer/ZombieRepo/Content/ObjectAssets/FPWeapon/Mesh/Machinegun/Tex/SM_Scar_Magazine_Roughness.uasset" 7798
"../../../../CreationLayer/ZombieRepo/Content/ObjectAssets/FPWeapon/Mesh/Machinegun/Tex/SM_Scar_Stock_BaseColor.uasset" 7799
"../../../../CreationLayer/ZombieRepo/Content/ObjectAssets/FPWeapon/Mesh/Machinegun/Tex/SM_Scar_Stock_Height.uasset" 7800
"../../../../CreationLayer/ZombieRepo/Content/ObjectAssets/FPWeapon/Mesh/Machinegun/Tex/SM_Scar_Stock_Metallic.uasset" 7801
"../../../../CreationLayer/ZombieRepo/Content/ObjectAssets/FPWeapon/Mesh/Machinegun/Tex/SM_Scar_Stock_Normal.uasset" 7802
"../../../../CreationLayer/ZombieRepo/Content/ObjectAssets/FPWeapon/Mesh/Machinegun/Tex/SM_Scar_Stock_Roughness.uasset" 7803
"../../../../CreationLayer/ZombieRepo/Content/ObjectAssets/FPWeapon/Mesh/Machinegun/Tex/SM_Scar_Switch_BaseColor.uasset" 7804
"../../../../CreationLayer/ZombieRepo/Content/ObjectAssets/FPWeapon/Mesh/Machinegun/Tex/SM_Scar_Switch_Height.uasset" 7805
"../../../../CreationLayer/ZombieRepo/Content/ObjectAssets/FPWeapon/Mesh/Machinegun/Tex/SM_Scar_Switch_Metallic.uasset" 7806
"../../../../CreationLayer/ZombieRepo/Content/ObjectAssets/FPWeapon/Mesh/Machinegun/Tex/SM_Scar_Switch_Normal.uasset" 7807
"../../../../CreationLayer/ZombieRepo/Content/ObjectAssets/FPWeapon/Mesh/Machinegun/Tex/SM_Scar_Switch_Roughness.uasset" 7808
"../../../../CreationLayer/ZombieRepo/Content/ObjectAssets/FPWeapon/Mesh/Shotgun/Textures/MI_SGGrip.uasset" 7809
"../../../../CreationLayer/ZombieRepo/Content/ObjectAssets/FPWeapon/Mesh/Shotgun/Textures/MI_SGLeather.uasset" 7810
"../../../../CreationLayer/ZombieRepo/Content/ObjectAssets/FPWeapon/Mesh/Shotgun/Textures/MI_SGMetal.uasset" 7811
"../../../../CreationLayer/ZombieRepo/Content/ObjectAssets/FPWeapon/Mesh/Shotgun/SK_CombinedSG_F0268010.uasset" 7812
"../../Plugins/FX/Niagara/Content/DefaultAssets/T_NiagaraUVDebug.uasset" 7813
"../../Plugins/FX/Niagara/Content/Functions/V2/CalculateRandomRangeFloat.uasset" 7814
"../../Plugins/FX/Niagara/Content/Functions/Emitter/EmitterChangeState.uasset" 7815
"../../Plugins/FX/Niagara/Content/Functions/DirectionAndLengthSafe.uasset" 7816
"../../Plugins/FX/Niagara/Content/Functions/Drag/DragVelocity.uasset" 7817
"../../Plugins/FX/Niagara/Content/Functions/Math/CentimeterMeterConversion.uasset" 7818
"../../Plugins/FX/Niagara/Content/Functions/Rotation/MultiplyVectorWithQuaternion.uasset" 7819
"../../Plugins/FX/Niagara/Content/Modules/Solvers/ApplyRotationVector.uasset" 7820
"../../Plugins/FX/Niagara/Content/Icons/Modules/T_Icon_Solver_LimitAccel.uasset" 7821
"../../Plugins/FX/Niagara/Content/Icons/Modules/T_Icon_Solver_LimitSpeed.uasset" 7822
"../../Plugins/FX/Niagara/Content/Icons/Modules/T_Icon_Solver_RotationalSolve.uasset" 7823
"../../Plugins/FX/Niagara/Content/Functions/LinearColor/HueShiftLinearColor.uasset" 7824
"../../Plugins/FX/Niagara/Content/Functions/Localspace/SimulationPosition.uasset" 7825
"../../Plugins/FX/Niagara/Content/Functions/Localspace/TransformVector.uasset" 7826
"../../Plugins/FX/Niagara/Content/Functions/V2/CalculateRandomBool.uasset" 7827
"../../Plugins/FX/Niagara/Content/Functions/V2/CalculateRandomRange.uasset" 7828
"../../Plugins/FX/Niagara/Content/Functions/V2/CalculateRandomRangeInteger.uasset" 7829
"../../Plugins/FX/Niagara/Content/Functions/Localspace/TransformPosition.uasset" 7830
"../../Plugins/FX/Niagara/Content/Functions/Math/CalculateRandomPointInConeSphereIntersection.uasset" 7831
"../../Plugins/FX/Niagara/Content/Functions/Math/SaturateFloat.uasset" 7832
"../../Plugins/FX/Niagara/Content/Functions/NormalizedExecutionIndex.uasset" 7833
"../../Plugins/FX/Niagara/Content/Functions/ParametricTorus.uasset" 7834
"../../Plugins/FX/Niagara/Content/Functions/ParametricTorusKnot.uasset" 7835
"../../Plugins/FX/Niagara/Content/Functions/PolarToCartesianCoordinates.uasset" 7836
"../../Plugins/FX/Niagara/Content/Functions/RandomPointInBox.uasset" 7837
"../../Plugins/FX/Niagara/Content/Functions/Rotation/AngleUnitConverter.uasset" 7838
"../../Plugins/FX/Niagara/Content/Functions/Rotation/RotateVector2D.uasset" 7839
"../../Plugins/FX/Niagara/Content/Functions/Rotation/TransformStack/TransformStack_Rotation.uasset" 7840
"../../Plugins/FX/Niagara/Content/Functions/SphericalToCartesianCoordinates.uasset" 7841
"../../Plugins/FX/Niagara/Content/Functions/V2/RemapRange.uasset" 7842
"../../Plugins/FX/Niagara/Content/Enums/ENiagaraExpansionMode.uasset" 7843
"../../Plugins/FX/Niagara/Content/Functions/Rotation/FindQuatBetween.uasset" 7844
"../../Plugins/FX/Niagara/Content/Functions/Rotation/MatrixToQuaternion.uasset" 7845
"../../Plugins/FX/Niagara/Content/Functions/Rotation/MultiplyQuaternion.uasset" 7846
"../../Plugins/FX/Niagara/Content/Functions/Rotation/RandomQuaternion.uasset" 7847
"../../Plugins/FX/Niagara/Content/Functions/Rotation/AxisAngleToQuaternion.uasset" 7848
"../../Plugins/FX/Niagara/Content/Functions/Rotation/InvertQuaternion.uasset" 7849
"../../Plugins/FX/Niagara/Content/Functions/Rotation/MakeQuaternionFrom3BasisVectors.uasset" 7850
"../../Plugins/FX/Niagara/Content/Functions/Rotation/XYZRotationToQuaternion.uasset" 7851
"../../Plugins/FX/Niagara/Content/Functions/V2/CalculateRandomUnitVector.uasset" 7852
"../../Plugins/FX/Niagara/Content/Functions/V2/DistanceBasedFalloff.uasset" 7853
"../../Plugins/FX/Niagara/Content/Functions/System/SystemChangeState.uasset" 7854
"../../Plugins/FX/Niagara/Content/Functions/Localspace/PositionToVector.uasset" 7855
"../../Plugins/FX/Niagara/Content/Icons/Modules/T_Icon_Particle_InfiniteLife.uasset" 7856
"../../../../CreationLayer/ZombieRepo/Content/Myer1919/Material/Master/M_Weapon_Mat.uasset" 7857
"../../../../CreationLayer/ZombieRepo/Content/Myer1919/Texture/Skin/T_Tiger_Skin.uasset" 7858
"../../../../CreationLayer/ZombieRepo/Content/Myer1919/Texture/T_Myer-1919_BaseColor.uasset" 7859
"../../../../CreationLayer/ZombieRepo/Content/Myer1919/Texture/T_Myer-1919_Mask.uasset" 7860
"../../../../CreationLayer/ZombieRepo/Content/Myer1919/Texture/T_Myer-1919_Normal.uasset" 7861
"../../../../CreationLayer/ZombieRepo/Content/Myer1919/Texture/T_Myer-1919_ORM.uasset" 7862
"../../../../CreationLayer/ZombieRepo/Content/ObjectAssets/FPWeapon/Mesh/Shotgun/Textures/SM_Shotgun_Stock_BaseColor.uasset" 7863
"../../../../CreationLayer/ZombieRepo/Content/ObjectAssets/FPWeapon/Mesh/Shotgun/Textures/SM_Shotgun_Stock_Height.uasset" 7864
"../../../../CreationLayer/ZombieRepo/Content/ObjectAssets/FPWeapon/Mesh/Shotgun/Textures/SM_Shotgun_Stock_Metallic.uasset" 7865
"../../../../CreationLayer/ZombieRepo/Content/ObjectAssets/FPWeapon/Mesh/Shotgun/Textures/SM_Shotgun_Stock_Normal.uasset" 7866
"../../../../CreationLayer/ZombieRepo/Content/ObjectAssets/FPWeapon/Mesh/Shotgun/Textures/SM_Shotgun_Stock_Roughness.uasset" 7867
"../../../../CreationLayer/ZombieRepo/Content/ObjectAssets/FPWeapon/Mesh/Shotgun/Textures/SM_Shotgun_Leather_BaseColor.uasset" 7868
"../../../../CreationLayer/ZombieRepo/Content/ObjectAssets/FPWeapon/Mesh/Shotgun/Textures/SM_Shotgun_Leather_Height.uasset" 7869
"../../../../CreationLayer/ZombieRepo/Content/ObjectAssets/FPWeapon/Mesh/Shotgun/Textures/SM_Shotgun_Leather_Metallic.uasset" 7870
"../../../../CreationLayer/ZombieRepo/Content/ObjectAssets/FPWeapon/Mesh/Shotgun/Textures/SM_Shotgun_Leather_Normal.uasset" 7871
"../../../../CreationLayer/ZombieRepo/Content/ObjectAssets/FPWeapon/Mesh/Shotgun/Textures/SM_Shotgun_Leather_Roughness.uasset" 7872
"../../../../CreationLayer/ZombieRepo/Content/ObjectAssets/FPWeapon/Mesh/Shotgun/Textures/SM_Shotgun_Metal_BaseColor.uasset" 7873
"../../../../CreationLayer/ZombieRepo/Content/ObjectAssets/FPWeapon/Mesh/Shotgun/Textures/SM_Shotgun_Metal_Height.uasset" 7874
"../../../../CreationLayer/ZombieRepo/Content/ObjectAssets/FPWeapon/Mesh/Shotgun/Textures/SM_Shotgun_Metal_Metallic.uasset" 7875
"../../../../CreationLayer/ZombieRepo/Content/ObjectAssets/FPWeapon/Mesh/Shotgun/Textures/SM_Shotgun_Metal_Normal.uasset" 7876
"../../../../CreationLayer/ZombieRepo/Content/ObjectAssets/FPWeapon/Mesh/Shotgun/Textures/SM_Shotgun_Metal_Roughness.uasset" 7877
"../../Plugins/FX/Niagara/Content/Functions/Localspace/TransformBase.uasset" 7878
"../../Plugins/FX/Niagara/Content/Functions/RandomRangeFloat.uasset" 7879
"../../Plugins/FX/Niagara/Content/Functions/IsolateLongestVectorComponent.uasset" 7880
"../../Plugins/FX/Niagara/Content/Functions/NormalizeDistanceRange.uasset" 7881
"../../Plugins/FX/Niagara/Content/Functions/ChannelMasks/SelectV4Channel.uasset" 7882
"../../Plugins/FX/Niagara/Content/Enums/ENiagaraVector4_Channels.uasset" 7883
"../../../../CreationLayer/ZombieRepo/Content/Myer1919/Material/Master/MF_UVTransform_Func.uasset" 7884
"../../../../CreationLayer/ZombieRepo/Content/Myer1919/Texture/Skin/T_Cloud2Mask.uasset" 7885
"../../../../CreationLayer/ZombieRepo/Content/Myer1919/Texture/Skin/T_CloudMask.uasset" 7886
"../../../../CreationLayer/ZombieRepo/Content/Myer1919/Texture/Skin/T_Distortion.uasset" 7887
"../../../../CreationLayer/ZombieRepo/Content/Myer1919/Texture/Skin/T_IceCrack_BaseColor.uasset" 7888
"../../../../CreationLayer/ZombieRepo/Content/Myer1919/Texture/Skin/T_IceCrack_Normal.uasset" 7889
"../../../../CreationLayer/ZombieRepo/Content/Myer1919/Texture/Skin/T_IceCrack_OcclusionRoughnessMetallic.uasset" 7890
"../../../../CreationLayer/ZombieRepo/Content/Myer1919/Texture/Skin/T_RedCamo.uasset" 7891
"../../../../CreationLayer/ZombieRepo/Content/Myer1919/Texture/T_Ster-550_BaseColor.uasset" 7892
"../../../../CreationLayer/ZombieRepo/Content/Myer1919/Texture/T_Ster-550_Mask.uasset" 7893
"../../../../CreationLayer/ZombieRepo/Content/Myer1919/Texture/T_Ster-550_Normal.uasset" 7894
"../../../../CreationLayer/ZombieRepo/Content/Myer1919/Texture/T_Ster-550_ORM.uasset" 7895
"../../Plugins/FX/Niagara/Content/Functions/GetRandomInfo.uasset" 7896
"/Game/__ExternalActors__/LevelPrototyping/Levels/DevRooms/TestRoom3/3/87/XZK4V644K5S9JMIKRO66Z9" 7897
"../../../../CreationLayer/ZombieRepo/Content/__ExternalActors__/LevelPrototyping/Levels/DevRooms/TestRoom3/3/87/XZK4V644K5S9JMIKRO66Z9.uasset" 7898
"/Game/__ExternalActors__/LevelPrototyping/Levels/DevRooms/TestRoom3/3/A6/UPPBDHHNDANC83B1N9JE0T" 7899
"../../../../CreationLayer/ZombieRepo/Content/__ExternalActors__/LevelPrototyping/Levels/DevRooms/TestRoom3/3/A6/UPPBDHHNDANC83B1N9JE0T.uasset" 7900
"/Game/__ExternalActors__/LevelPrototyping/Levels/DevRooms/TestRoom3/3/BG/7B2H4YC48713WLKU5BR6KX" 7901
"../../../../CreationLayer/ZombieRepo/Content/__ExternalActors__/LevelPrototyping/Levels/DevRooms/TestRoom3/3/BG/7B2H4YC48713WLKU5BR6KX.uasset" 7902
"/Game/__ExternalActors__/LevelPrototyping/Levels/DevRooms/TestRoom3/3/C0/YTZCF908XVH1XNDS8KVR1G" 7903
"../../../../CreationLayer/ZombieRepo/Content/__ExternalActors__/LevelPrototyping/Levels/DevRooms/TestRoom3/3/C0/YTZCF908XVH1XNDS8KVR1G.uasset" 7904
"/Game/__ExternalActors__/LevelPrototyping/Levels/DevRooms/TestRoom3/3/CK/ZW5GMJFYYA25OV33Q40B1B" 7905
"../../../../CreationLayer/ZombieRepo/Content/__ExternalActors__/LevelPrototyping/Levels/DevRooms/TestRoom3/3/CK/ZW5GMJFYYA25OV33Q40B1B.uasset" 7906
"/Game/__ExternalActors__/LevelPrototyping/Levels/DevRooms/TestRoom3/3/DP/H0SP2WUX50RE700JJWD237" 7907
"../../../../CreationLayer/ZombieRepo/Content/__ExternalActors__/LevelPrototyping/Levels/DevRooms/TestRoom3/3/DP/H0SP2WUX50RE700JJWD237.uasset" 7908
"/Game/__ExternalActors__/LevelPrototyping/Levels/DevRooms/TestRoom3/3/FA/T47JNV0AS2K7BKF9GTAH4V" 7909
"../../../../CreationLayer/ZombieRepo/Content/__ExternalActors__/LevelPrototyping/Levels/DevRooms/TestRoom3/3/FA/T47JNV0AS2K7BKF9GTAH4V.uasset" 7910
"/Game/__ExternalActors__/LevelPrototyping/Levels/DevRooms/TestRoom3/3/FB/NU6S79SRTD1JZ02N40X466" 7911
"../../../../CreationLayer/ZombieRepo/Content/__ExternalActors__/LevelPrototyping/Levels/DevRooms/TestRoom3/3/FB/NU6S79SRTD1JZ02N40X466.uasset" 7912
"/Game/__ExternalActors__/LevelPrototyping/Levels/DevRooms/TestRoom3/3/IL/NQYLH3M7JJ6WIE6HG1KXS4" 7913
"../../../../CreationLayer/ZombieRepo/Content/__ExternalActors__/LevelPrototyping/Levels/DevRooms/TestRoom3/3/IL/NQYLH3M7JJ6WIE6HG1KXS4.uasset" 7914
"/Game/__ExternalActors__/LevelPrototyping/Levels/DevRooms/TestRoom3/3/OB/1FQ32HBL2W9RUFG3U43I3B" 7915
"../../../../CreationLayer/ZombieRepo/Content/__ExternalActors__/LevelPrototyping/Levels/DevRooms/TestRoom3/3/OB/1FQ32HBL2W9RUFG3U43I3B.uasset" 7916
"/Game/__ExternalActors__/LevelPrototyping/Levels/DevRooms/TestRoom3/3/PU/U2NPF61TDBSDKTR4TWXTT1" 7917
"../../../../CreationLayer/ZombieRepo/Content/__ExternalActors__/LevelPrototyping/Levels/DevRooms/TestRoom3/3/PU/U2NPF61TDBSDKTR4TWXTT1.uasset" 7918
"/Game/__ExternalActors__/LevelPrototyping/Levels/DevRooms/TestRoom3/3/YV/NX1ZCGSN1PRE9WJBGBY94B" 7919
"../../../../CreationLayer/ZombieRepo/Content/__ExternalActors__/LevelPrototyping/Levels/DevRooms/TestRoom3/3/YV/NX1ZCGSN1PRE9WJBGBY94B.uasset" 7920
"/Game/__ExternalActors__/LevelPrototyping/Levels/DevRooms/TestRoom3/4/2D/8D24E4DEFHTFAVFQUNPTZE" 7921
"../../../../CreationLayer/ZombieRepo/Content/__ExternalActors__/LevelPrototyping/Levels/DevRooms/TestRoom3/4/2D/8D24E4DEFHTFAVFQUNPTZE.uasset" 7922
"/Game/__ExternalActors__/LevelPrototyping/Levels/DevRooms/TestRoom3/4/4I/MV8GJNL0UIOE8W81ZTCYA3" 7923
"../../../../CreationLayer/ZombieRepo/Content/__ExternalActors__/LevelPrototyping/Levels/DevRooms/TestRoom3/4/4I/MV8GJNL0UIOE8W81ZTCYA3.uasset" 7924
"/Game/__ExternalActors__/LevelPrototyping/Levels/DevRooms/TestRoom3/4/4Y/5HMPZCRLW6JI03N1BFVSV5" 7925
"../../../../CreationLayer/ZombieRepo/Content/__ExternalActors__/LevelPrototyping/Levels/DevRooms/TestRoom3/4/4Y/5HMPZCRLW6JI03N1BFVSV5.uasset" 7926
"/Game/__ExternalActors__/LevelPrototyping/Levels/DevRooms/TestRoom3/4/52/ZVXSOQ2ZQ4139OL9H7SFYK" 7927
"../../../../CreationLayer/ZombieRepo/Content/__ExternalActors__/LevelPrototyping/Levels/DevRooms/TestRoom3/4/52/ZVXSOQ2ZQ4139OL9H7SFYK.uasset" 7928
"/Game/__ExternalActors__/LevelPrototyping/Levels/DevRooms/TestRoom3/4/5B/8YFRBX6AVNWK5KOPHPE3GZ" 7929
"../../../../CreationLayer/ZombieRepo/Content/__ExternalActors__/LevelPrototyping/Levels/DevRooms/TestRoom3/4/5B/8YFRBX6AVNWK5KOPHPE3GZ.uasset" 7930
"/Game/__ExternalActors__/LevelPrototyping/Levels/DevRooms/TestRoom3/4/5G/MC479TSRTQCJ58WEK3XDE8" 7931
"../../../../CreationLayer/ZombieRepo/Content/__ExternalActors__/LevelPrototyping/Levels/DevRooms/TestRoom3/4/5G/MC479TSRTQCJ58WEK3XDE8.uasset" 7932
"/Game/__ExternalActors__/LevelPrototyping/Levels/DevRooms/TestRoom3/4/68/F9JFLEPR2V7SXS687I0OCI" 7933
"../../../../CreationLayer/ZombieRepo/Content/__ExternalActors__/LevelPrototyping/Levels/DevRooms/TestRoom3/4/68/F9JFLEPR2V7SXS687I0OCI.uasset" 7934
"/Game/__ExternalActors__/LevelPrototyping/Levels/DevRooms/TestRoom3/4/6S/WEW07QSD0C5ZCTCW6SEO3A" 7935
"../../../../CreationLayer/ZombieRepo/Content/__ExternalActors__/LevelPrototyping/Levels/DevRooms/TestRoom3/4/6S/WEW07QSD0C5ZCTCW6SEO3A.uasset" 7936
"/Game/__ExternalActors__/LevelPrototyping/Levels/DevRooms/TestRoom3/4/AC/Q9S46K1PDRZVZDW9O77QI4" 7937
"../../../../CreationLayer/ZombieRepo/Content/__ExternalActors__/LevelPrototyping/Levels/DevRooms/TestRoom3/4/AC/Q9S46K1PDRZVZDW9O77QI4.uasset" 7938
"/Game/__ExternalActors__/LevelPrototyping/Levels/DevRooms/TestRoom3/4/BV/BJJFV6THENG81G4VRQPNYV" 7939
"../../../../CreationLayer/ZombieRepo/Content/__ExternalActors__/LevelPrototyping/Levels/DevRooms/TestRoom3/4/BV/BJJFV6THENG81G4VRQPNYV.uasset" 7940
"../../../../CreationLayer/ZombieRepo/Content/BP/Objects/BP_HealthSpawn.uasset" 7941
"/Game/__ExternalActors__/LevelPrototyping/Levels/DevRooms/TestRoom3/4/DF/O64TILLE6E9JBY4J2HOIGH" 7942
"../../../../CreationLayer/ZombieRepo/Content/__ExternalActors__/LevelPrototyping/Levels/DevRooms/TestRoom3/4/DF/O64TILLE6E9JBY4J2HOIGH.uasset" 7943
"/Game/__ExternalActors__/LevelPrototyping/Levels/DevRooms/TestRoom3/4/DP/L8YOKLDKDP5QHZFNP6I4VN" 7944
"../../../../CreationLayer/ZombieRepo/Content/__ExternalActors__/LevelPrototyping/Levels/DevRooms/TestRoom3/4/DP/L8YOKLDKDP5QHZFNP6I4VN.uasset" 7945
"/Game/__ExternalActors__/LevelPrototyping/Levels/DevRooms/TestRoom3/4/EQ/Y254J1HIT5QLRCEQIIG5EK" 7946
"../../../../CreationLayer/ZombieRepo/Content/__ExternalActors__/LevelPrototyping/Levels/DevRooms/TestRoom3/4/EQ/Y254J1HIT5QLRCEQIIG5EK.uasset" 7947
"/Game/__ExternalActors__/LevelPrototyping/Levels/DevRooms/TestRoom3/4/FJ/33SSR3VYNXGEXC4BPIPMHY" 7948
"../../../../CreationLayer/ZombieRepo/Content/__ExternalActors__/LevelPrototyping/Levels/DevRooms/TestRoom3/4/FJ/33SSR3VYNXGEXC4BPIPMHY.uasset" 7949
"/Game/__ExternalActors__/LevelPrototyping/Levels/DevRooms/TestRoom3/4/IS/IQD4667Y7U34KGVZOF6ZX7" 7950
"../../../../CreationLayer/ZombieRepo/Content/__ExternalActors__/LevelPrototyping/Levels/DevRooms/TestRoom3/4/IS/IQD4667Y7U34KGVZOF6ZX7.uasset" 7951
"/Game/__ExternalActors__/LevelPrototyping/Levels/DevRooms/TestRoom3/4/JI/FQPIBHQPJOL19T49ZCRWT0" 7952
"../../../../CreationLayer/ZombieRepo/Content/__ExternalActors__/LevelPrototyping/Levels/DevRooms/TestRoom3/4/JI/FQPIBHQPJOL19T49ZCRWT0.uasset" 7953
"/Game/__ExternalActors__/LevelPrototyping/Levels/DevRooms/TestRoom3/4/JX/W9GYWHWGN7P6QPK3KBGQDY" 7954
"../../../../CreationLayer/ZombieRepo/Content/__ExternalActors__/LevelPrototyping/Levels/DevRooms/TestRoom3/4/JX/W9GYWHWGN7P6QPK3KBGQDY.uasset" 7955
"/Game/__ExternalActors__/LevelPrototyping/Levels/DevRooms/TestRoom3/4/KG/SRVGD68BSP8TTUOZHPIYRF" 7956
"../../../../CreationLayer/ZombieRepo/Content/__ExternalActors__/LevelPrototyping/Levels/DevRooms/TestRoom3/4/KG/SRVGD68BSP8TTUOZHPIYRF.uasset" 7957
"/Game/__ExternalActors__/LevelPrototyping/Levels/DevRooms/TestRoom3/4/KR/PIKPXV0TW423WIO4G3T2N3" 7958
"../../../../CreationLayer/ZombieRepo/Content/__ExternalActors__/LevelPrototyping/Levels/DevRooms/TestRoom3/4/KR/PIKPXV0TW423WIO4G3T2N3.uasset" 7959
"/Game/__ExternalActors__/LevelPrototyping/Levels/DevRooms/TestRoom3/4/MS/O24VBJJ2VGE07OFXY0NLSH" 7960
"../../../../CreationLayer/ZombieRepo/Content/__ExternalActors__/LevelPrototyping/Levels/DevRooms/TestRoom3/4/MS/O24VBJJ2VGE07OFXY0NLSH.uasset" 7961
"/Game/__ExternalActors__/LevelPrototyping/Levels/DevRooms/TestRoom3/4/O9/AEMHW0HLL75R34414KNUCG" 7962
"../../../../CreationLayer/ZombieRepo/Content/__ExternalActors__/LevelPrototyping/Levels/DevRooms/TestRoom3/4/O9/AEMHW0HLL75R34414KNUCG.uasset" 7963
"/Game/__ExternalActors__/LevelPrototyping/Levels/DevRooms/TestRoom3/4/OJ/QYMRAO699EH8C4OHCDN781" 7964
"../../../../CreationLayer/ZombieRepo/Content/__ExternalActors__/LevelPrototyping/Levels/DevRooms/TestRoom3/4/OJ/QYMRAO699EH8C4OHCDN781.uasset" 7965
"/Game/__ExternalActors__/LevelPrototyping/Levels/DevRooms/TestRoom3/4/OZ/CVHNGN3TXYYDUQSKWNHMEI" 7966
"../../../../CreationLayer/ZombieRepo/Content/__ExternalActors__/LevelPrototyping/Levels/DevRooms/TestRoom3/4/OZ/CVHNGN3TXYYDUQSKWNHMEI.uasset" 7967
"/Game/__ExternalActors__/LevelPrototyping/Levels/DevRooms/TestRoom3/4/P1/4SE76UCJ18X0X0HU4Q2AAS" 7968
"../../../../CreationLayer/ZombieRepo/Content/__ExternalActors__/LevelPrototyping/Levels/DevRooms/TestRoom3/4/P1/4SE76UCJ18X0X0HU4Q2AAS.uasset" 7969
"/Game/__ExternalActors__/LevelPrototyping/Levels/DevRooms/TestRoom3/4/RD/0Z0OUJ06G6ROODZOZ2HS3U" 7970
"../../../../CreationLayer/ZombieRepo/Content/__ExternalActors__/LevelPrototyping/Levels/DevRooms/TestRoom3/4/RD/0Z0OUJ06G6ROODZOZ2HS3U.uasset" 7971
"/Game/__ExternalActors__/LevelPrototyping/Levels/DevRooms/TestRoom3/4/RV/6ZP8M3LWCNXL6J4E6Q3LCM" 7972
"../../../../CreationLayer/ZombieRepo/Content/__ExternalActors__/LevelPrototyping/Levels/DevRooms/TestRoom3/4/RV/6ZP8M3LWCNXL6J4E6Q3LCM.uasset" 7973
"/Game/__ExternalActors__/LevelPrototyping/Levels/DevRooms/TestRoom3/4/S9/60CVZPDQKH5X3VUIC34BM0" 7974
"../../../../CreationLayer/ZombieRepo/Content/__ExternalActors__/LevelPrototyping/Levels/DevRooms/TestRoom3/4/S9/60CVZPDQKH5X3VUIC34BM0.uasset" 7975
"/Game/__ExternalActors__/LevelPrototyping/Levels/DevRooms/TestRoom3/4/SR/NJU8MDLSM74AKBGX0NTZ5Q" 7976
"../../../../CreationLayer/ZombieRepo/Content/__ExternalActors__/LevelPrototyping/Levels/DevRooms/TestRoom3/4/SR/NJU8MDLSM74AKBGX0NTZ5Q.uasset" 7977
"/Game/__ExternalActors__/LevelPrototyping/Levels/DevRooms/TestRoom3/4/U2/1UXPIK20BURCRTVR4O5KHH" 7978
"../../../../CreationLayer/ZombieRepo/Content/__ExternalActors__/LevelPrototyping/Levels/DevRooms/TestRoom3/4/U2/1UXPIK20BURCRTVR4O5KHH.uasset" 7979
"/Game/__ExternalActors__/LevelPrototyping/Levels/DevRooms/TestRoom3/4/UA/GI7UJCU1LI4TLJRJLLJDT8" 7980
"../../../../CreationLayer/ZombieRepo/Content/__ExternalActors__/LevelPrototyping/Levels/DevRooms/TestRoom3/4/UA/GI7UJCU1LI4TLJRJLLJDT8.uasset" 7981
"/Game/__ExternalActors__/LevelPrototyping/Levels/DevRooms/TestRoom3/4/VW/GDA6B6CS2ZNWU3DMGO2HN7" 7982
"../../../../CreationLayer/ZombieRepo/Content/__ExternalActors__/LevelPrototyping/Levels/DevRooms/TestRoom3/4/VW/GDA6B6CS2ZNWU3DMGO2HN7.uasset" 7983
"/Game/__ExternalActors__/LevelPrototyping/Levels/DevRooms/TestRoom3/4/YB/O8D3IXVSY2XBH26CNLHRJ3" 7984
"../../../../CreationLayer/ZombieRepo/Content/__ExternalActors__/LevelPrototyping/Levels/DevRooms/TestRoom3/4/YB/O8D3IXVSY2XBH26CNLHRJ3.uasset" 7985
"/Game/__ExternalActors__/LevelPrototyping/Levels/DevRooms/TestRoom3/5/AV/4ATJPIFD9SAFP397RKFIS3" 7986
"../../../../CreationLayer/ZombieRepo/Content/__ExternalActors__/LevelPrototyping/Levels/DevRooms/TestRoom3/5/AV/4ATJPIFD9SAFP397RKFIS3.uasset" 7987
"/Game/__ExternalActors__/LevelPrototyping/Levels/DevRooms/TestRoom3/5/FZ/V4HJU7UT8HA091DIENO1HB" 7988
"../../../../CreationLayer/ZombieRepo/Content/__ExternalActors__/LevelPrototyping/Levels/DevRooms/TestRoom3/5/FZ/V4HJU7UT8HA091DIENO1HB.uasset" 7989
"/Game/__ExternalActors__/LevelPrototyping/Levels/DevRooms/TestRoom3/5/KN/0JZ6OAZKLQRQFIUN019FS0" 7990
"../../../../CreationLayer/ZombieRepo/Content/__ExternalActors__/LevelPrototyping/Levels/DevRooms/TestRoom3/5/KN/0JZ6OAZKLQRQFIUN019FS0.uasset" 7991
"/Game/__ExternalActors__/LevelPrototyping/Levels/DevRooms/TestRoom3/5/M5/C43M19IY97YB8JCZU117KQ" 7992
"../../../../CreationLayer/ZombieRepo/Content/__ExternalActors__/LevelPrototyping/Levels/DevRooms/TestRoom3/5/M5/C43M19IY97YB8JCZU117KQ.uasset" 7993
"/Game/__ExternalActors__/LevelPrototyping/Levels/DevRooms/TestRoom3/5/M8/PLH3MNMMG3O1Y254LENLDF" 7994
"../../../../CreationLayer/ZombieRepo/Content/__ExternalActors__/LevelPrototyping/Levels/DevRooms/TestRoom3/5/M8/PLH3MNMMG3O1Y254LENLDF.uasset" 7995
"/Game/__ExternalActors__/LevelPrototyping/Levels/DevRooms/TestRoom3/5/PC/1FUDBSCGDQP3SZ711P0D8P" 7996
"../../../../CreationLayer/ZombieRepo/Content/__ExternalActors__/LevelPrototyping/Levels/DevRooms/TestRoom3/5/PC/1FUDBSCGDQP3SZ711P0D8P.uasset" 7997
"/Game/__ExternalActors__/LevelPrototyping/Levels/DevRooms/TestRoom3/5/QB/DVRMT2HH6RIVVYX8Q3XD31" 7998
"../../../../CreationLayer/ZombieRepo/Content/__ExternalActors__/LevelPrototyping/Levels/DevRooms/TestRoom3/5/QB/DVRMT2HH6RIVVYX8Q3XD31.uasset" 7999
"/Game/__ExternalActors__/LevelPrototyping/Levels/DevRooms/TestRoom3/5/QN/YJ4NGD4SNPH8IF3XUVTTAS" 8000
"../../../../CreationLayer/ZombieRepo/Content/__ExternalActors__/LevelPrototyping/Levels/DevRooms/TestRoom3/5/QN/YJ4NGD4SNPH8IF3XUVTTAS.uasset" 8001
"/Game/__ExternalActors__/LevelPrototyping/Levels/DevRooms/TestRoom3/5/RV/1C9INSH5CW4FZYQMPN5GXJ" 8002
"../../../../CreationLayer/ZombieRepo/Content/__ExternalActors__/LevelPrototyping/Levels/DevRooms/TestRoom3/5/RV/1C9INSH5CW4FZYQMPN5GXJ.uasset" 8003
"/Game/__ExternalActors__/LevelPrototyping/Levels/DevRooms/TestRoom3/5/SH/LPQ182EU5ZYQTESXB6HQ73" 8004
"../../../../CreationLayer/ZombieRepo/Content/__ExternalActors__/LevelPrototyping/Levels/DevRooms/TestRoom3/5/SH/LPQ182EU5ZYQTESXB6HQ73.uasset" 8005
"/Game/__ExternalActors__/LevelPrototyping/Levels/DevRooms/TestRoom3/5/UJ/JZ31LSLYGPQ578UJU3JYXH" 8006
"../../../../CreationLayer/ZombieRepo/Content/__ExternalActors__/LevelPrototyping/Levels/DevRooms/TestRoom3/5/UJ/JZ31LSLYGPQ578UJU3JYXH.uasset" 8007
"/Game/__ExternalActors__/LevelPrototyping/Levels/DevRooms/TestRoom3/5/UM/292LXUN6GTF2LU8J4NIK0X" 8008
"../../../../CreationLayer/ZombieRepo/Content/__ExternalActors__/LevelPrototyping/Levels/DevRooms/TestRoom3/5/UM/292LXUN6GTF2LU8J4NIK0X.uasset" 8009
"/Game/__ExternalActors__/LevelPrototyping/Levels/DevRooms/TestRoom3/5/VS/Z9KG7PH53B1SKKCXHF4REL" 8010
"../../../../CreationLayer/ZombieRepo/Content/__ExternalActors__/LevelPrototyping/Levels/DevRooms/TestRoom3/5/VS/Z9KG7PH53B1SKKCXHF4REL.uasset" 8011
"/Game/__ExternalActors__/LevelPrototyping/Levels/DevRooms/TestRoom3/5/XJ/85ZL2EUJH72R0BX0KLRQU6" 8012
"../../../../CreationLayer/ZombieRepo/Content/__ExternalActors__/LevelPrototyping/Levels/DevRooms/TestRoom3/5/XJ/85ZL2EUJH72R0BX0KLRQU6.uasset" 8013
"/Game/__ExternalActors__/LevelPrototyping/Levels/DevRooms/TestRoom3/5/YJ/PXSW7RU6KV48JIVF62TQVN" 8014
"../../../../CreationLayer/ZombieRepo/Content/__ExternalActors__/LevelPrototyping/Levels/DevRooms/TestRoom3/5/YJ/PXSW7RU6KV48JIVF62TQVN.uasset" 8015
"/Game/__ExternalActors__/LevelPrototyping/Levels/DevRooms/TestRoom3/5/ZC/NSN2YCE86VNTROS1ZG0KB1" 8016
"../../../../CreationLayer/ZombieRepo/Content/__ExternalActors__/LevelPrototyping/Levels/DevRooms/TestRoom3/5/ZC/NSN2YCE86VNTROS1ZG0KB1.uasset" 8017
"/Game/__ExternalActors__/LevelPrototyping/Levels/DevRooms/TestRoom3/6/1Y/THS5CUB1CJTLKCZ2RU199J" 8018
"../../../../CreationLayer/ZombieRepo/Content/__ExternalActors__/LevelPrototyping/Levels/DevRooms/TestRoom3/6/1Y/THS5CUB1CJTLKCZ2RU199J.uasset" 8019
"/Game/__ExternalActors__/LevelPrototyping/Levels/DevRooms/TestRoom3/6/4R/02RRBNM4HNW50C2K48D3IV" 8020
"../../../../CreationLayer/ZombieRepo/Content/__ExternalActors__/LevelPrototyping/Levels/DevRooms/TestRoom3/6/4R/02RRBNM4HNW50C2K48D3IV.uasset" 8021
"/Game/__ExternalActors__/LevelPrototyping/Levels/DevRooms/TestRoom3/6/5D/4403NBZ8UOI4YUN12FSVZM" 8022
"../../../../CreationLayer/ZombieRepo/Content/__ExternalActors__/LevelPrototyping/Levels/DevRooms/TestRoom3/6/5D/4403NBZ8UOI4YUN12FSVZM.uasset" 8023
"/Game/__ExternalActors__/LevelPrototyping/Levels/DevRooms/TestRoom3/6/8V/1T8CRQHML4RGWI3L5JSVVB" 8024
"../../../../CreationLayer/ZombieRepo/Content/__ExternalActors__/LevelPrototyping/Levels/DevRooms/TestRoom3/6/8V/1T8CRQHML4RGWI3L5JSVVB.uasset" 8025
"/Game/__ExternalActors__/LevelPrototyping/Levels/DevRooms/TestRoom3/6/92/8ZLUY4FQPROMBTZ3HKT96C" 8026
"../../../../CreationLayer/ZombieRepo/Content/__ExternalActors__/LevelPrototyping/Levels/DevRooms/TestRoom3/6/92/8ZLUY4FQPROMBTZ3HKT96C.uasset" 8027
"/Game/__ExternalActors__/LevelPrototyping/Levels/DevRooms/TestRoom3/6/B7/E1QRR5A73MZT68IW5G2MLR" 8028
"../../../../CreationLayer/ZombieRepo/Content/__ExternalActors__/LevelPrototyping/Levels/DevRooms/TestRoom3/6/B7/E1QRR5A73MZT68IW5G2MLR.uasset" 8029
"/Game/__ExternalActors__/LevelPrototyping/Levels/DevRooms/TestRoom3/6/DX/RMVXIIW2OH0D0TGKB6210D" 8030
"../../../../CreationLayer/ZombieRepo/Content/__ExternalActors__/LevelPrototyping/Levels/DevRooms/TestRoom3/6/DX/RMVXIIW2OH0D0TGKB6210D.uasset" 8031
"/Game/__ExternalActors__/LevelPrototyping/Levels/DevRooms/TestRoom3/6/EY/38QP96YYVW8C38695HSF6N" 8032
"../../../../CreationLayer/ZombieRepo/Content/__ExternalActors__/LevelPrototyping/Levels/DevRooms/TestRoom3/6/EY/38QP96YYVW8C38695HSF6N.uasset" 8033
"/Game/__ExternalActors__/LevelPrototyping/Levels/DevRooms/TestRoom3/6/FD/B53QGBZ1S7CK2TEMD8DPTU" 8034
"../../../../CreationLayer/ZombieRepo/Content/__ExternalActors__/LevelPrototyping/Levels/DevRooms/TestRoom3/6/FD/B53QGBZ1S7CK2TEMD8DPTU.uasset" 8035
"/Game/__ExternalActors__/LevelPrototyping/Levels/DevRooms/TestRoom3/6/G4/K4HENTPL7PUXZ84IBED385" 8036
"../../../../CreationLayer/ZombieRepo/Content/__ExternalActors__/LevelPrototyping/Levels/DevRooms/TestRoom3/6/G4/K4HENTPL7PUXZ84IBED385.uasset" 8037
"/Game/__ExternalActors__/LevelPrototyping/Levels/DevRooms/TestRoom3/6/GM/KHK526VH1RA1L6LSII7OFV" 8038
"../../../../CreationLayer/ZombieRepo/Content/__ExternalActors__/LevelPrototyping/Levels/DevRooms/TestRoom3/6/GM/KHK526VH1RA1L6LSII7OFV.uasset" 8039
"/Game/__ExternalActors__/LevelPrototyping/Levels/DevRooms/TestRoom3/6/HF/VK3YBWOWV70QM21Z7VIEWC" 8040
"../../../../CreationLayer/ZombieRepo/Content/__ExternalActors__/LevelPrototyping/Levels/DevRooms/TestRoom3/6/HF/VK3YBWOWV70QM21Z7VIEWC.uasset" 8041
"/Game/__ExternalActors__/LevelPrototyping/Levels/DevRooms/TestRoom3/6/MY/8RA5H3KMZGSCT94EJYV85R" 8042
"../../../../CreationLayer/ZombieRepo/Content/__ExternalActors__/LevelPrototyping/Levels/DevRooms/TestRoom3/6/MY/8RA5H3KMZGSCT94EJYV85R.uasset" 8043
"/Game/__ExternalActors__/LevelPrototyping/Levels/DevRooms/TestRoom3/6/SS/N19FVBDIO4REA8H15MK6TD" 8044
"../../../../CreationLayer/ZombieRepo/Content/__ExternalActors__/LevelPrototyping/Levels/DevRooms/TestRoom3/6/SS/N19FVBDIO4REA8H15MK6TD.uasset" 8045
"/Game/__ExternalActors__/LevelPrototyping/Levels/DevRooms/TestRoom3/6/T4/XP93MRA3LOT76A0FJ60H6N" 8046
"../../../../CreationLayer/ZombieRepo/Content/__ExternalActors__/LevelPrototyping/Levels/DevRooms/TestRoom3/6/T4/XP93MRA3LOT76A0FJ60H6N.uasset" 8047
"/Game/__ExternalActors__/LevelPrototyping/Levels/DevRooms/TestRoom3/6/U8/AECPSJUIDXA6NOCH2NW1CN" 8048
"../../../../CreationLayer/ZombieRepo/Content/__ExternalActors__/LevelPrototyping/Levels/DevRooms/TestRoom3/6/U8/AECPSJUIDXA6NOCH2NW1CN.uasset" 8049
"/Game/__ExternalActors__/LevelPrototyping/Levels/DevRooms/TestRoom3/6/VT/JXPKO6EMF8L3NKZ0LOZXQS" 8050
"../../../../CreationLayer/ZombieRepo/Content/__ExternalActors__/LevelPrototyping/Levels/DevRooms/TestRoom3/6/VT/JXPKO6EMF8L3NKZ0LOZXQS.uasset" 8051
"/Game/__ExternalActors__/LevelPrototyping/Levels/DevRooms/TestRoom3/6/XA/VHXQTCXLOW5WF42EZRH1KW" 8052
"../../../../CreationLayer/ZombieRepo/Content/__ExternalActors__/LevelPrototyping/Levels/DevRooms/TestRoom3/6/XA/VHXQTCXLOW5WF42EZRH1KW.uasset" 8053
"/Game/__ExternalActors__/LevelPrototyping/Levels/DevRooms/TestRoom3/6/XH/WAO4PLJJBVFKJLX5J3EQ1D" 8054
"../../../../CreationLayer/ZombieRepo/Content/__ExternalActors__/LevelPrototyping/Levels/DevRooms/TestRoom3/6/XH/WAO4PLJJBVFKJLX5J3EQ1D.uasset" 8055
"/Game/__ExternalActors__/LevelPrototyping/Levels/DevRooms/TestRoom3/7/04/3ON4YA1UPNA8ZNL31A5WM3" 8056
"../../../../CreationLayer/ZombieRepo/Content/__ExternalActors__/LevelPrototyping/Levels/DevRooms/TestRoom3/7/04/3ON4YA1UPNA8ZNL31A5WM3.uasset" 8057
"/Game/__ExternalActors__/LevelPrototyping/Levels/DevRooms/TestRoom3/7/28/CP4NQXHGA2KNZ7MFQ37OPA" 8058
"../../../../CreationLayer/ZombieRepo/Content/__ExternalActors__/LevelPrototyping/Levels/DevRooms/TestRoom3/7/28/CP4NQXHGA2KNZ7MFQ37OPA.uasset" 8059
"/Game/__ExternalActors__/LevelPrototyping/Levels/DevRooms/TestRoom3/7/4L/0RQLUZB7F9KTMCT680EKTD" 8060
"../../../../CreationLayer/ZombieRepo/Content/__ExternalActors__/LevelPrototyping/Levels/DevRooms/TestRoom3/7/4L/0RQLUZB7F9KTMCT680EKTD.uasset" 8061
"/Game/__ExternalActors__/LevelPrototyping/Levels/DevRooms/TestRoom3/7/4Y/FX3UYGU53HNI4EJXZ8CNYF" 8062
"../../../../CreationLayer/ZombieRepo/Content/__ExternalActors__/LevelPrototyping/Levels/DevRooms/TestRoom3/7/4Y/FX3UYGU53HNI4EJXZ8CNYF.uasset" 8063
"/Game/__ExternalActors__/LevelPrototyping/Levels/DevRooms/TestRoom3/7/6X/RVTDEB36LUIELN43185RC1" 8064
"../../../../CreationLayer/ZombieRepo/Content/__ExternalActors__/LevelPrototyping/Levels/DevRooms/TestRoom3/7/6X/RVTDEB36LUIELN43185RC1.uasset" 8065
"/Game/__ExternalActors__/LevelPrototyping/Levels/DevRooms/TestRoom3/7/7B/LM98KOKPBRSHLQZC49TY3U" 8066
"../../../../CreationLayer/ZombieRepo/Content/__ExternalActors__/LevelPrototyping/Levels/DevRooms/TestRoom3/7/7B/LM98KOKPBRSHLQZC49TY3U.uasset" 8067
"/Game/__ExternalActors__/LevelPrototyping/Levels/DevRooms/TestRoom3/7/A7/GBAU7N1NOPFIULGSYLA5XV" 8068
"../../../../CreationLayer/ZombieRepo/Content/__ExternalActors__/LevelPrototyping/Levels/DevRooms/TestRoom3/7/A7/GBAU7N1NOPFIULGSYLA5XV.uasset" 8069
"/Game/__ExternalActors__/LevelPrototyping/Levels/DevRooms/TestRoom3/7/BU/7E1BUCM60IXQKUIV8ZGP1Z" 8070
"../../../../CreationLayer/ZombieRepo/Content/__ExternalActors__/LevelPrototyping/Levels/DevRooms/TestRoom3/7/BU/7E1BUCM60IXQKUIV8ZGP1Z.uasset" 8071
"/Game/__ExternalActors__/LevelPrototyping/Levels/DevRooms/TestRoom3/7/BZ/BIDKYJPJFO6OKI083T6CWU" 8072
"../../../../CreationLayer/ZombieRepo/Content/__ExternalActors__/LevelPrototyping/Levels/DevRooms/TestRoom3/7/BZ/BIDKYJPJFO6OKI083T6CWU.uasset" 8073
"/Game/__ExternalActors__/LevelPrototyping/Levels/DevRooms/TestRoom3/7/CM/KVGDX9HVAEXFU84HG137BR" 8074
"../../../../CreationLayer/ZombieRepo/Content/__ExternalActors__/LevelPrototyping/Levels/DevRooms/TestRoom3/7/CM/KVGDX9HVAEXFU84HG137BR.uasset" 8075
"/Game/__ExternalActors__/LevelPrototyping/Levels/DevRooms/TestRoom3/7/FC/470LB4PELQ12HIXG5AVKTI" 8076
"../../../../CreationLayer/ZombieRepo/Content/__ExternalActors__/LevelPrototyping/Levels/DevRooms/TestRoom3/7/FC/470LB4PELQ12HIXG5AVKTI.uasset" 8077
"/Game/__ExternalActors__/LevelPrototyping/Levels/DevRooms/TestRoom3/7/G8/4NPONIWUK3HIVDEVUS55TT" 8078
"../../../../CreationLayer/ZombieRepo/Content/__ExternalActors__/LevelPrototyping/Levels/DevRooms/TestRoom3/7/G8/4NPONIWUK3HIVDEVUS55TT.uasset" 8079
"/Game/__ExternalActors__/LevelPrototyping/Levels/DevRooms/TestRoom3/7/HL/8YGRSU4TUXH3WM4XJXTQU9" 8080
"../../../../CreationLayer/ZombieRepo/Content/__ExternalActors__/LevelPrototyping/Levels/DevRooms/TestRoom3/7/HL/8YGRSU4TUXH3WM4XJXTQU9.uasset" 8081
"/Game/__ExternalActors__/LevelPrototyping/Levels/DevRooms/TestRoom3/7/IQ/3U8LEDG8SK9K2YTWKN4WYA" 8082
"../../../../CreationLayer/ZombieRepo/Content/__ExternalActors__/LevelPrototyping/Levels/DevRooms/TestRoom3/7/IQ/3U8LEDG8SK9K2YTWKN4WYA.uasset" 8083
"/Game/__ExternalActors__/LevelPrototyping/Levels/DevRooms/TestRoom3/7/IR/GMRBROSC3734HO6OZ2RTVU" 8084
"../../../../CreationLayer/ZombieRepo/Content/__ExternalActors__/LevelPrototyping/Levels/DevRooms/TestRoom3/7/IR/GMRBROSC3734HO6OZ2RTVU.uasset" 8085
"/Game/__ExternalActors__/LevelPrototyping/Levels/DevRooms/TestRoom3/7/OC/L0BHI0RHBRYKT0KSI1FV7F" 8086
"../../../../CreationLayer/ZombieRepo/Content/__ExternalActors__/LevelPrototyping/Levels/DevRooms/TestRoom3/7/OC/L0BHI0RHBRYKT0KSI1FV7F.uasset" 8087
"/Game/__ExternalActors__/LevelPrototyping/Levels/DevRooms/TestRoom3/7/PM/L7PIB07K8NE1G8TKRRR0UK" 8088
"../../../../CreationLayer/ZombieRepo/Content/__ExternalActors__/LevelPrototyping/Levels/DevRooms/TestRoom3/7/PM/L7PIB07K8NE1G8TKRRR0UK.uasset" 8089
"/Game/__ExternalActors__/LevelPrototyping/Levels/DevRooms/TestRoom3/7/TQ/I4SR7V86V3KWEF38YL309Z" 8090
"../../../../CreationLayer/ZombieRepo/Content/__ExternalActors__/LevelPrototyping/Levels/DevRooms/TestRoom3/7/TQ/I4SR7V86V3KWEF38YL309Z.uasset" 8091
"/Game/__ExternalActors__/LevelPrototyping/Levels/DevRooms/TestRoom3/7/XI/6HRS71GU8TDUXAPJPM4DFO" 8092
"../../../../CreationLayer/ZombieRepo/Content/__ExternalActors__/LevelPrototyping/Levels/DevRooms/TestRoom3/7/XI/6HRS71GU8TDUXAPJPM4DFO.uasset" 8093
"/Game/__ExternalActors__/LevelPrototyping/Levels/DevRooms/TestRoom3/7/ZH/1PDH09FNPZSYI4CHOZ4RJY" 8094
"../../../../CreationLayer/ZombieRepo/Content/__ExternalActors__/LevelPrototyping/Levels/DevRooms/TestRoom3/7/ZH/1PDH09FNPZSYI4CHOZ4RJY.uasset" 8095
"/Game/__ExternalActors__/LevelPrototyping/Levels/DevRooms/TestRoom3/8/1E/DPH3XBV3S9TNTM6QVLYG9Z" 8096
"../../../../CreationLayer/ZombieRepo/Content/__ExternalActors__/LevelPrototyping/Levels/DevRooms/TestRoom3/8/1E/DPH3XBV3S9TNTM6QVLYG9Z.uasset" 8097
"/Game/__ExternalActors__/LevelPrototyping/Levels/DevRooms/TestRoom3/8/75/J5HI2MSA0YCT2F5KZXGVGA" 8098
"../../../../CreationLayer/ZombieRepo/Content/__ExternalActors__/LevelPrototyping/Levels/DevRooms/TestRoom3/8/75/J5HI2MSA0YCT2F5KZXGVGA.uasset" 8099
"/Game/__ExternalActors__/LevelPrototyping/Levels/DevRooms/TestRoom3/8/9A/1F3LYKIMBFM5PCHR6NKLGL" 8100
"../../../../CreationLayer/ZombieRepo/Content/__ExternalActors__/LevelPrototyping/Levels/DevRooms/TestRoom3/8/9A/1F3LYKIMBFM5PCHR6NKLGL.uasset" 8101
"/Game/__ExternalActors__/LevelPrototyping/Levels/DevRooms/TestRoom3/8/BX/2TC8U9PKGTXM7A6QRXDYWH" 8102
"../../../../CreationLayer/ZombieRepo/Content/__ExternalActors__/LevelPrototyping/Levels/DevRooms/TestRoom3/8/BX/2TC8U9PKGTXM7A6QRXDYWH.uasset" 8103
"/Game/__ExternalActors__/LevelPrototyping/Levels/DevRooms/TestRoom3/8/EM/GBSUEZUP8DOXXJALV5KF8H" 8104
"../../../../CreationLayer/ZombieRepo/Content/__ExternalActors__/LevelPrototyping/Levels/DevRooms/TestRoom3/8/EM/GBSUEZUP8DOXXJALV5KF8H.uasset" 8105
"/Game/__ExternalActors__/LevelPrototyping/Levels/DevRooms/TestRoom3/8/GH/Y0J54DJOM07H0LF84T7FCT" 8106
"../../../../CreationLayer/ZombieRepo/Content/__ExternalActors__/LevelPrototyping/Levels/DevRooms/TestRoom3/8/GH/Y0J54DJOM07H0LF84T7FCT.uasset" 8107
"/Game/__ExternalActors__/LevelPrototyping/Levels/DevRooms/TestRoom3/8/IM/E16F6STI7VD9JCA4RC8ZCZ" 8108
"../../../../CreationLayer/ZombieRepo/Content/__ExternalActors__/LevelPrototyping/Levels/DevRooms/TestRoom3/8/IM/E16F6STI7VD9JCA4RC8ZCZ.uasset" 8109
"/Game/__ExternalActors__/LevelPrototyping/Levels/DevRooms/TestRoom3/8/IQ/F899FOF3YSKX8KSC49ATBJ" 8110
"../../../../CreationLayer/ZombieRepo/Content/__ExternalActors__/LevelPrototyping/Levels/DevRooms/TestRoom3/8/IQ/F899FOF3YSKX8KSC49ATBJ.uasset" 8111
"/Game/__ExternalActors__/LevelPrototyping/Levels/DevRooms/TestRoom3/8/KS/TYWOA7TWLXDCO7R2K4DB79" 8112
"../../../../CreationLayer/ZombieRepo/Content/__ExternalActors__/LevelPrototyping/Levels/DevRooms/TestRoom3/8/KS/TYWOA7TWLXDCO7R2K4DB79.uasset" 8113
"/Game/__ExternalActors__/LevelPrototyping/Levels/DevRooms/TestRoom3/8/MO/PHQ4UZIU7VAZKGAUBZ80KJ" 8114
"../../../../CreationLayer/ZombieRepo/Content/__ExternalActors__/LevelPrototyping/Levels/DevRooms/TestRoom3/8/MO/PHQ4UZIU7VAZKGAUBZ80KJ.uasset" 8115
"/Game/__ExternalActors__/LevelPrototyping/Levels/DevRooms/TestRoom3/8/QO/P9VU8D96YWA5J5O53G6O5T" 8116
"../../../../CreationLayer/ZombieRepo/Content/__ExternalActors__/LevelPrototyping/Levels/DevRooms/TestRoom3/8/QO/P9VU8D96YWA5J5O53G6O5T.uasset" 8117
"/Game/__ExternalActors__/LevelPrototyping/Levels/DevRooms/TestRoom3/8/QQ/JEQB5N6I6ZHDVJP4X4Z7HZ" 8118
"../../../../CreationLayer/ZombieRepo/Content/__ExternalActors__/LevelPrototyping/Levels/DevRooms/TestRoom3/8/QQ/JEQB5N6I6ZHDVJP4X4Z7HZ.uasset" 8119
"/Game/__ExternalActors__/LevelPrototyping/Levels/DevRooms/TestRoom3/8/R7/1UKVJ2KA7ISCCB0BVEA6RH" 8120
"../../../../CreationLayer/ZombieRepo/Content/__ExternalActors__/LevelPrototyping/Levels/DevRooms/TestRoom3/8/R7/1UKVJ2KA7ISCCB0BVEA6RH.uasset" 8121
"/Game/__ExternalActors__/LevelPrototyping/Levels/DevRooms/TestRoom3/8/TM/X77DTS0RJDTS6S61E51DQ6" 8122
"../../../../CreationLayer/ZombieRepo/Content/__ExternalActors__/LevelPrototyping/Levels/DevRooms/TestRoom3/8/TM/X77DTS0RJDTS6S61E51DQ6.uasset" 8123
"/Game/__ExternalActors__/LevelPrototyping/Levels/DevRooms/TestRoom3/8/WQ/4WGYXPFYADRD7DKN20XLJU" 8124
"../../../../CreationLayer/ZombieRepo/Content/__ExternalActors__/LevelPrototyping/Levels/DevRooms/TestRoom3/8/WQ/4WGYXPFYADRD7DKN20XLJU.uasset" 8125
"/Game/__ExternalActors__/LevelPrototyping/Levels/DevRooms/TestRoom3/8/YM/J69C82DA4YPJQA12DT6TS7" 8126
"../../../../CreationLayer/ZombieRepo/Content/__ExternalActors__/LevelPrototyping/Levels/DevRooms/TestRoom3/8/YM/J69C82DA4YPJQA12DT6TS7.uasset" 8127
"/Game/__ExternalActors__/LevelPrototyping/Levels/DevRooms/TestRoom3/8/Z1/V33IM6V3H6LG36W2EPMSTH" 8128
"../../../../CreationLayer/ZombieRepo/Content/__ExternalActors__/LevelPrototyping/Levels/DevRooms/TestRoom3/8/Z1/V33IM6V3H6LG36W2EPMSTH.uasset" 8129
"/Game/__ExternalActors__/LevelPrototyping/Levels/DevRooms/TestRoom3/9/11/2N07DU5BHGUL4DTKMEG1QK" 8130
"../../../../CreationLayer/ZombieRepo/Content/__ExternalActors__/LevelPrototyping/Levels/DevRooms/TestRoom3/9/11/2N07DU5BHGUL4DTKMEG1QK.uasset" 8131
"/Game/__ExternalActors__/LevelPrototyping/Levels/DevRooms/TestRoom3/9/3Z/V6FT5MIAEPBISIVX82CO7H" 8132
"../../../../CreationLayer/ZombieRepo/Content/__ExternalActors__/LevelPrototyping/Levels/DevRooms/TestRoom3/9/3Z/V6FT5MIAEPBISIVX82CO7H.uasset" 8133
"/Game/__ExternalActors__/LevelPrototyping/Levels/DevRooms/TestRoom3/9/4R/IPRRP4907ET1SGVGKPOHJB" 8134
"../../../../CreationLayer/ZombieRepo/Content/__ExternalActors__/LevelPrototyping/Levels/DevRooms/TestRoom3/9/4R/IPRRP4907ET1SGVGKPOHJB.uasset" 8135
"/Game/__ExternalActors__/LevelPrototyping/Levels/DevRooms/TestRoom3/9/53/5B9592F4OQV3FGA8YFG6N0" 8136
"../../../../CreationLayer/ZombieRepo/Content/__ExternalActors__/LevelPrototyping/Levels/DevRooms/TestRoom3/9/53/5B9592F4OQV3FGA8YFG6N0.uasset" 8137
"/Game/__ExternalActors__/LevelPrototyping/Levels/DevRooms/TestRoom3/9/73/ODZ4WBTA9UMLFXS45VMBEC" 8138
"../../../../CreationLayer/ZombieRepo/Content/__ExternalActors__/LevelPrototyping/Levels/DevRooms/TestRoom3/9/73/ODZ4WBTA9UMLFXS45VMBEC.uasset" 8139
"/Game/__ExternalActors__/LevelPrototyping/Levels/DevRooms/TestRoom3/9/AQ/O0EM9YT9HSQAPR2ZATOYZR" 8140
"../../../../CreationLayer/ZombieRepo/Content/__ExternalActors__/LevelPrototyping/Levels/DevRooms/TestRoom3/9/AQ/O0EM9YT9HSQAPR2ZATOYZR.uasset" 8141
"/Game/__ExternalActors__/LevelPrototyping/Levels/DevRooms/TestRoom3/9/CR/VK9PFZV6RBCKFMX5HNLRDR" 8142
"../../../../CreationLayer/ZombieRepo/Content/__ExternalActors__/LevelPrototyping/Levels/DevRooms/TestRoom3/9/CR/VK9PFZV6RBCKFMX5HNLRDR.uasset" 8143
"/Game/__ExternalActors__/LevelPrototyping/Levels/DevRooms/TestRoom3/9/GP/ZDDTA9TLP00VNA0YLKMT0E" 8144
"../../../../CreationLayer/ZombieRepo/Content/__ExternalActors__/LevelPrototyping/Levels/DevRooms/TestRoom3/9/GP/ZDDTA9TLP00VNA0YLKMT0E.uasset" 8145
"/Game/__ExternalActors__/LevelPrototyping/Levels/DevRooms/TestRoom3/9/HK/E8JLE2Y4PXFHETR2DIAPX6" 8146
"../../../../CreationLayer/ZombieRepo/Content/__ExternalActors__/LevelPrototyping/Levels/DevRooms/TestRoom3/9/HK/E8JLE2Y4PXFHETR2DIAPX6.uasset" 8147
"/Game/__ExternalActors__/LevelPrototyping/Levels/DevRooms/TestRoom3/9/KQ/UZ3A62PZHQLQ9U8ILWHYZC" 8148
"../../../../CreationLayer/ZombieRepo/Content/__ExternalActors__/LevelPrototyping/Levels/DevRooms/TestRoom3/9/KQ/UZ3A62PZHQLQ9U8ILWHYZC.uasset" 8149
"/Game/__ExternalActors__/LevelPrototyping/Levels/DevRooms/TestRoom3/9/Q5/UEE2H1IBFFGF5V0D17LE50" 8150
"../../../../CreationLayer/ZombieRepo/Content/__ExternalActors__/LevelPrototyping/Levels/DevRooms/TestRoom3/9/Q5/UEE2H1IBFFGF5V0D17LE50.uasset" 8151
"/Game/__ExternalActors__/LevelPrototyping/Levels/DevRooms/TestRoom3/9/R7/26IZUP73HMIJ7YHNGZDDWG" 8152
"../../../../CreationLayer/ZombieRepo/Content/__ExternalActors__/LevelPrototyping/Levels/DevRooms/TestRoom3/9/R7/26IZUP73HMIJ7YHNGZDDWG.uasset" 8153
"/Game/__ExternalActors__/LevelPrototyping/Levels/DevRooms/TestRoom3/9/RZ/4KVJKCPGRROEL8PWEEWBWO" 8154
"../../../../CreationLayer/ZombieRepo/Content/__ExternalActors__/LevelPrototyping/Levels/DevRooms/TestRoom3/9/RZ/4KVJKCPGRROEL8PWEEWBWO.uasset" 8155
"/Game/__ExternalActors__/LevelPrototyping/Levels/DevRooms/TestRoom3/9/WP/ZYX44G7XXDCSCX0DKYHPR2" 8156
"../../../../CreationLayer/ZombieRepo/Content/__ExternalActors__/LevelPrototyping/Levels/DevRooms/TestRoom3/9/WP/ZYX44G7XXDCSCX0DKYHPR2.uasset" 8157
"/Game/__ExternalActors__/LevelPrototyping/Levels/DevRooms/TestRoom3/9/XG/6O5QES61YQDFM1T88FMWKT" 8158
"../../../../CreationLayer/ZombieRepo/Content/__ExternalActors__/LevelPrototyping/Levels/DevRooms/TestRoom3/9/XG/6O5QES61YQDFM1T88FMWKT.uasset" 8159
"/Game/__ExternalActors__/LevelPrototyping/Levels/DevRooms/TestRoom3/9/YK/M4GSBGF5FR4JON9NP3YG0V" 8160
"../../../../CreationLayer/ZombieRepo/Content/__ExternalActors__/LevelPrototyping/Levels/DevRooms/TestRoom3/9/YK/M4GSBGF5FR4JON9NP3YG0V.uasset" 8161
"/Game/__ExternalActors__/LevelPrototyping/Levels/DevRooms/TestRoom3/9/ZQ/S4OVVJ3K53XP7AH3EX2H0J" 8162
"../../../../CreationLayer/ZombieRepo/Content/__ExternalActors__/LevelPrototyping/Levels/DevRooms/TestRoom3/9/ZQ/S4OVVJ3K53XP7AH3EX2H0J.uasset" 8163
"/Game/__ExternalActors__/LevelPrototyping/Levels/DevRooms/TestRoom3/A/1H/AJ13L0T96DDGD3PGZQOTSO" 8164
"../../../../CreationLayer/ZombieRepo/Content/__ExternalActors__/LevelPrototyping/Levels/DevRooms/TestRoom3/A/1H/AJ13L0T96DDGD3PGZQOTSO.uasset" 8165
"/Game/__ExternalActors__/LevelPrototyping/Levels/DevRooms/TestRoom3/A/42/FU3ZGW8JQAO2QH0Y0C4WG4" 8166
"../../../../CreationLayer/ZombieRepo/Content/__ExternalActors__/LevelPrototyping/Levels/DevRooms/TestRoom3/A/42/FU3ZGW8JQAO2QH0Y0C4WG4.uasset" 8167
"/Game/__ExternalActors__/LevelPrototyping/Levels/DevRooms/TestRoom3/A/56/6U8372I1E8TA1NH11KQ7LZ" 8168
"../../../../CreationLayer/ZombieRepo/Content/__ExternalActors__/LevelPrototyping/Levels/DevRooms/TestRoom3/A/56/6U8372I1E8TA1NH11KQ7LZ.uasset" 8169
"/Game/__ExternalActors__/LevelPrototyping/Levels/DevRooms/TestRoom3/A/75/GL826NDTJO3EICJGH1TH9E" 8170
"../../../../CreationLayer/ZombieRepo/Content/__ExternalActors__/LevelPrototyping/Levels/DevRooms/TestRoom3/A/75/GL826NDTJO3EICJGH1TH9E.uasset" 8171
"/Game/__ExternalActors__/LevelPrototyping/Levels/DevRooms/TestRoom3/A/7D/M4CAQ6J9VUT6OIPJ0LGWBX" 8172
"../../../../CreationLayer/ZombieRepo/Content/__ExternalActors__/LevelPrototyping/Levels/DevRooms/TestRoom3/A/7D/M4CAQ6J9VUT6OIPJ0LGWBX.uasset" 8173
"/Game/__ExternalActors__/LevelPrototyping/Levels/DevRooms/TestRoom3/A/8S/XL7JHGC26A7V3TICJ8N1CX" 8174
"../../../../CreationLayer/ZombieRepo/Content/__ExternalActors__/LevelPrototyping/Levels/DevRooms/TestRoom3/A/8S/XL7JHGC26A7V3TICJ8N1CX.uasset" 8175
"/Game/__ExternalActors__/LevelPrototyping/Levels/DevRooms/TestRoom3/A/BS/TMS6BS676RT6Q7Q0DD5FLW" 8176
"../../../../CreationLayer/ZombieRepo/Content/__ExternalActors__/LevelPrototyping/Levels/DevRooms/TestRoom3/A/BS/TMS6BS676RT6Q7Q0DD5FLW.uasset" 8177
"/Game/__ExternalActors__/LevelPrototyping/Levels/DevRooms/TestRoom3/A/DF/L30GQZRY0ADPQC5QLMQGXT" 8178
"../../../../CreationLayer/ZombieRepo/Content/__ExternalActors__/LevelPrototyping/Levels/DevRooms/TestRoom3/A/DF/L30GQZRY0ADPQC5QLMQGXT.uasset" 8179
"/Game/__ExternalActors__/LevelPrototyping/Levels/DevRooms/TestRoom3/A/EN/59RW6OJWEGRCFM5Y1EMT2M" 8180
"../../../../CreationLayer/ZombieRepo/Content/__ExternalActors__/LevelPrototyping/Levels/DevRooms/TestRoom3/A/EN/59RW6OJWEGRCFM5Y1EMT2M.uasset" 8181
"/Game/__ExternalActors__/LevelPrototyping/Levels/DevRooms/TestRoom3/A/GU/ULVGIRNKXIP44RZCRI699P" 8182
"../../../../CreationLayer/ZombieRepo/Content/__ExternalActors__/LevelPrototyping/Levels/DevRooms/TestRoom3/A/GU/ULVGIRNKXIP44RZCRI699P.uasset" 8183
"/Game/__ExternalActors__/LevelPrototyping/Levels/DevRooms/TestRoom3/A/KH/WEKISBT4DG01W6LJNAK0VB" 8184
"../../../../CreationLayer/ZombieRepo/Content/__ExternalActors__/LevelPrototyping/Levels/DevRooms/TestRoom3/A/KH/WEKISBT4DG01W6LJNAK0VB.uasset" 8185
"/Game/__ExternalActors__/LevelPrototyping/Levels/DevRooms/TestRoom3/A/L5/F9NZR133F5WP2USRGDMWA3" 8186
"../../../../CreationLayer/ZombieRepo/Content/__ExternalActors__/LevelPrototyping/Levels/DevRooms/TestRoom3/A/L5/F9NZR133F5WP2USRGDMWA3.uasset" 8187
"/Game/__ExternalActors__/LevelPrototyping/Levels/DevRooms/TestRoom3/A/M3/MNBIR3QN8L50PM1ECAR2PD" 8188
"../../../../CreationLayer/ZombieRepo/Content/__ExternalActors__/LevelPrototyping/Levels/DevRooms/TestRoom3/A/M3/MNBIR3QN8L50PM1ECAR2PD.uasset" 8189
"/Game/__ExternalActors__/LevelPrototyping/Levels/DevRooms/TestRoom3/A/MK/7T4LNQ18W5FD7T8ONLEJMB" 8190
"../../../../CreationLayer/ZombieRepo/Content/__ExternalActors__/LevelPrototyping/Levels/DevRooms/TestRoom3/A/MK/7T4LNQ18W5FD7T8ONLEJMB.uasset" 8191
"/Game/__ExternalActors__/LevelPrototyping/Levels/DevRooms/TestRoom3/A/MK/X47MA3B04IWF8RUU9IMSQG" 8192
"../../../../CreationLayer/ZombieRepo/Content/__ExternalActors__/LevelPrototyping/Levels/DevRooms/TestRoom3/A/MK/X47MA3B04IWF8RUU9IMSQG.uasset" 8193
"/Game/__ExternalActors__/LevelPrototyping/Levels/DevRooms/TestRoom3/A/NT/12UJK7BH1ZX5GL4QHNJ18K" 8194
"../../../../CreationLayer/ZombieRepo/Content/__ExternalActors__/LevelPrototyping/Levels/DevRooms/TestRoom3/A/NT/12UJK7BH1ZX5GL4QHNJ18K.uasset" 8195
"/Game/__ExternalActors__/LevelPrototyping/Levels/DevRooms/TestRoom3/A/PY/C8W4UB162R0QKMFSN15YTE" 8196
"../../../../CreationLayer/ZombieRepo/Content/__ExternalActors__/LevelPrototyping/Levels/DevRooms/TestRoom3/A/PY/C8W4UB162R0QKMFSN15YTE.uasset" 8197
"/Game/__ExternalActors__/LevelPrototyping/Levels/DevRooms/TestRoom3/A/QO/KJS5UAWLRZYATNHNNREWUF" 8198
"../../../../CreationLayer/ZombieRepo/Content/__ExternalActors__/LevelPrototyping/Levels/DevRooms/TestRoom3/A/QO/KJS5UAWLRZYATNHNNREWUF.uasset" 8199
"/Game/__ExternalActors__/LevelPrototyping/Levels/DevRooms/TestRoom3/A/SX/UYRUVZF58TJUCROVZ7LINA" 8200
"../../../../CreationLayer/ZombieRepo/Content/__ExternalActors__/LevelPrototyping/Levels/DevRooms/TestRoom3/A/SX/UYRUVZF58TJUCROVZ7LINA.uasset" 8201
"/Game/__ExternalActors__/LevelPrototyping/Levels/DevRooms/TestRoom3/A/TF/E1L7A05R4AFDO1ONB4NFJ6" 8202
"../../../../CreationLayer/ZombieRepo/Content/__ExternalActors__/LevelPrototyping/Levels/DevRooms/TestRoom3/A/TF/E1L7A05R4AFDO1ONB4NFJ6.uasset" 8203
"/Game/__ExternalActors__/LevelPrototyping/Levels/DevRooms/TestRoom3/A/TM/INLD1B3F2VCNWRZ18DUADS" 8204
"../../../../CreationLayer/ZombieRepo/Content/__ExternalActors__/LevelPrototyping/Levels/DevRooms/TestRoom3/A/TM/INLD1B3F2VCNWRZ18DUADS.uasset" 8205
"/Game/__ExternalActors__/LevelPrototyping/Levels/DevRooms/TestRoom3/A/X4/IEO9M44330IBRAFEL6DSNO" 8206
"../../../../CreationLayer/ZombieRepo/Content/__ExternalActors__/LevelPrototyping/Levels/DevRooms/TestRoom3/A/X4/IEO9M44330IBRAFEL6DSNO.uasset" 8207
"/Game/__ExternalActors__/LevelPrototyping/Levels/DevRooms/TestRoom3/B/0Y/1GYAUYJTT6GU22JZZY8MK4" 8208
"../../../../CreationLayer/ZombieRepo/Content/__ExternalActors__/LevelPrototyping/Levels/DevRooms/TestRoom3/B/0Y/1GYAUYJTT6GU22JZZY8MK4.uasset" 8209
"/Game/__ExternalActors__/LevelPrototyping/Levels/DevRooms/TestRoom3/B/55/KG8YYVKPIE3KU8SO2F10FF" 8210
"../../../../CreationLayer/ZombieRepo/Content/__ExternalActors__/LevelPrototyping/Levels/DevRooms/TestRoom3/B/55/KG8YYVKPIE3KU8SO2F10FF.uasset" 8211
"/Game/__ExternalActors__/LevelPrototyping/Levels/DevRooms/TestRoom3/B/7D/20O9JC0TNXOBHQ9WRLW49E" 8212
"../../../../CreationLayer/ZombieRepo/Content/__ExternalActors__/LevelPrototyping/Levels/DevRooms/TestRoom3/B/7D/20O9JC0TNXOBHQ9WRLW49E.uasset" 8213
"/Game/__ExternalActors__/LevelPrototyping/Levels/DevRooms/TestRoom3/B/8J/JT8SZXHL6O2CHYAMMAYVCM" 8214
"../../../../CreationLayer/ZombieRepo/Content/__ExternalActors__/LevelPrototyping/Levels/DevRooms/TestRoom3/B/8J/JT8SZXHL6O2CHYAMMAYVCM.uasset" 8215
"/Game/__ExternalActors__/LevelPrototyping/Levels/DevRooms/TestRoom3/B/9T/XSNP1IQK9XC33TS2YDMJL0" 8216
"../../../../CreationLayer/ZombieRepo/Content/__ExternalActors__/LevelPrototyping/Levels/DevRooms/TestRoom3/B/9T/XSNP1IQK9XC33TS2YDMJL0.uasset" 8217
"/Game/__ExternalActors__/LevelPrototyping/Levels/DevRooms/TestRoom3/B/AW/W51OL4UM73944EENL7U9WP" 8218
"../../../../CreationLayer/ZombieRepo/Content/__ExternalActors__/LevelPrototyping/Levels/DevRooms/TestRoom3/B/AW/W51OL4UM73944EENL7U9WP.uasset" 8219
"/Game/__ExternalActors__/LevelPrototyping/Levels/DevRooms/TestRoom3/B/CY/R07KDTGVSLAYE5PIS5DC3B" 8220
"../../../../CreationLayer/ZombieRepo/Content/__ExternalActors__/LevelPrototyping/Levels/DevRooms/TestRoom3/B/CY/R07KDTGVSLAYE5PIS5DC3B.uasset" 8221
"/Game/__ExternalActors__/LevelPrototyping/Levels/DevRooms/TestRoom3/B/DG/10G5K5STSYOK2MA784E80S" 8222
"../../../../CreationLayer/ZombieRepo/Content/__ExternalActors__/LevelPrototyping/Levels/DevRooms/TestRoom3/B/DG/10G5K5STSYOK2MA784E80S.uasset" 8223
"/Game/__ExternalActors__/LevelPrototyping/Levels/DevRooms/TestRoom3/B/ET/GLUBZ0ZWNCZ19GEQX6OOH8" 8224
"../../../../CreationLayer/ZombieRepo/Content/__ExternalActors__/LevelPrototyping/Levels/DevRooms/TestRoom3/B/ET/GLUBZ0ZWNCZ19GEQX6OOH8.uasset" 8225
"/Game/__ExternalActors__/LevelPrototyping/Levels/DevRooms/TestRoom3/B/FM/1Y1N41VKVTIPU8U41NAPZA" 8226
"../../../../CreationLayer/ZombieRepo/Content/__ExternalActors__/LevelPrototyping/Levels/DevRooms/TestRoom3/B/FM/1Y1N41VKVTIPU8U41NAPZA.uasset" 8227
"/Game/__ExternalActors__/LevelPrototyping/Levels/DevRooms/TestRoom3/B/GG/STONSOQCZJXBL4VIEPAGX0" 8228
"../../../../CreationLayer/ZombieRepo/Content/__ExternalActors__/LevelPrototyping/Levels/DevRooms/TestRoom3/B/GG/STONSOQCZJXBL4VIEPAGX0.uasset" 8229
"/Game/__ExternalActors__/LevelPrototyping/Levels/DevRooms/TestRoom3/B/LV/6J4GQSS4GN69FCQ83L1FEO" 8230
"../../../../CreationLayer/ZombieRepo/Content/__ExternalActors__/LevelPrototyping/Levels/DevRooms/TestRoom3/B/LV/6J4GQSS4GN69FCQ83L1FEO.uasset" 8231
"/Game/__ExternalActors__/LevelPrototyping/Levels/DevRooms/TestRoom3/B/O7/HLWKM778GZOIFENM9PX16F" 8232
"../../../../CreationLayer/ZombieRepo/Content/__ExternalActors__/LevelPrototyping/Levels/DevRooms/TestRoom3/B/O7/HLWKM778GZOIFENM9PX16F.uasset" 8233
"/Game/__ExternalActors__/LevelPrototyping/Levels/DevRooms/TestRoom3/B/OU/7IUCYCHPQWADZG8LX2WE7D" 8234
"../../../../CreationLayer/ZombieRepo/Content/__ExternalActors__/LevelPrototyping/Levels/DevRooms/TestRoom3/B/OU/7IUCYCHPQWADZG8LX2WE7D.uasset" 8235
"/Game/__ExternalActors__/LevelPrototyping/Levels/DevRooms/TestRoom3/B/OY/W21VMS5CWJZTGPKAHOOHKO" 8236
"../../../../CreationLayer/ZombieRepo/Content/__ExternalActors__/LevelPrototyping/Levels/DevRooms/TestRoom3/B/OY/W21VMS5CWJZTGPKAHOOHKO.uasset" 8237
"../../../Engine/Content/EngineSky/M_SimpleSkyDome.uasset" 8238
"../../../Engine/Content/EngineSky/SM_SkySphere.uasset" 8239
"../../../Engine/Content/EngineSky/M_Sky_Panning_Clouds2.uasset" 8240
"../../../Engine/Content/EngineSky/T_Sky_Blue.uasset" 8241
"../../../Engine/Content/EngineSky/T_Sky_Clouds_M.uasset" 8242
"../../../Engine/Content/EngineSky/T_Sky_Stars.uasset" 8243
"/Game/__ExternalActors__/LevelPrototyping/Levels/DevRooms/TestRoom3/B/P0/U2NG6ROB869550ASHBY0DC" 8244
"../../../../CreationLayer/ZombieRepo/Content/__ExternalActors__/LevelPrototyping/Levels/DevRooms/TestRoom3/B/P0/U2NG6ROB869550ASHBY0DC.uasset" 8245
"/Game/__ExternalActors__/LevelPrototyping/Levels/DevRooms/TestRoom3/B/RA/7U97PBH5NMZ018WE22RH5R" 8246
"../../../../CreationLayer/ZombieRepo/Content/__ExternalActors__/LevelPrototyping/Levels/DevRooms/TestRoom3/B/RA/7U97PBH5NMZ018WE22RH5R.uasset" 8247
"/Game/__ExternalActors__/LevelPrototyping/Levels/DevRooms/TestRoom3/B/RP/C4SJ51059K38IPIN961NRF" 8248
"../../../../CreationLayer/ZombieRepo/Content/__ExternalActors__/LevelPrototyping/Levels/DevRooms/TestRoom3/B/RP/C4SJ51059K38IPIN961NRF.uasset" 8249
"/Game/__ExternalActors__/LevelPrototyping/Levels/DevRooms/TestRoom3/B/S3/O30GCXH84PFN1RRPGKLUB9" 8250
"../../../../CreationLayer/ZombieRepo/Content/__ExternalActors__/LevelPrototyping/Levels/DevRooms/TestRoom3/B/S3/O30GCXH84PFN1RRPGKLUB9.uasset" 8251
"/Game/__ExternalActors__/LevelPrototyping/Levels/DevRooms/TestRoom3/B/SG/DHGP8MGD7QQW9ZKHV20RTI" 8252
"../../../../CreationLayer/ZombieRepo/Content/__ExternalActors__/LevelPrototyping/Levels/DevRooms/TestRoom3/B/SG/DHGP8MGD7QQW9ZKHV20RTI.uasset" 8253
"/Game/__ExternalActors__/LevelPrototyping/Levels/DevRooms/TestRoom3/B/UX/93UO7C8I01P9FONXA72XAC" 8254
"../../../../CreationLayer/ZombieRepo/Content/__ExternalActors__/LevelPrototyping/Levels/DevRooms/TestRoom3/B/UX/93UO7C8I01P9FONXA72XAC.uasset" 8255
"/Game/__ExternalActors__/LevelPrototyping/Levels/DevRooms/TestRoom3/B/V4/QYKGT6NIZTVAU8N08FK7TB" 8256
"../../../../CreationLayer/ZombieRepo/Content/__ExternalActors__/LevelPrototyping/Levels/DevRooms/TestRoom3/B/V4/QYKGT6NIZTVAU8N08FK7TB.uasset" 8257
"/Game/__ExternalActors__/LevelPrototyping/Levels/DevRooms/TestRoom3/B/WV/L5RYECDV4IHE7O7U3EY1W1" 8258
"../../../../CreationLayer/ZombieRepo/Content/__ExternalActors__/LevelPrototyping/Levels/DevRooms/TestRoom3/B/WV/L5RYECDV4IHE7O7U3EY1W1.uasset" 8259
"/Game/__ExternalActors__/LevelPrototyping/Levels/DevRooms/TestRoom3/C/0J/9JXJA6K99TKCP7XBL4OGF0" 8260
"../../../../CreationLayer/ZombieRepo/Content/__ExternalActors__/LevelPrototyping/Levels/DevRooms/TestRoom3/C/0J/9JXJA6K99TKCP7XBL4OGF0.uasset" 8261
"/Game/__ExternalActors__/LevelPrototyping/Levels/DevRooms/TestRoom3/C/0O/ZQNO5KFVEWAFZVSULDXHN5" 8262
"../../../../CreationLayer/ZombieRepo/Content/__ExternalActors__/LevelPrototyping/Levels/DevRooms/TestRoom3/C/0O/ZQNO5KFVEWAFZVSULDXHN5.uasset" 8263
"/Game/__ExternalActors__/LevelPrototyping/Levels/DevRooms/TestRoom3/C/3Y/FIVW5Y7TRTXY7FZBQE9B0T" 8264
"../../../../CreationLayer/ZombieRepo/Content/__ExternalActors__/LevelPrototyping/Levels/DevRooms/TestRoom3/C/3Y/FIVW5Y7TRTXY7FZBQE9B0T.uasset" 8265
"/Game/__ExternalActors__/LevelPrototyping/Levels/DevRooms/TestRoom3/C/53/YB2CHASBUWJT5F84TV2PQ2" 8266
"../../../../CreationLayer/ZombieRepo/Content/__ExternalActors__/LevelPrototyping/Levels/DevRooms/TestRoom3/C/53/YB2CHASBUWJT5F84TV2PQ2.uasset" 8267
"../../../../CreationLayer/ZombieRepo/Content/TPBDMat/Materials/M_BloodDecal_1Plane.uasset" 8268
"../../../../CreationLayer/ZombieRepo/Content/TPBDMat/Textures/T_pool0_v2_smooth.uasset" 8269
"../../../../CreationLayer/ZombieRepo/Content/TPBDMat/Textures/VT_noise0.uasset" 8270
"../../../../CreationLayer/ZombieRepo/Content/TPBDMat/Textures/T_noise0.uasset" 8271
"/Game/__ExternalActors__/LevelPrototyping/Levels/DevRooms/TestRoom3/C/54/JXXCYZH6DT1OI4M0QA0UOX" 8272
"../../../../CreationLayer/ZombieRepo/Content/__ExternalActors__/LevelPrototyping/Levels/DevRooms/TestRoom3/C/54/JXXCYZH6DT1OI4M0QA0UOX.uasset" 8273
"/Game/__ExternalActors__/LevelPrototyping/Levels/DevRooms/TestRoom3/C/8E/B1FOQY36Q126NG850IL4ME" 8274
"../../../../CreationLayer/ZombieRepo/Content/__ExternalActors__/LevelPrototyping/Levels/DevRooms/TestRoom3/C/8E/B1FOQY36Q126NG850IL4ME.uasset" 8275
"/Game/__ExternalActors__/LevelPrototyping/Levels/DevRooms/TestRoom3/C/CB/37K38U4DKDE16ZYJL0WJB3" 8276
"../../../../CreationLayer/ZombieRepo/Content/__ExternalActors__/LevelPrototyping/Levels/DevRooms/TestRoom3/C/CB/37K38U4DKDE16ZYJL0WJB3.uasset" 8277
"/Game/__ExternalActors__/LevelPrototyping/Levels/DevRooms/TestRoom3/C/DZ/XKZMFY7JU2OTLWQN4PVX75" 8278
"../../../../CreationLayer/ZombieRepo/Content/__ExternalActors__/LevelPrototyping/Levels/DevRooms/TestRoom3/C/DZ/XKZMFY7JU2OTLWQN4PVX75.uasset" 8279
"/Game/__ExternalActors__/LevelPrototyping/Levels/DevRooms/TestRoom3/C/GK/Y95QX004BTKK8L40BUFKKV" 8280
"../../../../CreationLayer/ZombieRepo/Content/__ExternalActors__/LevelPrototyping/Levels/DevRooms/TestRoom3/C/GK/Y95QX004BTKK8L40BUFKKV.uasset" 8281
"/Game/__ExternalActors__/LevelPrototyping/Levels/DevRooms/TestRoom3/C/GU/OO37OWGDZ0EMESS4QHPV59" 8282
"../../../../CreationLayer/ZombieRepo/Content/__ExternalActors__/LevelPrototyping/Levels/DevRooms/TestRoom3/C/GU/OO37OWGDZ0EMESS4QHPV59.uasset" 8283
"/Game/__ExternalActors__/LevelPrototyping/Levels/DevRooms/TestRoom3/C/I6/BFXB9HIOX5XS8VA2GDODKT" 8284
"../../../../CreationLayer/ZombieRepo/Content/__ExternalActors__/LevelPrototyping/Levels/DevRooms/TestRoom3/C/I6/BFXB9HIOX5XS8VA2GDODKT.uasset" 8285
"/Game/__ExternalActors__/LevelPrototyping/Levels/DevRooms/TestRoom3/C/JN/UU8YIGM58CKZ7IT4P4BP7L" 8286
"../../../../CreationLayer/ZombieRepo/Content/__ExternalActors__/LevelPrototyping/Levels/DevRooms/TestRoom3/C/JN/UU8YIGM58CKZ7IT4P4BP7L.uasset" 8287
"/Game/__ExternalActors__/LevelPrototyping/Levels/DevRooms/TestRoom3/C/K2/HVR3687AHF8UC9YMYOTKA4" 8288
"../../../../CreationLayer/ZombieRepo/Content/__ExternalActors__/LevelPrototyping/Levels/DevRooms/TestRoom3/C/K2/HVR3687AHF8UC9YMYOTKA4.uasset" 8289
"/Game/__ExternalActors__/LevelPrototyping/Levels/DevRooms/TestRoom3/C/KO/XVJYSOEV9YVYNRP2HMVGZL" 8290
"../../../../CreationLayer/ZombieRepo/Content/__ExternalActors__/LevelPrototyping/Levels/DevRooms/TestRoom3/C/KO/XVJYSOEV9YVYNRP2HMVGZL.uasset" 8291
"/Game/__ExternalActors__/LevelPrototyping/Levels/DevRooms/TestRoom3/C/M9/JXBKBJJOB6CD1T043GLZI7" 8292
"../../../../CreationLayer/ZombieRepo/Content/__ExternalActors__/LevelPrototyping/Levels/DevRooms/TestRoom3/C/M9/JXBKBJJOB6CD1T043GLZI7.uasset" 8293
"/Game/__ExternalActors__/LevelPrototyping/Levels/DevRooms/TestRoom3/C/MX/YAEP64A3POHC1I256YH9RX" 8294
"../../../../CreationLayer/ZombieRepo/Content/__ExternalActors__/LevelPrototyping/Levels/DevRooms/TestRoom3/C/MX/YAEP64A3POHC1I256YH9RX.uasset" 8295
"/Game/__ExternalActors__/LevelPrototyping/Levels/DevRooms/TestRoom3/C/Q0/3R28VK9KRLOC05JMPB6UIA" 8296
"../../../../CreationLayer/ZombieRepo/Content/__ExternalActors__/LevelPrototyping/Levels/DevRooms/TestRoom3/C/Q0/3R28VK9KRLOC05JMPB6UIA.uasset" 8297
"/Game/__ExternalActors__/LevelPrototyping/Levels/DevRooms/TestRoom3/C/U5/06P2YS83V0L2FS8I0I0IH8" 8298
"../../../../CreationLayer/ZombieRepo/Content/__ExternalActors__/LevelPrototyping/Levels/DevRooms/TestRoom3/C/U5/06P2YS83V0L2FS8I0I0IH8.uasset" 8299
"/Game/__ExternalActors__/LevelPrototyping/Levels/DevRooms/TestRoom3/C/UH/N4QAUR5IR40P1WESEJE0VS" 8300
"../../../../CreationLayer/ZombieRepo/Content/__ExternalActors__/LevelPrototyping/Levels/DevRooms/TestRoom3/C/UH/N4QAUR5IR40P1WESEJE0VS.uasset" 8301
"/Game/__ExternalActors__/LevelPrototyping/Levels/DevRooms/TestRoom3/C/V8/I9U429XFARVN8JUK3DI2YH" 8302
"../../../../CreationLayer/ZombieRepo/Content/__ExternalActors__/LevelPrototyping/Levels/DevRooms/TestRoom3/C/V8/I9U429XFARVN8JUK3DI2YH.uasset" 8303
"/Game/__ExternalActors__/LevelPrototyping/Levels/DevRooms/TestRoom3/D/0A/Q301632FK2G02KC6FUO4VR" 8304
"../../../../CreationLayer/ZombieRepo/Content/__ExternalActors__/LevelPrototyping/Levels/DevRooms/TestRoom3/D/0A/Q301632FK2G02KC6FUO4VR.uasset" 8305
"/Game/__ExternalActors__/LevelPrototyping/Levels/DevRooms/TestRoom3/D/4O/MA7IAGL3DUFTHQP5RHHUFM" 8306
"../../../../CreationLayer/ZombieRepo/Content/__ExternalActors__/LevelPrototyping/Levels/DevRooms/TestRoom3/D/4O/MA7IAGL3DUFTHQP5RHHUFM.uasset" 8307
"/Game/__ExternalActors__/LevelPrototyping/Levels/DevRooms/TestRoom3/D/4P/IQQNZSX5HQ77315NBA1I6H" 8308
"../../../../CreationLayer/ZombieRepo/Content/__ExternalActors__/LevelPrototyping/Levels/DevRooms/TestRoom3/D/4P/IQQNZSX5HQ77315NBA1I6H.uasset" 8309
"/Game/__ExternalActors__/LevelPrototyping/Levels/DevRooms/TestRoom3/D/A0/HYUGKFZ7MW58C0Y40S0VR2" 8310
"../../../../CreationLayer/ZombieRepo/Content/__ExternalActors__/LevelPrototyping/Levels/DevRooms/TestRoom3/D/A0/HYUGKFZ7MW58C0Y40S0VR2.uasset" 8311
"/Game/__ExternalActors__/LevelPrototyping/Levels/DevRooms/TestRoom3/D/BB/CZS6KNPBYQ73TJ3Q1X7QNY" 8312
"../../../../CreationLayer/ZombieRepo/Content/__ExternalActors__/LevelPrototyping/Levels/DevRooms/TestRoom3/D/BB/CZS6KNPBYQ73TJ3Q1X7QNY.uasset" 8313
"/Game/__ExternalActors__/LevelPrototyping/Levels/DevRooms/TestRoom3/D/FG/JXB4N3VL1P4WPN102ZTKBL" 8314
"../../../../CreationLayer/ZombieRepo/Content/__ExternalActors__/LevelPrototyping/Levels/DevRooms/TestRoom3/D/FG/JXB4N3VL1P4WPN102ZTKBL.uasset" 8315
"/Game/__ExternalActors__/LevelPrototyping/Levels/DevRooms/TestRoom3/D/G5/QTWJFYC0WCS3VBZU6AJ4CA" 8316
"../../../../CreationLayer/ZombieRepo/Content/__ExternalActors__/LevelPrototyping/Levels/DevRooms/TestRoom3/D/G5/QTWJFYC0WCS3VBZU6AJ4CA.uasset" 8317
"/Game/__ExternalActors__/LevelPrototyping/Levels/DevRooms/TestRoom3/D/G5/Z6A9AB6KW3LS7JDUTWY2YM" 8318
"../../../../CreationLayer/ZombieRepo/Content/__ExternalActors__/LevelPrototyping/Levels/DevRooms/TestRoom3/D/G5/Z6A9AB6KW3LS7JDUTWY2YM.uasset" 8319
"/Game/__ExternalActors__/LevelPrototyping/Levels/DevRooms/TestRoom3/D/HW/Q8QY99UZ1UQDI0LR5496EL" 8320
"../../../../CreationLayer/ZombieRepo/Content/__ExternalActors__/LevelPrototyping/Levels/DevRooms/TestRoom3/D/HW/Q8QY99UZ1UQDI0LR5496EL.uasset" 8321
"/Game/__ExternalActors__/LevelPrototyping/Levels/DevRooms/TestRoom3/D/JW/EYZJIXEONFCVODORQYMP31" 8322
"../../../../CreationLayer/ZombieRepo/Content/__ExternalActors__/LevelPrototyping/Levels/DevRooms/TestRoom3/D/JW/EYZJIXEONFCVODORQYMP31.uasset" 8323
"/Game/__ExternalActors__/LevelPrototyping/Levels/DevRooms/TestRoom3/D/KB/R0RJRYEC5KRDW63RC52OU4" 8324
"../../../../CreationLayer/ZombieRepo/Content/__ExternalActors__/LevelPrototyping/Levels/DevRooms/TestRoom3/D/KB/R0RJRYEC5KRDW63RC52OU4.uasset" 8325
"/Game/__ExternalActors__/LevelPrototyping/Levels/DevRooms/TestRoom3/D/LN/JMRBV2T2T5LO4FH4YFPH79" 8326
"../../../../CreationLayer/ZombieRepo/Content/__ExternalActors__/LevelPrototyping/Levels/DevRooms/TestRoom3/D/LN/JMRBV2T2T5LO4FH4YFPH79.uasset" 8327
"/Game/__ExternalActors__/LevelPrototyping/Levels/DevRooms/TestRoom3/D/MI/B989Y497JC89PZ2B3DTSCA" 8328
"../../../../CreationLayer/ZombieRepo/Content/__ExternalActors__/LevelPrototyping/Levels/DevRooms/TestRoom3/D/MI/B989Y497JC89PZ2B3DTSCA.uasset" 8329
"/Game/__ExternalActors__/LevelPrototyping/Levels/DevRooms/TestRoom3/D/VR/JMY5V06VEZMXZQW7ZEZ0I6" 8330
"../../../../CreationLayer/ZombieRepo/Content/__ExternalActors__/LevelPrototyping/Levels/DevRooms/TestRoom3/D/VR/JMY5V06VEZMXZQW7ZEZ0I6.uasset" 8331
"/Game/__ExternalActors__/LevelPrototyping/Levels/DevRooms/TestRoom3/D/WA/3XRG1SDIJ2I1ZAD3EOKYVL" 8332
"../../../../CreationLayer/ZombieRepo/Content/__ExternalActors__/LevelPrototyping/Levels/DevRooms/TestRoom3/D/WA/3XRG1SDIJ2I1ZAD3EOKYVL.uasset" 8333
"/Game/__ExternalActors__/LevelPrototyping/Levels/DevRooms/TestRoom3/D/WH/9L5RK1ITEQ739LL380QLBW" 8334
"../../../../CreationLayer/ZombieRepo/Content/__ExternalActors__/LevelPrototyping/Levels/DevRooms/TestRoom3/D/WH/9L5RK1ITEQ739LL380QLBW.uasset" 8335
"/Game/__ExternalActors__/LevelPrototyping/Levels/DevRooms/TestRoom3/D/XE/881XFPV062Y5TIMK3VRNJ7" 8336
"../../../../CreationLayer/ZombieRepo/Content/__ExternalActors__/LevelPrototyping/Levels/DevRooms/TestRoom3/D/XE/881XFPV062Y5TIMK3VRNJ7.uasset" 8337
"/Game/__ExternalActors__/LevelPrototyping/Levels/DevRooms/TestRoom3/E/0W/IGAQGB5HHQF91S0ZSLBAPP" 8338
"../../../../CreationLayer/ZombieRepo/Content/__ExternalActors__/LevelPrototyping/Levels/DevRooms/TestRoom3/E/0W/IGAQGB5HHQF91S0ZSLBAPP.uasset" 8339
"/Game/__ExternalActors__/LevelPrototyping/Levels/DevRooms/TestRoom3/E/34/OEXXJ3EOINFT59SEIIMUAK" 8340
"../../../../CreationLayer/ZombieRepo/Content/__ExternalActors__/LevelPrototyping/Levels/DevRooms/TestRoom3/E/34/OEXXJ3EOINFT59SEIIMUAK.uasset" 8341
"/Game/__ExternalActors__/LevelPrototyping/Levels/DevRooms/TestRoom3/E/3D/4D9R0ICDJR955LI3DEV13A" 8342
"../../../../CreationLayer/ZombieRepo/Content/__ExternalActors__/LevelPrototyping/Levels/DevRooms/TestRoom3/E/3D/4D9R0ICDJR955LI3DEV13A.uasset" 8343
"/Game/__ExternalActors__/LevelPrototyping/Levels/DevRooms/TestRoom3/E/4T/DNVN87JBB4B7CR9RJ15N8C" 8344
"../../../../CreationLayer/ZombieRepo/Content/__ExternalActors__/LevelPrototyping/Levels/DevRooms/TestRoom3/E/4T/DNVN87JBB4B7CR9RJ15N8C.uasset" 8345
"/Game/__ExternalActors__/LevelPrototyping/Levels/DevRooms/TestRoom3/E/5H/FPB146VLMERN91QRGYBMBJ" 8346
"../../../../CreationLayer/ZombieRepo/Content/__ExternalActors__/LevelPrototyping/Levels/DevRooms/TestRoom3/E/5H/FPB146VLMERN91QRGYBMBJ.uasset" 8347
"/Game/__ExternalActors__/LevelPrototyping/Levels/DevRooms/TestRoom3/E/70/ADLYSBUP5FDLBH0DO9QCEY" 8348
"../../../../CreationLayer/ZombieRepo/Content/__ExternalActors__/LevelPrototyping/Levels/DevRooms/TestRoom3/E/70/ADLYSBUP5FDLBH0DO9QCEY.uasset" 8349
"/Game/__ExternalActors__/LevelPrototyping/Levels/DevRooms/TestRoom3/E/73/YITNF0IGYUGE9ADU0OFSME" 8350
"../../../../CreationLayer/ZombieRepo/Content/__ExternalActors__/LevelPrototyping/Levels/DevRooms/TestRoom3/E/73/YITNF0IGYUGE9ADU0OFSME.uasset" 8351
"/Game/__ExternalActors__/LevelPrototyping/Levels/DevRooms/TestRoom3/E/7K/Y4EY3B0YG9JG6PCDI4TK81" 8352
"../../../../CreationLayer/ZombieRepo/Content/__ExternalActors__/LevelPrototyping/Levels/DevRooms/TestRoom3/E/7K/Y4EY3B0YG9JG6PCDI4TK81.uasset" 8353
"/Game/__ExternalActors__/LevelPrototyping/Levels/DevRooms/TestRoom3/E/8B/3QO34NSS30OA29FQXFCWU5" 8354
"../../../../CreationLayer/ZombieRepo/Content/__ExternalActors__/LevelPrototyping/Levels/DevRooms/TestRoom3/E/8B/3QO34NSS30OA29FQXFCWU5.uasset" 8355
"/Game/__ExternalActors__/LevelPrototyping/Levels/DevRooms/TestRoom3/E/8R/AGQFO0TWTDIYLRQ24ZJUCD" 8356
"../../../../CreationLayer/ZombieRepo/Content/__ExternalActors__/LevelPrototyping/Levels/DevRooms/TestRoom3/E/8R/AGQFO0TWTDIYLRQ24ZJUCD.uasset" 8357
"/Game/__ExternalActors__/LevelPrototyping/Levels/DevRooms/TestRoom3/E/9S/FQ96ZVNLMNADWREW3A2R29" 8358
"../../../../CreationLayer/ZombieRepo/Content/__ExternalActors__/LevelPrototyping/Levels/DevRooms/TestRoom3/E/9S/FQ96ZVNLMNADWREW3A2R29.uasset" 8359
"/Game/__ExternalActors__/LevelPrototyping/Levels/DevRooms/TestRoom3/E/B7/99BZ0NIU185VY5JXA1QM76" 8360
"../../../../CreationLayer/ZombieRepo/Content/__ExternalActors__/LevelPrototyping/Levels/DevRooms/TestRoom3/E/B7/99BZ0NIU185VY5JXA1QM76.uasset" 8361
"/Game/__ExternalActors__/LevelPrototyping/Levels/DevRooms/TestRoom3/E/BK/SFLKAACP1AFJ73UBVLAKBT" 8362
"../../../../CreationLayer/ZombieRepo/Content/__ExternalActors__/LevelPrototyping/Levels/DevRooms/TestRoom3/E/BK/SFLKAACP1AFJ73UBVLAKBT.uasset" 8363
"/Game/__ExternalActors__/LevelPrototyping/Levels/DevRooms/TestRoom3/E/C3/SGXBM3QSJ5D8D320EP02QQ" 8364
"../../../../CreationLayer/ZombieRepo/Content/__ExternalActors__/LevelPrototyping/Levels/DevRooms/TestRoom3/E/C3/SGXBM3QSJ5D8D320EP02QQ.uasset" 8365
"/Game/__ExternalActors__/LevelPrototyping/Levels/DevRooms/TestRoom3/E/DC/ESYAZUC4I82FNIUB4SMUTN" 8366
"../../../../CreationLayer/ZombieRepo/Content/__ExternalActors__/LevelPrototyping/Levels/DevRooms/TestRoom3/E/DC/ESYAZUC4I82FNIUB4SMUTN.uasset" 8367
"/Game/__ExternalActors__/LevelPrototyping/Levels/DevRooms/TestRoom3/E/DY/M68WBQUZYITN5VOJAY87E6" 8368
"../../../../CreationLayer/ZombieRepo/Content/__ExternalActors__/LevelPrototyping/Levels/DevRooms/TestRoom3/E/DY/M68WBQUZYITN5VOJAY87E6.uasset" 8369
"/Game/__ExternalActors__/LevelPrototyping/Levels/DevRooms/TestRoom3/E/GZ/TZ8HBEAUHGYPZIGMM2424Z" 8370
"../../../../CreationLayer/ZombieRepo/Content/__ExternalActors__/LevelPrototyping/Levels/DevRooms/TestRoom3/E/GZ/TZ8HBEAUHGYPZIGMM2424Z.uasset" 8371
"/Game/__ExternalActors__/LevelPrototyping/Levels/DevRooms/TestRoom3/E/H1/8MBJN3PF5GF5ZDCSD3PZKX" 8372
"../../../../CreationLayer/ZombieRepo/Content/__ExternalActors__/LevelPrototyping/Levels/DevRooms/TestRoom3/E/H1/8MBJN3PF5GF5ZDCSD3PZKX.uasset" 8373
"/Game/__ExternalActors__/LevelPrototyping/Levels/DevRooms/TestRoom3/E/J5/EV36F1LLU6F7XVPSZI4CGF" 8374
"../../../../CreationLayer/ZombieRepo/Content/__ExternalActors__/LevelPrototyping/Levels/DevRooms/TestRoom3/E/J5/EV36F1LLU6F7XVPSZI4CGF.uasset" 8375
"/Game/__ExternalActors__/LevelPrototyping/Levels/DevRooms/TestRoom3/E/L3/8V2WH1WQAHGJ2W5ELADZUG" 8376
"../../../../CreationLayer/ZombieRepo/Content/__ExternalActors__/LevelPrototyping/Levels/DevRooms/TestRoom3/E/L3/8V2WH1WQAHGJ2W5ELADZUG.uasset" 8377
"/Game/__ExternalActors__/LevelPrototyping/Levels/DevRooms/TestRoom3/E/N1/5ERPSR18E3NL4MW49TJVGA" 8378
"../../../../CreationLayer/ZombieRepo/Content/__ExternalActors__/LevelPrototyping/Levels/DevRooms/TestRoom3/E/N1/5ERPSR18E3NL4MW49TJVGA.uasset" 8379
"/Game/__ExternalActors__/LevelPrototyping/Levels/DevRooms/TestRoom3/E/PF/I12GV0FRNJELBJCGO7P9JC" 8380
"../../../../CreationLayer/ZombieRepo/Content/__ExternalActors__/LevelPrototyping/Levels/DevRooms/TestRoom3/E/PF/I12GV0FRNJELBJCGO7P9JC.uasset" 8381
"/Game/__ExternalActors__/LevelPrototyping/Levels/DevRooms/TestRoom3/E/TB/CFO6OI7AV7SGW8Q4FX9VML" 8382
"../../../../CreationLayer/ZombieRepo/Content/__ExternalActors__/LevelPrototyping/Levels/DevRooms/TestRoom3/E/TB/CFO6OI7AV7SGW8Q4FX9VML.uasset" 8383
"/Game/__ExternalActors__/LevelPrototyping/Levels/DevRooms/TestRoom3/E/ZR/UBJBQ3B5984MC94104MNAJ" 8384
"../../../../CreationLayer/ZombieRepo/Content/__ExternalActors__/LevelPrototyping/Levels/DevRooms/TestRoom3/E/ZR/UBJBQ3B5984MC94104MNAJ.uasset" 8385
"/Game/__ExternalActors__/LevelPrototyping/Levels/DevRooms/TestRoom3/F/1V/SI35R9TFIPSK6EF7X043OD" 8386
"../../../../CreationLayer/ZombieRepo/Content/__ExternalActors__/LevelPrototyping/Levels/DevRooms/TestRoom3/F/1V/SI35R9TFIPSK6EF7X043OD.uasset" 8387
"/Game/__ExternalActors__/LevelPrototyping/Levels/DevRooms/TestRoom3/F/2F/L9FMOI948OGGE0ZJCTYNZ4" 8388
"../../../../CreationLayer/ZombieRepo/Content/__ExternalActors__/LevelPrototyping/Levels/DevRooms/TestRoom3/F/2F/L9FMOI948OGGE0ZJCTYNZ4.uasset" 8389
"/Game/__ExternalActors__/LevelPrototyping/Levels/DevRooms/TestRoom3/F/2T/WQR9IEWQFGMG5SL57QHRR3" 8390
"../../../../CreationLayer/ZombieRepo/Content/__ExternalActors__/LevelPrototyping/Levels/DevRooms/TestRoom3/F/2T/WQR9IEWQFGMG5SL57QHRR3.uasset" 8391
"/Game/__ExternalActors__/LevelPrototyping/Levels/DevRooms/TestRoom3/F/3F/820HSAXUCTFS7HFDHGCZ9Q" 8392
"../../../../CreationLayer/ZombieRepo/Content/__ExternalActors__/LevelPrototyping/Levels/DevRooms/TestRoom3/F/3F/820HSAXUCTFS7HFDHGCZ9Q.uasset" 8393
"/Game/__ExternalActors__/LevelPrototyping/Levels/DevRooms/TestRoom3/F/58/13QB1LPF001B5OCOBJ4G3W" 8394
"../../../../CreationLayer/ZombieRepo/Content/__ExternalActors__/LevelPrototyping/Levels/DevRooms/TestRoom3/F/58/13QB1LPF001B5OCOBJ4G3W.uasset" 8395
"/Engine/EditorResources/EmptyActor" 8396
"../../../Engine/Content/EditorResources/EmptyActor.uasset" 8397
"/Game/__ExternalActors__/LevelPrototyping/Levels/DevRooms/TestRoom2/0/01/35LVDS2Y3DV9RGM0WA5EEU" 8398
"../../../../CreationLayer/ZombieRepo/Content/__ExternalActors__/LevelPrototyping/Levels/DevRooms/TestRoom2/0/01/35LVDS2Y3DV9RGM0WA5EEU.uasset" 8399
"/Game/__ExternalActors__/LevelPrototyping/Levels/DevRooms/TestRoom2/0/54/W7S4D1UEBAD2UH197ZAK7L" 8400
"../../../../CreationLayer/ZombieRepo/Content/__ExternalActors__/LevelPrototyping/Levels/DevRooms/TestRoom2/0/54/W7S4D1UEBAD2UH197ZAK7L.uasset" 8401
"/Game/__ExternalActors__/LevelPrototyping/Levels/DevRooms/TestRoom2/0/5H/N6ZWAMM5IINBMKTP6PCYJG" 8402
"../../../../CreationLayer/ZombieRepo/Content/__ExternalActors__/LevelPrototyping/Levels/DevRooms/TestRoom2/0/5H/N6ZWAMM5IINBMKTP6PCYJG.uasset" 8403
"/Game/__ExternalActors__/LevelPrototyping/Levels/DevRooms/TestRoom2/0/5W/YUHB2GUXQFNFFIE4A5UCRS" 8404
"../../../../CreationLayer/ZombieRepo/Content/__ExternalActors__/LevelPrototyping/Levels/DevRooms/TestRoom2/0/5W/YUHB2GUXQFNFFIE4A5UCRS.uasset" 8405
"/Game/__ExternalActors__/LevelPrototyping/Levels/DevRooms/TestRoom2/0/70/19UJS50LJXCDVLT6T86IPS" 8406
"../../../../CreationLayer/ZombieRepo/Content/__ExternalActors__/LevelPrototyping/Levels/DevRooms/TestRoom2/0/70/19UJS50LJXCDVLT6T86IPS.uasset" 8407
"/Game/__ExternalActors__/LevelPrototyping/Levels/DevRooms/TestRoom2/0/8L/USHYXL2INLU73CRZEVZX5W" 8408
"../../../../CreationLayer/ZombieRepo/Content/__ExternalActors__/LevelPrototyping/Levels/DevRooms/TestRoom2/0/8L/USHYXL2INLU73CRZEVZX5W.uasset" 8409
"/Game/__ExternalActors__/LevelPrototyping/Levels/DevRooms/TestRoom2/0/A4/8XEVSWEHHM1B1LSF86D61W" 8410
"../../../../CreationLayer/ZombieRepo/Content/__ExternalActors__/LevelPrototyping/Levels/DevRooms/TestRoom2/0/A4/8XEVSWEHHM1B1LSF86D61W.uasset" 8411
"/Game/__ExternalActors__/LevelPrototyping/Levels/DevRooms/TestRoom2/0/AN/BVTCLW9OO1GT11VBGB06HY" 8412
"../../../../CreationLayer/ZombieRepo/Content/__ExternalActors__/LevelPrototyping/Levels/DevRooms/TestRoom2/0/AN/BVTCLW9OO1GT11VBGB06HY.uasset" 8413
"/Game/__ExternalActors__/LevelPrototyping/Levels/DevRooms/TestRoom2/0/DC/HSAHHVJTK4EXZUCS64BIHK" 8414
"../../../../CreationLayer/ZombieRepo/Content/__ExternalActors__/LevelPrototyping/Levels/DevRooms/TestRoom2/0/DC/HSAHHVJTK4EXZUCS64BIHK.uasset" 8415
"/Game/__ExternalActors__/LevelPrototyping/Levels/DevRooms/TestRoom2/0/FZ/OAKD3ET27C9HZBIXP0508F" 8416
"../../../../CreationLayer/ZombieRepo/Content/__ExternalActors__/LevelPrototyping/Levels/DevRooms/TestRoom2/0/FZ/OAKD3ET27C9HZBIXP0508F.uasset" 8417
"/Game/__ExternalActors__/LevelPrototyping/Levels/DevRooms/TestRoom2/0/JV/KSSGMUO42XI8JZKFVZALBK" 8418
"../../../../CreationLayer/ZombieRepo/Content/__ExternalActors__/LevelPrototyping/Levels/DevRooms/TestRoom2/0/JV/KSSGMUO42XI8JZKFVZALBK.uasset" 8419
"/Game/__ExternalActors__/LevelPrototyping/Levels/DevRooms/TestRoom2/0/V7/WQ2WOYVGTWYBXABEMSENUW" 8420
"../../../../CreationLayer/ZombieRepo/Content/__ExternalActors__/LevelPrototyping/Levels/DevRooms/TestRoom2/0/V7/WQ2WOYVGTWYBXABEMSENUW.uasset" 8421
"/Game/__ExternalActors__/LevelPrototyping/Levels/DevRooms/TestRoom2/0/VT/7YMZIMH1REJMRU15EF2H3K" 8422
"../../../../CreationLayer/ZombieRepo/Content/__ExternalActors__/LevelPrototyping/Levels/DevRooms/TestRoom2/0/VT/7YMZIMH1REJMRU15EF2H3K.uasset" 8423
"/Game/__ExternalActors__/LevelPrototyping/Levels/DevRooms/TestRoom2/1/0A/222X81MR625V332YLT6RP9" 8424
"../../../../CreationLayer/ZombieRepo/Content/__ExternalActors__/LevelPrototyping/Levels/DevRooms/TestRoom2/1/0A/222X81MR625V332YLT6RP9.uasset" 8425
"/Game/__ExternalActors__/LevelPrototyping/Levels/DevRooms/TestRoom2/1/4Q/RJJMVR36WN0PKYDL4MQ9X5" 8426
"../../../../CreationLayer/ZombieRepo/Content/__ExternalActors__/LevelPrototyping/Levels/DevRooms/TestRoom2/1/4Q/RJJMVR36WN0PKYDL4MQ9X5.uasset" 8427
"/Game/__ExternalActors__/LevelPrototyping/Levels/DevRooms/TestRoom2/1/7K/8FCSACTB4K2LSY4RH3Z3IL" 8428
"../../../../CreationLayer/ZombieRepo/Content/__ExternalActors__/LevelPrototyping/Levels/DevRooms/TestRoom2/1/7K/8FCSACTB4K2LSY4RH3Z3IL.uasset" 8429
"/Game/__ExternalActors__/LevelPrototyping/Levels/DevRooms/TestRoom2/1/7Z/3BAHEL5LY325MYMIAB412N" 8430
"../../../../CreationLayer/ZombieRepo/Content/__ExternalActors__/LevelPrototyping/Levels/DevRooms/TestRoom2/1/7Z/3BAHEL5LY325MYMIAB412N.uasset" 8431
"/Game/__ExternalActors__/LevelPrototyping/Levels/DevRooms/TestRoom2/1/AX/WQ0N0X149OSJVIVL101EDV" 8432
"../../../../CreationLayer/ZombieRepo/Content/__ExternalActors__/LevelPrototyping/Levels/DevRooms/TestRoom2/1/AX/WQ0N0X149OSJVIVL101EDV.uasset" 8433
"/Game/__ExternalActors__/LevelPrototyping/Levels/DevRooms/TestRoom2/1/CF/248N7T1QZ2PBO97OIDSYP7" 8434
"../../../../CreationLayer/ZombieRepo/Content/__ExternalActors__/LevelPrototyping/Levels/DevRooms/TestRoom2/1/CF/248N7T1QZ2PBO97OIDSYP7.uasset" 8435
"/Game/__ExternalActors__/LevelPrototyping/Levels/DevRooms/TestRoom2/1/G4/WH1QWNKZDOSPZJ05RADK0X" 8436
"../../../../CreationLayer/ZombieRepo/Content/__ExternalActors__/LevelPrototyping/Levels/DevRooms/TestRoom2/1/G4/WH1QWNKZDOSPZJ05RADK0X.uasset" 8437
"/Game/__ExternalActors__/LevelPrototyping/Levels/DevRooms/TestRoom2/1/GW/T62KZJW6LQYV6RAAY4MXAU" 8438
"../../../../CreationLayer/ZombieRepo/Content/__ExternalActors__/LevelPrototyping/Levels/DevRooms/TestRoom2/1/GW/T62KZJW6LQYV6RAAY4MXAU.uasset" 8439
"/Game/__ExternalActors__/LevelPrototyping/Levels/DevRooms/TestRoom2/1/IM/JC1V819TBLW7L7NH9X4PKI" 8440
"../../../../CreationLayer/ZombieRepo/Content/__ExternalActors__/LevelPrototyping/Levels/DevRooms/TestRoom2/1/IM/JC1V819TBLW7L7NH9X4PKI.uasset" 8441
"/Game/__ExternalActors__/LevelPrototyping/Levels/DevRooms/TestRoom2/1/LA/TRD7Y12PFWYDJ2FPXFKJLG" 8442
"../../../../CreationLayer/ZombieRepo/Content/__ExternalActors__/LevelPrototyping/Levels/DevRooms/TestRoom2/1/LA/TRD7Y12PFWYDJ2FPXFKJLG.uasset" 8443
"/Game/__ExternalActors__/LevelPrototyping/Levels/DevRooms/TestRoom2/1/NG/KHXPF3KH5H6ZN5G3GJUO7K" 8444
"../../../../CreationLayer/ZombieRepo/Content/__ExternalActors__/LevelPrototyping/Levels/DevRooms/TestRoom2/1/NG/KHXPF3KH5H6ZN5G3GJUO7K.uasset" 8445
"/Game/__ExternalActors__/LevelPrototyping/Levels/DevRooms/TestRoom2/1/NR/VZU8YYY1Y24X6QMIKNF3WS" 8446
"../../../../CreationLayer/ZombieRepo/Content/__ExternalActors__/LevelPrototyping/Levels/DevRooms/TestRoom2/1/NR/VZU8YYY1Y24X6QMIKNF3WS.uasset" 8447
"/Game/__ExternalActors__/LevelPrototyping/Levels/DevRooms/TestRoom2/1/P6/5MI3T1IO5CBXDW21HMJQI2" 8448
"../../../../CreationLayer/ZombieRepo/Content/__ExternalActors__/LevelPrototyping/Levels/DevRooms/TestRoom2/1/P6/5MI3T1IO5CBXDW21HMJQI2.uasset" 8449
"../../../../CreationLayer/ZombieRepo/Content/StarterContent/Shapes/Shape_NarrowCapsule.uasset" 8450
"/Game/__ExternalActors__/LevelPrototyping/Levels/DevRooms/TestRoom2/1/RO/WTVTSLBPOZ88QKD8X519IA" 8451
"../../../../CreationLayer/ZombieRepo/Content/__ExternalActors__/LevelPrototyping/Levels/DevRooms/TestRoom2/1/RO/WTVTSLBPOZ88QKD8X519IA.uasset" 8452
"/Game/__ExternalActors__/LevelPrototyping/Levels/DevRooms/TestRoom2/1/U7/FMOKAE3QUD9YZZ8LAMUVX5" 8453
"../../../../CreationLayer/ZombieRepo/Content/__ExternalActors__/LevelPrototyping/Levels/DevRooms/TestRoom2/1/U7/FMOKAE3QUD9YZZ8LAMUVX5.uasset" 8454
"/Game/__ExternalActors__/LevelPrototyping/Levels/DevRooms/TestRoom2/1/UA/KWXK6PK2INP9TYXUCNZZN5" 8455
"../../../../CreationLayer/ZombieRepo/Content/__ExternalActors__/LevelPrototyping/Levels/DevRooms/TestRoom2/1/UA/KWXK6PK2INP9TYXUCNZZN5.uasset" 8456
"/Game/__ExternalActors__/LevelPrototyping/Levels/DevRooms/TestRoom2/1/YK/RAWIL3K6YK6Z5ZYCRVTSZO" 8457
"../../../../CreationLayer/ZombieRepo/Content/__ExternalActors__/LevelPrototyping/Levels/DevRooms/TestRoom2/1/YK/RAWIL3K6YK6Z5ZYCRVTSZO.uasset" 8458
"/Game/__ExternalActors__/LevelPrototyping/Levels/DevRooms/TestRoom2/1/Z1/05N6NSXH3612CC69U8GIEE" 8459
"../../../../CreationLayer/ZombieRepo/Content/__ExternalActors__/LevelPrototyping/Levels/DevRooms/TestRoom2/1/Z1/05N6NSXH3612CC69U8GIEE.uasset" 8460
"/Game/__ExternalActors__/LevelPrototyping/Levels/DevRooms/TestRoom2/2/19/DJKI141MRYOGP2ZTG3RC00" 8461
"../../../../CreationLayer/ZombieRepo/Content/__ExternalActors__/LevelPrototyping/Levels/DevRooms/TestRoom2/2/19/DJKI141MRYOGP2ZTG3RC00.uasset" 8462
"/Game/__ExternalActors__/LevelPrototyping/Levels/DevRooms/TestRoom2/2/20/VC0P22YGD6DR1QMUQDBJ7J" 8463
"../../../../CreationLayer/ZombieRepo/Content/__ExternalActors__/LevelPrototyping/Levels/DevRooms/TestRoom2/2/20/VC0P22YGD6DR1QMUQDBJ7J.uasset" 8464
"/Game/__ExternalActors__/LevelPrototyping/Levels/DevRooms/TestRoom2/2/2B/KQ69WJ94OAEOJG92I7WJFT" 8465
"../../../../CreationLayer/ZombieRepo/Content/__ExternalActors__/LevelPrototyping/Levels/DevRooms/TestRoom2/2/2B/KQ69WJ94OAEOJG92I7WJFT.uasset" 8466
"/Game/__ExternalActors__/LevelPrototyping/Levels/DevRooms/TestRoom2/2/32/W0CD62328ZUI4EXPU7G4PN" 8467
"../../../../CreationLayer/ZombieRepo/Content/__ExternalActors__/LevelPrototyping/Levels/DevRooms/TestRoom2/2/32/W0CD62328ZUI4EXPU7G4PN.uasset" 8468
"/Game/__ExternalActors__/LevelPrototyping/Levels/DevRooms/TestRoom2/2/6R/6PH0RBXE32R7JTSV94BM3T" 8469
"../../../../CreationLayer/ZombieRepo/Content/__ExternalActors__/LevelPrototyping/Levels/DevRooms/TestRoom2/2/6R/6PH0RBXE32R7JTSV94BM3T.uasset" 8470
"/Game/__ExternalActors__/LevelPrototyping/Levels/DevRooms/TestRoom2/2/74/AWQS7WXJZ39T9U3JBMLNBR" 8471
"../../../../CreationLayer/ZombieRepo/Content/__ExternalActors__/LevelPrototyping/Levels/DevRooms/TestRoom2/2/74/AWQS7WXJZ39T9U3JBMLNBR.uasset" 8472
"/Game/__ExternalActors__/LevelPrototyping/Levels/DevRooms/TestRoom2/2/79/4L38YC5D5TAQSF1ZSO9AH8" 8473
"../../../../CreationLayer/ZombieRepo/Content/__ExternalActors__/LevelPrototyping/Levels/DevRooms/TestRoom2/2/79/4L38YC5D5TAQSF1ZSO9AH8.uasset" 8474
"/Game/__ExternalActors__/LevelPrototyping/Levels/DevRooms/TestRoom2/2/7P/YCD6QATPSDR0U6OOGJ5COA" 8475
"../../../../CreationLayer/ZombieRepo/Content/__ExternalActors__/LevelPrototyping/Levels/DevRooms/TestRoom2/2/7P/YCD6QATPSDR0U6OOGJ5COA.uasset" 8476
"../../../../CreationLayer/ZombieRepo/Content/StarterContent/Shapes/Shape_Cube.uasset" 8477
"/Game/__ExternalActors__/LevelPrototyping/Levels/DevRooms/TestRoom2/2/7R/TILX2630YFILP1LQBKKDGE" 8478
"../../../../CreationLayer/ZombieRepo/Content/__ExternalActors__/LevelPrototyping/Levels/DevRooms/TestRoom2/2/7R/TILX2630YFILP1LQBKKDGE.uasset" 8479
"/Game/__ExternalActors__/LevelPrototyping/Levels/DevRooms/TestRoom2/2/DA/403PEJJ38RB11IJNEH868Z" 8480
"../../../../CreationLayer/ZombieRepo/Content/__ExternalActors__/LevelPrototyping/Levels/DevRooms/TestRoom2/2/DA/403PEJJ38RB11IJNEH868Z.uasset" 8481
"/Game/__ExternalActors__/LevelPrototyping/Levels/DevRooms/TestRoom2/2/E7/6COKQ1RY9IGOKHAH72A10E" 8482
"../../../../CreationLayer/ZombieRepo/Content/__ExternalActors__/LevelPrototyping/Levels/DevRooms/TestRoom2/2/E7/6COKQ1RY9IGOKHAH72A10E.uasset" 8483
"/Game/__ExternalActors__/LevelPrototyping/Levels/DevRooms/TestRoom2/2/GT/LJO6UFQND2FD0PLVXH3238" 8484
"../../../../CreationLayer/ZombieRepo/Content/__ExternalActors__/LevelPrototyping/Levels/DevRooms/TestRoom2/2/GT/LJO6UFQND2FD0PLVXH3238.uasset" 8485
"/Game/__ExternalActors__/LevelPrototyping/Levels/DevRooms/TestRoom2/2/IX/9CY5YNKBVCBQCOVUF4W1OU" 8486
"../../../../CreationLayer/ZombieRepo/Content/__ExternalActors__/LevelPrototyping/Levels/DevRooms/TestRoom2/2/IX/9CY5YNKBVCBQCOVUF4W1OU.uasset" 8487
"/Game/__ExternalActors__/LevelPrototyping/Levels/DevRooms/TestRoom2/2/J0/2JLW7F6ROAZ078RSMLHO53" 8488
"../../../../CreationLayer/ZombieRepo/Content/__ExternalActors__/LevelPrototyping/Levels/DevRooms/TestRoom2/2/J0/2JLW7F6ROAZ078RSMLHO53.uasset" 8489
"/Game/__ExternalActors__/LevelPrototyping/Levels/DevRooms/TestRoom2/2/J3/52P42CF0N6OF37AHE0AR7D" 8490
"../../../../CreationLayer/ZombieRepo/Content/__ExternalActors__/LevelPrototyping/Levels/DevRooms/TestRoom2/2/J3/52P42CF0N6OF37AHE0AR7D.uasset" 8491
"/Game/__ExternalActors__/LevelPrototyping/Levels/DevRooms/TestRoom2/2/Q2/5CJV6SLN8DSP8REHY1XDBF" 8492
"../../../../CreationLayer/ZombieRepo/Content/__ExternalActors__/LevelPrototyping/Levels/DevRooms/TestRoom2/2/Q2/5CJV6SLN8DSP8REHY1XDBF.uasset" 8493
"/Game/__ExternalActors__/LevelPrototyping/Levels/DevRooms/TestRoom2/2/R8/AIG6ZNUQK2DY4P6HPOXSMT" 8494
"../../../../CreationLayer/ZombieRepo/Content/__ExternalActors__/LevelPrototyping/Levels/DevRooms/TestRoom2/2/R8/AIG6ZNUQK2DY4P6HPOXSMT.uasset" 8495
"/Game/__ExternalActors__/LevelPrototyping/Levels/DevRooms/TestRoom2/2/RF/EXG4UJV1ZNRRL9ODJ4G9WS" 8496
"../../../../CreationLayer/ZombieRepo/Content/__ExternalActors__/LevelPrototyping/Levels/DevRooms/TestRoom2/2/RF/EXG4UJV1ZNRRL9ODJ4G9WS.uasset" 8497
"/Game/__ExternalActors__/LevelPrototyping/Levels/DevRooms/TestRoom2/2/RQ/ONHQWVOYXJ4MP31W8MGFC3" 8498
"../../../../CreationLayer/ZombieRepo/Content/__ExternalActors__/LevelPrototyping/Levels/DevRooms/TestRoom2/2/RQ/ONHQWVOYXJ4MP31W8MGFC3.uasset" 8499
"/Game/__ExternalActors__/LevelPrototyping/Levels/DevRooms/TestRoom2/2/UO/U0XZBKNMI39SJ1Y4CA3RQ6" 8500
"../../../../CreationLayer/ZombieRepo/Content/__ExternalActors__/LevelPrototyping/Levels/DevRooms/TestRoom2/2/UO/U0XZBKNMI39SJ1Y4CA3RQ6.uasset" 8501
"/Game/__ExternalActors__/LevelPrototyping/Levels/DevRooms/TestRoom2/2/WX/4TNZ1CROVDCN39229ON5BV" 8502
"../../../../CreationLayer/ZombieRepo/Content/__ExternalActors__/LevelPrototyping/Levels/DevRooms/TestRoom2/2/WX/4TNZ1CROVDCN39229ON5BV.uasset" 8503
"/Game/__ExternalActors__/LevelPrototyping/Levels/DevRooms/TestRoom2/2/ZV/3UZQ38DPRYOQGNB3E3JBEA" 8504
"../../../../CreationLayer/ZombieRepo/Content/__ExternalActors__/LevelPrototyping/Levels/DevRooms/TestRoom2/2/ZV/3UZQ38DPRYOQGNB3E3JBEA.uasset" 8505
"/Game/__ExternalActors__/LevelPrototyping/Levels/DevRooms/TestRoom2/3/0I/WEJ1I37EJ8K40GGRLN82JK" 8506
"../../../../CreationLayer/ZombieRepo/Content/__ExternalActors__/LevelPrototyping/Levels/DevRooms/TestRoom2/3/0I/WEJ1I37EJ8K40GGRLN82JK.uasset" 8507
"/Game/__ExternalActors__/LevelPrototyping/Levels/DevRooms/TestRoom2/3/1C/IUCACMFQ8EFGTGSKTPYMGI" 8508
"../../../../CreationLayer/ZombieRepo/Content/__ExternalActors__/LevelPrototyping/Levels/DevRooms/TestRoom2/3/1C/IUCACMFQ8EFGTGSKTPYMGI.uasset" 8509
"/Game/__ExternalActors__/LevelPrototyping/Levels/DevRooms/TestRoom2/3/7Z/W3S755FK1S0CVL8N16RNIP" 8510
"../../../../CreationLayer/ZombieRepo/Content/__ExternalActors__/LevelPrototyping/Levels/DevRooms/TestRoom2/3/7Z/W3S755FK1S0CVL8N16RNIP.uasset" 8511
"/Game/__ExternalActors__/LevelPrototyping/Levels/DevRooms/TestRoom2/3/98/ECENVRSLXNELKAJYZ5U968" 8512
"../../../../CreationLayer/ZombieRepo/Content/__ExternalActors__/LevelPrototyping/Levels/DevRooms/TestRoom2/3/98/ECENVRSLXNELKAJYZ5U968.uasset" 8513
"/Game/__ExternalActors__/LevelPrototyping/Levels/DevRooms/TestRoom2/3/BR/LPPMP1VBI0OTYZFMJHRL8X" 8514
"../../../../CreationLayer/ZombieRepo/Content/__ExternalActors__/LevelPrototyping/Levels/DevRooms/TestRoom2/3/BR/LPPMP1VBI0OTYZFMJHRL8X.uasset" 8515
"/Game/__ExternalActors__/LevelPrototyping/Levels/DevRooms/TestRoom2/3/DF/M56335KO3NG738IO59YAVT" 8516
"../../../../CreationLayer/ZombieRepo/Content/__ExternalActors__/LevelPrototyping/Levels/DevRooms/TestRoom2/3/DF/M56335KO3NG738IO59YAVT.uasset" 8517
"/Game/__ExternalActors__/LevelPrototyping/Levels/DevRooms/TestRoom2/3/DZ/MFGYKJICFELEWY2HV73HSD" 8518
"../../../../CreationLayer/ZombieRepo/Content/__ExternalActors__/LevelPrototyping/Levels/DevRooms/TestRoom2/3/DZ/MFGYKJICFELEWY2HV73HSD.uasset" 8519
"/Game/__ExternalActors__/LevelPrototyping/Levels/DevRooms/TestRoom2/3/GD/OSS3K21IZR8IF8PI4IFGJ2" 8520
"../../../../CreationLayer/ZombieRepo/Content/__ExternalActors__/LevelPrototyping/Levels/DevRooms/TestRoom2/3/GD/OSS3K21IZR8IF8PI4IFGJ2.uasset" 8521
"/Game/__ExternalActors__/LevelPrototyping/Levels/DevRooms/TestRoom2/3/GF/T2A4NXI9O63T3WIZHF9VV6" 8522
"../../../../CreationLayer/ZombieRepo/Content/__ExternalActors__/LevelPrototyping/Levels/DevRooms/TestRoom2/3/GF/T2A4NXI9O63T3WIZHF9VV6.uasset" 8523
"/Game/__ExternalActors__/LevelPrototyping/Levels/DevRooms/TestRoom2/3/GN/AC5DGH0JVIW4H4ZH2IEZ7Q" 8524
"../../../../CreationLayer/ZombieRepo/Content/__ExternalActors__/LevelPrototyping/Levels/DevRooms/TestRoom2/3/GN/AC5DGH0JVIW4H4ZH2IEZ7Q.uasset" 8525
"/Game/__ExternalActors__/LevelPrototyping/Levels/DevRooms/TestRoom2/3/GN/HNXKI9DVGZIY542LAH6A0B" 8526
"../../../../CreationLayer/ZombieRepo/Content/__ExternalActors__/LevelPrototyping/Levels/DevRooms/TestRoom2/3/GN/HNXKI9DVGZIY542LAH6A0B.uasset" 8527
"/Game/__ExternalActors__/LevelPrototyping/Levels/DevRooms/TestRoom2/3/I1/SLKEG1O1B5XR9LNOO1AETA" 8528
"../../../../CreationLayer/ZombieRepo/Content/__ExternalActors__/LevelPrototyping/Levels/DevRooms/TestRoom2/3/I1/SLKEG1O1B5XR9LNOO1AETA.uasset" 8529
"../../../../CreationLayer/ZombieRepo/Content/LevelPrototyping/Meshes/SM_QuarterCylinder.uasset" 8530
"/Game/__ExternalActors__/LevelPrototyping/Levels/DevRooms/TestRoom2/3/LT/EWJ3ATMJ0TVO58PG18RKNN" 8531
"../../../../CreationLayer/ZombieRepo/Content/__ExternalActors__/LevelPrototyping/Levels/DevRooms/TestRoom2/3/LT/EWJ3ATMJ0TVO58PG18RKNN.uasset" 8532
"/Game/__ExternalActors__/LevelPrototyping/Levels/DevRooms/TestRoom2/3/M7/HVN91IJUH64P4FVG9FDOFU" 8533
"../../../../CreationLayer/ZombieRepo/Content/__ExternalActors__/LevelPrototyping/Levels/DevRooms/TestRoom2/3/M7/HVN91IJUH64P4FVG9FDOFU.uasset" 8534
"/Game/__ExternalActors__/LevelPrototyping/Levels/DevRooms/TestRoom2/3/MY/I3ZGFZ7HQMXJOEQDEAVQJ1" 8535
"../../../../CreationLayer/ZombieRepo/Content/__ExternalActors__/LevelPrototyping/Levels/DevRooms/TestRoom2/3/MY/I3ZGFZ7HQMXJOEQDEAVQJ1.uasset" 8536
"/Game/__ExternalActors__/LevelPrototyping/Levels/DevRooms/TestRoom2/3/ND/F6DTXN851CNXX6GNZMB4NJ" 8537
"../../../../CreationLayer/ZombieRepo/Content/__ExternalActors__/LevelPrototyping/Levels/DevRooms/TestRoom2/3/ND/F6DTXN851CNXX6GNZMB4NJ.uasset" 8538
"/Game/__ExternalActors__/LevelPrototyping/Levels/DevRooms/TestRoom2/3/NJ/Z8KC05OQOFM8FOAN9KZZB8" 8539
"../../../../CreationLayer/ZombieRepo/Content/__ExternalActors__/LevelPrototyping/Levels/DevRooms/TestRoom2/3/NJ/Z8KC05OQOFM8FOAN9KZZB8.uasset" 8540
"/Game/__ExternalActors__/LevelPrototyping/Levels/DevRooms/TestRoom2/3/P2/3V61Q7G4HOERNWZG5C2GBK" 8541
"../../../../CreationLayer/ZombieRepo/Content/__ExternalActors__/LevelPrototyping/Levels/DevRooms/TestRoom2/3/P2/3V61Q7G4HOERNWZG5C2GBK.uasset" 8542
"/Game/__ExternalActors__/LevelPrototyping/Levels/DevRooms/TestRoom2/4/0D/KVZ9GZT204QM85XV57TCA0" 8543
"../../../../CreationLayer/ZombieRepo/Content/__ExternalActors__/LevelPrototyping/Levels/DevRooms/TestRoom2/4/0D/KVZ9GZT204QM85XV57TCA0.uasset" 8544
"/Game/__ExternalActors__/LevelPrototyping/Levels/DevRooms/TestRoom2/4/0J/6DNB6VLNZYC0M4LDPQK5IH" 8545
"../../../../CreationLayer/ZombieRepo/Content/__ExternalActors__/LevelPrototyping/Levels/DevRooms/TestRoom2/4/0J/6DNB6VLNZYC0M4LDPQK5IH.uasset" 8546
"/Game/__ExternalActors__/LevelPrototyping/Levels/DevRooms/TestRoom2/4/7K/6KCQV6HW59ILMH67H5N81J" 8547
"../../../../CreationLayer/ZombieRepo/Content/__ExternalActors__/LevelPrototyping/Levels/DevRooms/TestRoom2/4/7K/6KCQV6HW59ILMH67H5N81J.uasset" 8548
"/Game/__ExternalActors__/LevelPrototyping/Levels/DevRooms/TestRoom2/4/7U/WFZ54MW9TJV93E3GNA2LNL" 8549
"../../../../CreationLayer/ZombieRepo/Content/__ExternalActors__/LevelPrototyping/Levels/DevRooms/TestRoom2/4/7U/WFZ54MW9TJV93E3GNA2LNL.uasset" 8550
"/Game/__ExternalActors__/LevelPrototyping/Levels/DevRooms/TestRoom2/4/8E/X3SCZWWKP0UID0S2I2CVQO" 8551
"../../../../CreationLayer/ZombieRepo/Content/__ExternalActors__/LevelPrototyping/Levels/DevRooms/TestRoom2/4/8E/X3SCZWWKP0UID0S2I2CVQO.uasset" 8552
"/Game/__ExternalActors__/LevelPrototyping/Levels/DevRooms/TestRoom2/4/AP/F8T0CMEDD9L6OQH944VKD6" 8553
"../../../../CreationLayer/ZombieRepo/Content/__ExternalActors__/LevelPrototyping/Levels/DevRooms/TestRoom2/4/AP/F8T0CMEDD9L6OQH944VKD6.uasset" 8554
"/Game/__ExternalActors__/LevelPrototyping/Levels/DevRooms/TestRoom2/4/BI/HQCT7NWXH6COOABY4J555M" 8555
"../../../../CreationLayer/ZombieRepo/Content/__ExternalActors__/LevelPrototyping/Levels/DevRooms/TestRoom2/4/BI/HQCT7NWXH6COOABY4J555M.uasset" 8556
"/Game/__ExternalActors__/LevelPrototyping/Levels/DevRooms/TestRoom2/4/D2/AOSBWIND4CNFXZCLOZPRSY" 8557
"../../../../CreationLayer/ZombieRepo/Content/__ExternalActors__/LevelPrototyping/Levels/DevRooms/TestRoom2/4/D2/AOSBWIND4CNFXZCLOZPRSY.uasset" 8558
"/Game/__ExternalActors__/LevelPrototyping/Levels/DevRooms/TestRoom2/4/FA/6AQ02WILHAK00Q5Q14O66K" 8559
"../../../../CreationLayer/ZombieRepo/Content/__ExternalActors__/LevelPrototyping/Levels/DevRooms/TestRoom2/4/FA/6AQ02WILHAK00Q5Q14O66K.uasset" 8560
"/Game/__ExternalActors__/LevelPrototyping/Levels/DevRooms/TestRoom2/4/FH/IREXRTQP94DUUERU8DH9SK" 8561
"../../../../CreationLayer/ZombieRepo/Content/__ExternalActors__/LevelPrototyping/Levels/DevRooms/TestRoom2/4/FH/IREXRTQP94DUUERU8DH9SK.uasset" 8562
"/Game/__ExternalActors__/LevelPrototyping/Levels/DevRooms/TestRoom2/4/FO/SX8SQRI9X8AIEAPK6JUUPF" 8563
"../../../../CreationLayer/ZombieRepo/Content/__ExternalActors__/LevelPrototyping/Levels/DevRooms/TestRoom2/4/FO/SX8SQRI9X8AIEAPK6JUUPF.uasset" 8564
"/Game/__ExternalActors__/LevelPrototyping/Levels/DevRooms/TestRoom2/4/I4/4YJR0I9KGR77WQOKR0CPTU" 8565
"../../../../CreationLayer/ZombieRepo/Content/__ExternalActors__/LevelPrototyping/Levels/DevRooms/TestRoom2/4/I4/4YJR0I9KGR77WQOKR0CPTU.uasset" 8566
"/Game/__ExternalActors__/LevelPrototyping/Levels/DevRooms/TestRoom2/4/JS/RFI5HDJQ7CQAWTYMT5AASC" 8567
"../../../../CreationLayer/ZombieRepo/Content/__ExternalActors__/LevelPrototyping/Levels/DevRooms/TestRoom2/4/JS/RFI5HDJQ7CQAWTYMT5AASC.uasset" 8568
"/Game/__ExternalActors__/LevelPrototyping/Levels/DevRooms/TestRoom2/4/KQ/CP4JTTV2FAHW5BPA8KRF3F" 8569
"../../../../CreationLayer/ZombieRepo/Content/__ExternalActors__/LevelPrototyping/Levels/DevRooms/TestRoom2/4/KQ/CP4JTTV2FAHW5BPA8KRF3F.uasset" 8570
"/Game/__ExternalActors__/LevelPrototyping/Levels/DevRooms/TestRoom2/4/MR/PLJ42TN42Q6X0SXCM5OZVF" 8571
"../../../../CreationLayer/ZombieRepo/Content/__ExternalActors__/LevelPrototyping/Levels/DevRooms/TestRoom2/4/MR/PLJ42TN42Q6X0SXCM5OZVF.uasset" 8572
"../../../../CreationLayer/ZombieRepo/Content/StarterContent/Shapes/Shape_Wedge_A.uasset" 8573
"/Game/__ExternalActors__/LevelPrototyping/Levels/DevRooms/TestRoom2/4/O1/GTQXTGGVIZYH0FEL5SP0PW" 8574
"../../../../CreationLayer/ZombieRepo/Content/__ExternalActors__/LevelPrototyping/Levels/DevRooms/TestRoom2/4/O1/GTQXTGGVIZYH0FEL5SP0PW.uasset" 8575
"/Game/__ExternalActors__/LevelPrototyping/Levels/DevRooms/TestRoom2/4/O3/PYG3SQ09H6PFZYUJG5BTHQ" 8576
"../../../../CreationLayer/ZombieRepo/Content/__ExternalActors__/LevelPrototyping/Levels/DevRooms/TestRoom2/4/O3/PYG3SQ09H6PFZYUJG5BTHQ.uasset" 8577
"/Game/__ExternalActors__/LevelPrototyping/Levels/DevRooms/TestRoom2/4/O5/35YUJL6THRXJAVFQFKWE5R" 8578
"../../../../CreationLayer/ZombieRepo/Content/__ExternalActors__/LevelPrototyping/Levels/DevRooms/TestRoom2/4/O5/35YUJL6THRXJAVFQFKWE5R.uasset" 8579
"/Game/__ExternalActors__/LevelPrototyping/Levels/DevRooms/TestRoom2/4/RL/9CNOHLODQ9NITIT2RWQ2F6" 8580
"../../../../CreationLayer/ZombieRepo/Content/__ExternalActors__/LevelPrototyping/Levels/DevRooms/TestRoom2/4/RL/9CNOHLODQ9NITIT2RWQ2F6.uasset" 8581
"/Game/__ExternalActors__/LevelPrototyping/Levels/DevRooms/TestRoom2/4/S6/BLFNXQAMBPUF95UEFOM1PL" 8582
"../../../../CreationLayer/ZombieRepo/Content/__ExternalActors__/LevelPrototyping/Levels/DevRooms/TestRoom2/4/S6/BLFNXQAMBPUF95UEFOM1PL.uasset" 8583
"/Game/__ExternalActors__/LevelPrototyping/Levels/DevRooms/TestRoom2/4/WT/PEETGSANOM7WT97O5B2NGR" 8584
"../../../../CreationLayer/ZombieRepo/Content/__ExternalActors__/LevelPrototyping/Levels/DevRooms/TestRoom2/4/WT/PEETGSANOM7WT97O5B2NGR.uasset" 8585
"/Game/__ExternalActors__/LevelPrototyping/Levels/DevRooms/TestRoom2/5/02/E7HJTGLG3SJ1KDS5VR8695" 8586
"../../../../CreationLayer/ZombieRepo/Content/__ExternalActors__/LevelPrototyping/Levels/DevRooms/TestRoom2/5/02/E7HJTGLG3SJ1KDS5VR8695.uasset" 8587
"/Game/__ExternalActors__/LevelPrototyping/Levels/DevRooms/TestRoom2/5/28/Z1FBGWPCE9JKFGSKI8PK54" 8588
"../../../../CreationLayer/ZombieRepo/Content/__ExternalActors__/LevelPrototyping/Levels/DevRooms/TestRoom2/5/28/Z1FBGWPCE9JKFGSKI8PK54.uasset" 8589
"/Game/__ExternalActors__/LevelPrototyping/Levels/DevRooms/TestRoom2/5/36/PBMMUT37GNOWCL89NQHN65" 8590
"../../../../CreationLayer/ZombieRepo/Content/__ExternalActors__/LevelPrototyping/Levels/DevRooms/TestRoom2/5/36/PBMMUT37GNOWCL89NQHN65.uasset" 8591
"/Game/__ExternalActors__/LevelPrototyping/Levels/DevRooms/TestRoom2/5/4J/3R3KSLFA75EWQDQVWSX9XW" 8592
"../../../../CreationLayer/ZombieRepo/Content/__ExternalActors__/LevelPrototyping/Levels/DevRooms/TestRoom2/5/4J/3R3KSLFA75EWQDQVWSX9XW.uasset" 8593
"/Game/__ExternalActors__/LevelPrototyping/Levels/DevRooms/TestRoom2/5/AW/A7T9PSFNYUHO61NFGIW1IX" 8594
"../../../../CreationLayer/ZombieRepo/Content/__ExternalActors__/LevelPrototyping/Levels/DevRooms/TestRoom2/5/AW/A7T9PSFNYUHO61NFGIW1IX.uasset" 8595
"/Game/__ExternalActors__/LevelPrototyping/Levels/DevRooms/TestRoom2/5/GN/DXLMAJCJX2AVZ56R0MY81V" 8596
"../../../../CreationLayer/ZombieRepo/Content/__ExternalActors__/LevelPrototyping/Levels/DevRooms/TestRoom2/5/GN/DXLMAJCJX2AVZ56R0MY81V.uasset" 8597
"/Game/__ExternalActors__/LevelPrototyping/Levels/DevRooms/TestRoom2/5/MD/VTTP19AG70ONBODR02S8JM" 8598
"../../../../CreationLayer/ZombieRepo/Content/__ExternalActors__/LevelPrototyping/Levels/DevRooms/TestRoom2/5/MD/VTTP19AG70ONBODR02S8JM.uasset" 8599
"/Game/__ExternalActors__/LevelPrototyping/Levels/DevRooms/TestRoom2/5/ZO/8D0X2V7E7J9OC6R486L70Q" 8600
"../../../../CreationLayer/ZombieRepo/Content/__ExternalActors__/LevelPrototyping/Levels/DevRooms/TestRoom2/5/ZO/8D0X2V7E7J9OC6R486L70Q.uasset" 8601
"/Game/__ExternalActors__/LevelPrototyping/Levels/DevRooms/TestRoom2/6/09/GRNQ6D4H9RHK17R0ZQVP3K" 8602
"../../../../CreationLayer/ZombieRepo/Content/__ExternalActors__/LevelPrototyping/Levels/DevRooms/TestRoom2/6/09/GRNQ6D4H9RHK17R0ZQVP3K.uasset" 8603
"/Game/__ExternalActors__/LevelPrototyping/Levels/DevRooms/TestRoom2/6/3H/1UTTLLNEHT15KL4QXS2TA1" 8604
"../../../../CreationLayer/ZombieRepo/Content/__ExternalActors__/LevelPrototyping/Levels/DevRooms/TestRoom2/6/3H/1UTTLLNEHT15KL4QXS2TA1.uasset" 8605
"/Game/__ExternalActors__/LevelPrototyping/Levels/DevRooms/TestRoom2/6/4W/DP9Y8XL5HPE6QIGWAZ9T5W" 8606
"../../../../CreationLayer/ZombieRepo/Content/__ExternalActors__/LevelPrototyping/Levels/DevRooms/TestRoom2/6/4W/DP9Y8XL5HPE6QIGWAZ9T5W.uasset" 8607
"/Game/__ExternalActors__/LevelPrototyping/Levels/DevRooms/TestRoom2/6/AG/4OW240OBXVJYBGAHVQARYE" 8608
"../../../../CreationLayer/ZombieRepo/Content/__ExternalActors__/LevelPrototyping/Levels/DevRooms/TestRoom2/6/AG/4OW240OBXVJYBGAHVQARYE.uasset" 8609
"/Game/__ExternalActors__/LevelPrototyping/Levels/DevRooms/TestRoom2/6/AX/Y5L3RENPXWWCOAP3MRUJ74" 8610
"../../../../CreationLayer/ZombieRepo/Content/__ExternalActors__/LevelPrototyping/Levels/DevRooms/TestRoom2/6/AX/Y5L3RENPXWWCOAP3MRUJ74.uasset" 8611
"/Game/__ExternalActors__/LevelPrototyping/Levels/DevRooms/TestRoom2/6/GH/EXSW50M75PZ5D5D1ODLFNP" 8612
"../../../../CreationLayer/ZombieRepo/Content/__ExternalActors__/LevelPrototyping/Levels/DevRooms/TestRoom2/6/GH/EXSW50M75PZ5D5D1ODLFNP.uasset" 8613
"/Game/__ExternalActors__/LevelPrototyping/Levels/DevRooms/TestRoom2/6/IE/B3JJVJGSZE76R1DSE24C9S" 8614
"../../../../CreationLayer/ZombieRepo/Content/__ExternalActors__/LevelPrototyping/Levels/DevRooms/TestRoom2/6/IE/B3JJVJGSZE76R1DSE24C9S.uasset" 8615
"/Game/__ExternalActors__/LevelPrototyping/Levels/DevRooms/TestRoom2/6/JY/8SK10NU3DVIDKRBTLU97RD" 8616
"../../../../CreationLayer/ZombieRepo/Content/__ExternalActors__/LevelPrototyping/Levels/DevRooms/TestRoom2/6/JY/8SK10NU3DVIDKRBTLU97RD.uasset" 8617
"/Game/__ExternalActors__/LevelPrototyping/Levels/DevRooms/TestRoom2/6/L3/QMJXARUHZZ8DRPUUYXXHZG" 8618
"../../../../CreationLayer/ZombieRepo/Content/__ExternalActors__/LevelPrototyping/Levels/DevRooms/TestRoom2/6/L3/QMJXARUHZZ8DRPUUYXXHZG.uasset" 8619
"/Game/__ExternalActors__/LevelPrototyping/Levels/DevRooms/TestRoom2/6/L5/WFV95E69MUDMFHNY4OEVTL" 8620
"../../../../CreationLayer/ZombieRepo/Content/__ExternalActors__/LevelPrototyping/Levels/DevRooms/TestRoom2/6/L5/WFV95E69MUDMFHNY4OEVTL.uasset" 8621
"/Game/__ExternalActors__/LevelPrototyping/Levels/DevRooms/TestRoom2/6/P4/GI8602HMNUZ2LU1MLFPS0Y" 8622
"../../../../CreationLayer/ZombieRepo/Content/__ExternalActors__/LevelPrototyping/Levels/DevRooms/TestRoom2/6/P4/GI8602HMNUZ2LU1MLFPS0Y.uasset" 8623
"/Game/__ExternalActors__/LevelPrototyping/Levels/DevRooms/TestRoom2/6/S8/NWD0VWPN6CFOZHOACMR85W" 8624
"../../../../CreationLayer/ZombieRepo/Content/__ExternalActors__/LevelPrototyping/Levels/DevRooms/TestRoom2/6/S8/NWD0VWPN6CFOZHOACMR85W.uasset" 8625
"/Game/__ExternalActors__/LevelPrototyping/Levels/DevRooms/TestRoom2/7/6O/2NOHC5D5WZJ5YAWH17B01L" 8626
"../../../../CreationLayer/ZombieRepo/Content/__ExternalActors__/LevelPrototyping/Levels/DevRooms/TestRoom2/7/6O/2NOHC5D5WZJ5YAWH17B01L.uasset" 8627
"/Game/__ExternalActors__/LevelPrototyping/Levels/DevRooms/TestRoom2/7/CS/KZEILA5VF1FVST1NSAWYH0" 8628
"../../../../CreationLayer/ZombieRepo/Content/__ExternalActors__/LevelPrototyping/Levels/DevRooms/TestRoom2/7/CS/KZEILA5VF1FVST1NSAWYH0.uasset" 8629
"/Game/__ExternalActors__/LevelPrototyping/Levels/DevRooms/TestRoom2/7/G1/0O9RJ8YFGK1CRD93Z5JBQJ" 8630
"../../../../CreationLayer/ZombieRepo/Content/__ExternalActors__/LevelPrototyping/Levels/DevRooms/TestRoom2/7/G1/0O9RJ8YFGK1CRD93Z5JBQJ.uasset" 8631
"/Game/__ExternalActors__/LevelPrototyping/Levels/DevRooms/TestRoom2/7/I3/FCQTQEHG4N0WFQD5EVZ511" 8632
"../../../../CreationLayer/ZombieRepo/Content/__ExternalActors__/LevelPrototyping/Levels/DevRooms/TestRoom2/7/I3/FCQTQEHG4N0WFQD5EVZ511.uasset" 8633
"/Game/__ExternalActors__/LevelPrototyping/Levels/DevRooms/TestRoom2/7/I7/V5EGYNW2LWIMV6OXA58R69" 8634
"../../../../CreationLayer/ZombieRepo/Content/__ExternalActors__/LevelPrototyping/Levels/DevRooms/TestRoom2/7/I7/V5EGYNW2LWIMV6OXA58R69.uasset" 8635
"/Game/__ExternalActors__/LevelPrototyping/Levels/DevRooms/TestRoom2/7/IH/LJK6YC7U9K8KU2NUUSOJZA" 8636
"../../../../CreationLayer/ZombieRepo/Content/__ExternalActors__/LevelPrototyping/Levels/DevRooms/TestRoom2/7/IH/LJK6YC7U9K8KU2NUUSOJZA.uasset" 8637
"/Game/__ExternalActors__/LevelPrototyping/Levels/DevRooms/TestRoom2/7/IJ/MAYXADCH9HQI5R9SYIWSG7" 8638
"../../../../CreationLayer/ZombieRepo/Content/__ExternalActors__/LevelPrototyping/Levels/DevRooms/TestRoom2/7/IJ/MAYXADCH9HQI5R9SYIWSG7.uasset" 8639
"/Game/__ExternalActors__/LevelPrototyping/Levels/DevRooms/TestRoom2/7/K0/9ZFEJTCV9O6XSX9TOEQW43" 8640
"../../../../CreationLayer/ZombieRepo/Content/__ExternalActors__/LevelPrototyping/Levels/DevRooms/TestRoom2/7/K0/9ZFEJTCV9O6XSX9TOEQW43.uasset" 8641
"/Game/__ExternalActors__/LevelPrototyping/Levels/DevRooms/TestRoom2/7/OQ/TWDR98FF13P6XC6LADTBVK" 8642
"../../../../CreationLayer/ZombieRepo/Content/__ExternalActors__/LevelPrototyping/Levels/DevRooms/TestRoom2/7/OQ/TWDR98FF13P6XC6LADTBVK.uasset" 8643
"/Game/__ExternalActors__/LevelPrototyping/Levels/DevRooms/TestRoom2/7/OX/5QR83NZPTHU9YE2ELKRFFQ" 8644
"../../../../CreationLayer/ZombieRepo/Content/__ExternalActors__/LevelPrototyping/Levels/DevRooms/TestRoom2/7/OX/5QR83NZPTHU9YE2ELKRFFQ.uasset" 8645
"/Game/__ExternalActors__/LevelPrototyping/Levels/DevRooms/TestRoom2/7/RT/EEX3HC6HR85UU0OGKMO8V9" 8646
"../../../../CreationLayer/ZombieRepo/Content/__ExternalActors__/LevelPrototyping/Levels/DevRooms/TestRoom2/7/RT/EEX3HC6HR85UU0OGKMO8V9.uasset" 8647
"/Game/__ExternalActors__/LevelPrototyping/Levels/DevRooms/TestRoom2/7/XL/K6S4EI2VRH0AK76Z29AO89" 8648
"../../../../CreationLayer/ZombieRepo/Content/__ExternalActors__/LevelPrototyping/Levels/DevRooms/TestRoom2/7/XL/K6S4EI2VRH0AK76Z29AO89.uasset" 8649
"/Game/__ExternalActors__/LevelPrototyping/Levels/DevRooms/TestRoom2/7/XR/132201RGA7OB9RE4M4DYWO" 8650
"../../../../CreationLayer/ZombieRepo/Content/__ExternalActors__/LevelPrototyping/Levels/DevRooms/TestRoom2/7/XR/132201RGA7OB9RE4M4DYWO.uasset" 8651
"/Game/__ExternalActors__/LevelPrototyping/Levels/DevRooms/TestRoom2/7/Z6/GV2B5CF09M3DDLDBY6ILWK" 8652
"../../../../CreationLayer/ZombieRepo/Content/__ExternalActors__/LevelPrototyping/Levels/DevRooms/TestRoom2/7/Z6/GV2B5CF09M3DDLDBY6ILWK.uasset" 8653
"/Game/__ExternalActors__/LevelPrototyping/Levels/DevRooms/TestRoom2/8/0V/9XQ01HHQIVBIBEY751A3SR" 8654
"../../../../CreationLayer/ZombieRepo/Content/__ExternalActors__/LevelPrototyping/Levels/DevRooms/TestRoom2/8/0V/9XQ01HHQIVBIBEY751A3SR.uasset" 8655
"/Game/__ExternalActors__/LevelPrototyping/Levels/DevRooms/TestRoom2/8/6H/W1IITWTVA3P2CL47A6FRHY" 8656
"../../../../CreationLayer/ZombieRepo/Content/__ExternalActors__/LevelPrototyping/Levels/DevRooms/TestRoom2/8/6H/W1IITWTVA3P2CL47A6FRHY.uasset" 8657
"/Game/__ExternalActors__/LevelPrototyping/Levels/DevRooms/TestRoom2/8/73/4IZU5LYUV4DEV4DUPIXSV2" 8658
"../../../../CreationLayer/ZombieRepo/Content/__ExternalActors__/LevelPrototyping/Levels/DevRooms/TestRoom2/8/73/4IZU5LYUV4DEV4DUPIXSV2.uasset" 8659
"/Game/__ExternalActors__/LevelPrototyping/Levels/DevRooms/TestRoom2/8/9A/4RP1SQ82BLZNUHML3JAAAJ" 8660
"../../../../CreationLayer/ZombieRepo/Content/__ExternalActors__/LevelPrototyping/Levels/DevRooms/TestRoom2/8/9A/4RP1SQ82BLZNUHML3JAAAJ.uasset" 8661
"/Game/__ExternalActors__/LevelPrototyping/Levels/DevRooms/TestRoom2/8/BG/AM5UM767S0HL0WT23Q9SXB" 8662
"../../../../CreationLayer/ZombieRepo/Content/__ExternalActors__/LevelPrototyping/Levels/DevRooms/TestRoom2/8/BG/AM5UM767S0HL0WT23Q9SXB.uasset" 8663
"/Game/__ExternalActors__/LevelPrototyping/Levels/DevRooms/TestRoom2/8/CR/W2CZEN5SF7WACBCX6VV5FP" 8664
"../../../../CreationLayer/ZombieRepo/Content/__ExternalActors__/LevelPrototyping/Levels/DevRooms/TestRoom2/8/CR/W2CZEN5SF7WACBCX6VV5FP.uasset" 8665
"/Game/__ExternalActors__/LevelPrototyping/Levels/DevRooms/TestRoom2/8/D6/49OJIOQEL6FNMQEEO22OI0" 8666
"../../../../CreationLayer/ZombieRepo/Content/__ExternalActors__/LevelPrototyping/Levels/DevRooms/TestRoom2/8/D6/49OJIOQEL6FNMQEEO22OI0.uasset" 8667
"/Game/__ExternalActors__/LevelPrototyping/Levels/DevRooms/TestRoom2/8/FZ/KMGL83CZ2K1ZOW413D8L5M" 8668
"../../../../CreationLayer/ZombieRepo/Content/__ExternalActors__/LevelPrototyping/Levels/DevRooms/TestRoom2/8/FZ/KMGL83CZ2K1ZOW413D8L5M.uasset" 8669
"/Game/__ExternalActors__/LevelPrototyping/Levels/DevRooms/TestRoom2/8/GP/M56FP22W8LV5X78BKXLKSP" 8670
"../../../../CreationLayer/ZombieRepo/Content/__ExternalActors__/LevelPrototyping/Levels/DevRooms/TestRoom2/8/GP/M56FP22W8LV5X78BKXLKSP.uasset" 8671
"/Game/__ExternalActors__/LevelPrototyping/Levels/DevRooms/TestRoom2/8/HA/GVGSUG2KMQSP6KJOP4VEXI" 8672
"../../../../CreationLayer/ZombieRepo/Content/__ExternalActors__/LevelPrototyping/Levels/DevRooms/TestRoom2/8/HA/GVGSUG2KMQSP6KJOP4VEXI.uasset" 8673
"/Game/__ExternalActors__/LevelPrototyping/Levels/DevRooms/TestRoom2/8/OW/AKTBHGC9IYJZQCHCX88NNR" 8674
"../../../../CreationLayer/ZombieRepo/Content/__ExternalActors__/LevelPrototyping/Levels/DevRooms/TestRoom2/8/OW/AKTBHGC9IYJZQCHCX88NNR.uasset" 8675
"/Game/__ExternalActors__/LevelPrototyping/Levels/DevRooms/TestRoom2/8/PJ/PPBI1UMR0FA0HPZEIB86S8" 8676
"../../../../CreationLayer/ZombieRepo/Content/__ExternalActors__/LevelPrototyping/Levels/DevRooms/TestRoom2/8/PJ/PPBI1UMR0FA0HPZEIB86S8.uasset" 8677
"/Game/__ExternalActors__/LevelPrototyping/Levels/DevRooms/TestRoom2/8/RX/BBMQWS5E58RUH83JCV5RSS" 8678
"../../../../CreationLayer/ZombieRepo/Content/__ExternalActors__/LevelPrototyping/Levels/DevRooms/TestRoom2/8/RX/BBMQWS5E58RUH83JCV5RSS.uasset" 8679
"/Game/__ExternalActors__/LevelPrototyping/Levels/DevRooms/TestRoom2/8/RZ/Q2X0EN0IRCRD6J59WUAGNH" 8680
"../../../../CreationLayer/ZombieRepo/Content/__ExternalActors__/LevelPrototyping/Levels/DevRooms/TestRoom2/8/RZ/Q2X0EN0IRCRD6J59WUAGNH.uasset" 8681
"/Game/__ExternalActors__/LevelPrototyping/Levels/DevRooms/TestRoom2/8/UT/7JQJVQ93HSLUZPNCMFW02R" 8682
"../../../../CreationLayer/ZombieRepo/Content/__ExternalActors__/LevelPrototyping/Levels/DevRooms/TestRoom2/8/UT/7JQJVQ93HSLUZPNCMFW02R.uasset" 8683
"/Game/__ExternalActors__/LevelPrototyping/Levels/DevRooms/TestRoom2/8/WI/Y3CKEFRW1USFQE04B7SCHS" 8684
"../../../../CreationLayer/ZombieRepo/Content/__ExternalActors__/LevelPrototyping/Levels/DevRooms/TestRoom2/8/WI/Y3CKEFRW1USFQE04B7SCHS.uasset" 8685
"/Game/__ExternalActors__/LevelPrototyping/Levels/DevRooms/TestRoom2/8/Y0/61KZCPNT79VE4HTM3U805H" 8686
"../../../../CreationLayer/ZombieRepo/Content/__ExternalActors__/LevelPrototyping/Levels/DevRooms/TestRoom2/8/Y0/61KZCPNT79VE4HTM3U805H.uasset" 8687
"/Game/__ExternalActors__/LevelPrototyping/Levels/DevRooms/TestRoom2/8/Y2/X991VRYB3B10VF66191ZFU" 8688
"../../../../CreationLayer/ZombieRepo/Content/__ExternalActors__/LevelPrototyping/Levels/DevRooms/TestRoom2/8/Y2/X991VRYB3B10VF66191ZFU.uasset" 8689
"/Game/__ExternalActors__/LevelPrototyping/Levels/DevRooms/TestRoom2/9/16/OCSDPHMM0VLLDDC4DJPOI8" 8690
"../../../../CreationLayer/ZombieRepo/Content/__ExternalActors__/LevelPrototyping/Levels/DevRooms/TestRoom2/9/16/OCSDPHMM0VLLDDC4DJPOI8.uasset" 8691
"/Game/__ExternalActors__/LevelPrototyping/Levels/DevRooms/TestRoom2/9/7P/YTQZ1Z27R4YU4TAWF5H1HP" 8692
"../../../../CreationLayer/ZombieRepo/Content/__ExternalActors__/LevelPrototyping/Levels/DevRooms/TestRoom2/9/7P/YTQZ1Z27R4YU4TAWF5H1HP.uasset" 8693
"/Game/__ExternalActors__/LevelPrototyping/Levels/DevRooms/TestRoom2/9/AG/7XWP54ZMEY4KGFAWTATSQM" 8694
"../../../../CreationLayer/ZombieRepo/Content/__ExternalActors__/LevelPrototyping/Levels/DevRooms/TestRoom2/9/AG/7XWP54ZMEY4KGFAWTATSQM.uasset" 8695
"/Game/__ExternalActors__/LevelPrototyping/Levels/DevRooms/TestRoom2/9/AW/6JUURSXF1WBV56EGUFHPBA" 8696
"../../../../CreationLayer/ZombieRepo/Content/__ExternalActors__/LevelPrototyping/Levels/DevRooms/TestRoom2/9/AW/6JUURSXF1WBV56EGUFHPBA.uasset" 8697
"/Game/__ExternalActors__/LevelPrototyping/Levels/DevRooms/TestRoom2/9/DI/C1YXCPJXLPU74D6XVH94Z3" 8698
"../../../../CreationLayer/ZombieRepo/Content/__ExternalActors__/LevelPrototyping/Levels/DevRooms/TestRoom2/9/DI/C1YXCPJXLPU74D6XVH94Z3.uasset" 8699
"/Game/__ExternalActors__/LevelPrototyping/Levels/DevRooms/TestRoom2/9/EV/LEDLO9W4DXXK89IAFQ7DIV" 8700
"../../../../CreationLayer/ZombieRepo/Content/__ExternalActors__/LevelPrototyping/Levels/DevRooms/TestRoom2/9/EV/LEDLO9W4DXXK89IAFQ7DIV.uasset" 8701
"/Game/__ExternalActors__/LevelPrototyping/Levels/DevRooms/TestRoom2/9/FY/JM97JHMSE2KDR4JD4JLP3Z" 8702
"../../../../CreationLayer/ZombieRepo/Content/__ExternalActors__/LevelPrototyping/Levels/DevRooms/TestRoom2/9/FY/JM97JHMSE2KDR4JD4JLP3Z.uasset" 8703
"/Game/__ExternalActors__/LevelPrototyping/Levels/DevRooms/TestRoom2/9/GJ/MYN1RUHGNYBJK90AY684WP" 8704
"../../../../CreationLayer/ZombieRepo/Content/__ExternalActors__/LevelPrototyping/Levels/DevRooms/TestRoom2/9/GJ/MYN1RUHGNYBJK90AY684WP.uasset" 8705
"/Game/__ExternalActors__/LevelPrototyping/Levels/DevRooms/TestRoom2/9/K4/LRG6092KZWV40QTJ6O5DVX" 8706
"../../../../CreationLayer/ZombieRepo/Content/__ExternalActors__/LevelPrototyping/Levels/DevRooms/TestRoom2/9/K4/LRG6092KZWV40QTJ6O5DVX.uasset" 8707
"/Game/__ExternalActors__/LevelPrototyping/Levels/DevRooms/TestRoom2/9/L5/0ZVVUT0TAY7FWXKHA7O3DE" 8708
"../../../../CreationLayer/ZombieRepo/Content/__ExternalActors__/LevelPrototyping/Levels/DevRooms/TestRoom2/9/L5/0ZVVUT0TAY7FWXKHA7O3DE.uasset" 8709
"/Game/__ExternalActors__/LevelPrototyping/Levels/DevRooms/TestRoom2/9/LG/18CAXUI620M2ZX7RLK9Y47" 8710
"../../../../CreationLayer/ZombieRepo/Content/__ExternalActors__/LevelPrototyping/Levels/DevRooms/TestRoom2/9/LG/18CAXUI620M2ZX7RLK9Y47.uasset" 8711
"/Game/__ExternalActors__/LevelPrototyping/Levels/DevRooms/TestRoom2/9/M7/YR3VNIDJ09GH25AYVXH6ME" 8712
"../../../../CreationLayer/ZombieRepo/Content/__ExternalActors__/LevelPrototyping/Levels/DevRooms/TestRoom2/9/M7/YR3VNIDJ09GH25AYVXH6ME.uasset" 8713
"/Game/__ExternalActors__/LevelPrototyping/Levels/DevRooms/TestRoom2/9/MD/O2832PKDE8YSHQGTGNZWDC" 8714
"../../../../CreationLayer/ZombieRepo/Content/__ExternalActors__/LevelPrototyping/Levels/DevRooms/TestRoom2/9/MD/O2832PKDE8YSHQGTGNZWDC.uasset" 8715
"/Game/__ExternalActors__/LevelPrototyping/Levels/DevRooms/TestRoom2/9/O1/YRDLRS6DG7KOAZ2R0OU5WS" 8716
"../../../../CreationLayer/ZombieRepo/Content/__ExternalActors__/LevelPrototyping/Levels/DevRooms/TestRoom2/9/O1/YRDLRS6DG7KOAZ2R0OU5WS.uasset" 8717
"/Game/__ExternalActors__/LevelPrototyping/Levels/DevRooms/TestRoom2/9/OL/MHKB5XGKGV0BHX01LJZBV7" 8718
"../../../../CreationLayer/ZombieRepo/Content/__ExternalActors__/LevelPrototyping/Levels/DevRooms/TestRoom2/9/OL/MHKB5XGKGV0BHX01LJZBV7.uasset" 8719
"/Game/__ExternalActors__/LevelPrototyping/Levels/DevRooms/TestRoom2/9/PB/95BAQNDDOJXNRI3PHNZU17" 8720
"../../../../CreationLayer/ZombieRepo/Content/__ExternalActors__/LevelPrototyping/Levels/DevRooms/TestRoom2/9/PB/95BAQNDDOJXNRI3PHNZU17.uasset" 8721
"/Game/__ExternalActors__/LevelPrototyping/Levels/DevRooms/TestRoom2/9/RK/DBLVCF9P2KF2RNU5AEE9DM" 8722
"../../../../CreationLayer/ZombieRepo/Content/__ExternalActors__/LevelPrototyping/Levels/DevRooms/TestRoom2/9/RK/DBLVCF9P2KF2RNU5AEE9DM.uasset" 8723
"/Game/__ExternalActors__/LevelPrototyping/Levels/DevRooms/TestRoom2/9/X7/7KY4I04U2FHXYMK0AYZL7Y" 8724
"../../../../CreationLayer/ZombieRepo/Content/__ExternalActors__/LevelPrototyping/Levels/DevRooms/TestRoom2/9/X7/7KY4I04U2FHXYMK0AYZL7Y.uasset" 8725
"/Game/__ExternalActors__/LevelPrototyping/Levels/DevRooms/TestRoom2/9/XH/X51PMHE9E58HRNBOODCYQV" 8726
"../../../../CreationLayer/ZombieRepo/Content/__ExternalActors__/LevelPrototyping/Levels/DevRooms/TestRoom2/9/XH/X51PMHE9E58HRNBOODCYQV.uasset" 8727
"/Game/__ExternalActors__/LevelPrototyping/Levels/DevRooms/TestRoom2/9/YE/LYKMRTL8JSR4FPGMSX66CW" 8728
"../../../../CreationLayer/ZombieRepo/Content/__ExternalActors__/LevelPrototyping/Levels/DevRooms/TestRoom2/9/YE/LYKMRTL8JSR4FPGMSX66CW.uasset" 8729
"/Game/__ExternalActors__/LevelPrototyping/Levels/DevRooms/TestRoom2/9/Z9/K5HRWWXRLR7UKA7TBBYBWA" 8730
"../../../../CreationLayer/ZombieRepo/Content/__ExternalActors__/LevelPrototyping/Levels/DevRooms/TestRoom2/9/Z9/K5HRWWXRLR7UKA7TBBYBWA.uasset" 8731
"/Game/__ExternalActors__/LevelPrototyping/Levels/DevRooms/TestRoom2/A/3A/N09YTSUI7E22KA1VP63GXF" 8732
"../../../../CreationLayer/ZombieRepo/Content/__ExternalActors__/LevelPrototyping/Levels/DevRooms/TestRoom2/A/3A/N09YTSUI7E22KA1VP63GXF.uasset" 8733
"/Game/__ExternalActors__/LevelPrototyping/Levels/DevRooms/TestRoom2/A/89/79TM0KS903GK62PL631YGL" 8734
"../../../../CreationLayer/ZombieRepo/Content/__ExternalActors__/LevelPrototyping/Levels/DevRooms/TestRoom2/A/89/79TM0KS903GK62PL631YGL.uasset" 8735
"/Game/__ExternalActors__/LevelPrototyping/Levels/DevRooms/TestRoom2/A/92/80Y94PW2ZH6ZR5NY73RRQD" 8736
"../../../../CreationLayer/ZombieRepo/Content/__ExternalActors__/LevelPrototyping/Levels/DevRooms/TestRoom2/A/92/80Y94PW2ZH6ZR5NY73RRQD.uasset" 8737
"/Game/__ExternalActors__/LevelPrototyping/Levels/DevRooms/TestRoom2/A/AP/DVQ16BTPDP8L8Y1ETB2USU" 8738
"../../../../CreationLayer/ZombieRepo/Content/__ExternalActors__/LevelPrototyping/Levels/DevRooms/TestRoom2/A/AP/DVQ16BTPDP8L8Y1ETB2USU.uasset" 8739
"/Game/__ExternalActors__/LevelPrototyping/Levels/DevRooms/TestRoom2/A/C6/1WHOERIWZNITY0KU21MZQS" 8740
"../../../../CreationLayer/ZombieRepo/Content/__ExternalActors__/LevelPrototyping/Levels/DevRooms/TestRoom2/A/C6/1WHOERIWZNITY0KU21MZQS.uasset" 8741
"/Game/__ExternalActors__/LevelPrototyping/Levels/DevRooms/TestRoom2/A/GP/7QU1DZ7EYHLU6LR2SRR4DP" 8742
"../../../../CreationLayer/ZombieRepo/Content/__ExternalActors__/LevelPrototyping/Levels/DevRooms/TestRoom2/A/GP/7QU1DZ7EYHLU6LR2SRR4DP.uasset" 8743
"/Game/__ExternalActors__/LevelPrototyping/Levels/DevRooms/TestRoom2/A/LR/4IBK7XREBQ683BZNUF71YM" 8744
"../../../../CreationLayer/ZombieRepo/Content/__ExternalActors__/LevelPrototyping/Levels/DevRooms/TestRoom2/A/LR/4IBK7XREBQ683BZNUF71YM.uasset" 8745
"/Game/__ExternalActors__/LevelPrototyping/Levels/DevRooms/TestRoom2/A/OM/5G0ZY8BHSA4HEN1LDIZ52L" 8746
"../../../../CreationLayer/ZombieRepo/Content/__ExternalActors__/LevelPrototyping/Levels/DevRooms/TestRoom2/A/OM/5G0ZY8BHSA4HEN1LDIZ52L.uasset" 8747
"/Game/__ExternalActors__/LevelPrototyping/Levels/DevRooms/TestRoom2/A/RY/ABWETRIQOAYDLTJFMKZQ1E" 8748
"../../../../CreationLayer/ZombieRepo/Content/__ExternalActors__/LevelPrototyping/Levels/DevRooms/TestRoom2/A/RY/ABWETRIQOAYDLTJFMKZQ1E.uasset" 8749
"/Game/__ExternalActors__/LevelPrototyping/Levels/DevRooms/TestRoom2/A/TE/B3I2D2RG55JFKPZAORMSL8" 8750
"../../../../CreationLayer/ZombieRepo/Content/__ExternalActors__/LevelPrototyping/Levels/DevRooms/TestRoom2/A/TE/B3I2D2RG55JFKPZAORMSL8.uasset" 8751
"/Game/__ExternalActors__/LevelPrototyping/Levels/DevRooms/TestRoom2/A/UG/U285H4ZRSXEGX2UQJPN3BW" 8752
"../../../../CreationLayer/ZombieRepo/Content/__ExternalActors__/LevelPrototyping/Levels/DevRooms/TestRoom2/A/UG/U285H4ZRSXEGX2UQJPN3BW.uasset" 8753
"/Game/__ExternalActors__/LevelPrototyping/Levels/DevRooms/TestRoom2/A/ZS/L6ZELX3BMP1IQ7D4J6YX3O" 8754
"../../../../CreationLayer/ZombieRepo/Content/__ExternalActors__/LevelPrototyping/Levels/DevRooms/TestRoom2/A/ZS/L6ZELX3BMP1IQ7D4J6YX3O.uasset" 8755
"/Game/__ExternalActors__/LevelPrototyping/Levels/DevRooms/TestRoom2/B/15/LUGYBH98HS13YSOFU7F4OS" 8756
"../../../../CreationLayer/ZombieRepo/Content/__ExternalActors__/LevelPrototyping/Levels/DevRooms/TestRoom2/B/15/LUGYBH98HS13YSOFU7F4OS.uasset" 8757
"/Game/__ExternalActors__/LevelPrototyping/Levels/DevRooms/TestRoom2/B/5Q/3OZWLMF89FXW4COOU4MSEC" 8758
"../../../../CreationLayer/ZombieRepo/Content/__ExternalActors__/LevelPrototyping/Levels/DevRooms/TestRoom2/B/5Q/3OZWLMF89FXW4COOU4MSEC.uasset" 8759
"/Game/__ExternalActors__/LevelPrototyping/Levels/DevRooms/TestRoom2/B/7H/FKQXZ32JEGY9JQXH0NI0PX" 8760
"../../../../CreationLayer/ZombieRepo/Content/__ExternalActors__/LevelPrototyping/Levels/DevRooms/TestRoom2/B/7H/FKQXZ32JEGY9JQXH0NI0PX.uasset" 8761
"/Game/__ExternalActors__/LevelPrototyping/Levels/DevRooms/TestRoom2/B/8H/27N4CTGV1O982O5MKMH8QG" 8762
"../../../../CreationLayer/ZombieRepo/Content/__ExternalActors__/LevelPrototyping/Levels/DevRooms/TestRoom2/B/8H/27N4CTGV1O982O5MKMH8QG.uasset" 8763
"/Game/__ExternalActors__/LevelPrototyping/Levels/DevRooms/TestRoom2/B/GO/QIN11XNIECUPBI6TMETBZ7" 8764
"../../../../CreationLayer/ZombieRepo/Content/__ExternalActors__/LevelPrototyping/Levels/DevRooms/TestRoom2/B/GO/QIN11XNIECUPBI6TMETBZ7.uasset" 8765
"/Game/__ExternalActors__/LevelPrototyping/Levels/DevRooms/TestRoom2/B/M4/1V4P46I2BH0GWKH50ZP1FE" 8766
"../../../../CreationLayer/ZombieRepo/Content/__ExternalActors__/LevelPrototyping/Levels/DevRooms/TestRoom2/B/M4/1V4P46I2BH0GWKH50ZP1FE.uasset" 8767
"/Game/__ExternalActors__/LevelPrototyping/Levels/DevRooms/TestRoom2/B/PX/3GN07NRA9BIMYS88OJJ24E" 8768
"../../../../CreationLayer/ZombieRepo/Content/__ExternalActors__/LevelPrototyping/Levels/DevRooms/TestRoom2/B/PX/3GN07NRA9BIMYS88OJJ24E.uasset" 8769
"/Game/__ExternalActors__/LevelPrototyping/Levels/DevRooms/TestRoom2/B/SL/49UVZ7KL3XQDLCWR09G4VB" 8770
"../../../../CreationLayer/ZombieRepo/Content/__ExternalActors__/LevelPrototyping/Levels/DevRooms/TestRoom2/B/SL/49UVZ7KL3XQDLCWR09G4VB.uasset" 8771
"/Game/__ExternalActors__/LevelPrototyping/Levels/DevRooms/TestRoom2/B/VW/5YOZF5H5X9XREQC9OB74LT" 8772
"../../../../CreationLayer/ZombieRepo/Content/__ExternalActors__/LevelPrototyping/Levels/DevRooms/TestRoom2/B/VW/5YOZF5H5X9XREQC9OB74LT.uasset" 8773
"/Game/__ExternalActors__/LevelPrototyping/Levels/DevRooms/TestRoom2/B/WB/Y4OAD08MYNLQ2BSIFTRWG7" 8774
"../../../../CreationLayer/ZombieRepo/Content/__ExternalActors__/LevelPrototyping/Levels/DevRooms/TestRoom2/B/WB/Y4OAD08MYNLQ2BSIFTRWG7.uasset" 8775
"/Game/__ExternalActors__/LevelPrototyping/Levels/DevRooms/TestRoom2/C/0K/JRZPO00QDGMY80OIFAWVXQ" 8776
"../../../../CreationLayer/ZombieRepo/Content/__ExternalActors__/LevelPrototyping/Levels/DevRooms/TestRoom2/C/0K/JRZPO00QDGMY80OIFAWVXQ.uasset" 8777
"/Game/__ExternalActors__/LevelPrototyping/Levels/DevRooms/TestRoom2/C/2O/F9JMUW1N1SKYQLILUGOK8E" 8778
"../../../../CreationLayer/ZombieRepo/Content/__ExternalActors__/LevelPrototyping/Levels/DevRooms/TestRoom2/C/2O/F9JMUW1N1SKYQLILUGOK8E.uasset" 8779
"/Game/__ExternalActors__/LevelPrototyping/Levels/DevRooms/TestRoom2/C/3C/R0FRD8HWTGM1RAVVW7HQXK" 8780
"../../../../CreationLayer/ZombieRepo/Content/__ExternalActors__/LevelPrototyping/Levels/DevRooms/TestRoom2/C/3C/R0FRD8HWTGM1RAVVW7HQXK.uasset" 8781
"/Game/__ExternalActors__/LevelPrototyping/Levels/DevRooms/TestRoom2/C/5N/0ZXY5QIULELJUJ07DSV4HW" 8782
"../../../../CreationLayer/ZombieRepo/Content/__ExternalActors__/LevelPrototyping/Levels/DevRooms/TestRoom2/C/5N/0ZXY5QIULELJUJ07DSV4HW.uasset" 8783
"/Game/__ExternalActors__/LevelPrototyping/Levels/DevRooms/TestRoom2/C/73/T16BKEZDLY0OOKURL6E09V" 8784
"../../../../CreationLayer/ZombieRepo/Content/__ExternalActors__/LevelPrototyping/Levels/DevRooms/TestRoom2/C/73/T16BKEZDLY0OOKURL6E09V.uasset" 8785
"/Game/__ExternalActors__/LevelPrototyping/Levels/DevRooms/TestRoom2/C/99/LC94SXOFUKIUT1NCDGM55G" 8786
"../../../../CreationLayer/ZombieRepo/Content/__ExternalActors__/LevelPrototyping/Levels/DevRooms/TestRoom2/C/99/LC94SXOFUKIUT1NCDGM55G.uasset" 8787
"/Game/__ExternalActors__/LevelPrototyping/Levels/DevRooms/TestRoom2/C/E5/AIUYKAYLCLC7ZSYLD46GNM" 8788
"../../../../CreationLayer/ZombieRepo/Content/__ExternalActors__/LevelPrototyping/Levels/DevRooms/TestRoom2/C/E5/AIUYKAYLCLC7ZSYLD46GNM.uasset" 8789
"/Game/__ExternalActors__/LevelPrototyping/Levels/DevRooms/TestRoom2/C/IN/26058X14G4BYF1XZSOFRHN" 8790
"../../../../CreationLayer/ZombieRepo/Content/__ExternalActors__/LevelPrototyping/Levels/DevRooms/TestRoom2/C/IN/26058X14G4BYF1XZSOFRHN.uasset" 8791
"/Game/__ExternalActors__/LevelPrototyping/Levels/DevRooms/TestRoom2/C/LH/LSSS89IW89B1QF84HG3EGH" 8792
"../../../../CreationLayer/ZombieRepo/Content/__ExternalActors__/LevelPrototyping/Levels/DevRooms/TestRoom2/C/LH/LSSS89IW89B1QF84HG3EGH.uasset" 8793
"/Game/__ExternalActors__/LevelPrototyping/Levels/DevRooms/TestRoom2/C/MM/6ATEMNLGCSLRQPUU0DKZLB" 8794
"../../../../CreationLayer/ZombieRepo/Content/__ExternalActors__/LevelPrototyping/Levels/DevRooms/TestRoom2/C/MM/6ATEMNLGCSLRQPUU0DKZLB.uasset" 8795
"/Game/__ExternalActors__/LevelPrototyping/Levels/DevRooms/TestRoom2/C/N3/7BSWPECESOR35GAX7E3E4C" 8796
"../../../../CreationLayer/ZombieRepo/Content/__ExternalActors__/LevelPrototyping/Levels/DevRooms/TestRoom2/C/N3/7BSWPECESOR35GAX7E3E4C.uasset" 8797
"/Game/__ExternalActors__/LevelPrototyping/Levels/DevRooms/TestRoom2/C/OK/6YS74NR1AZQJ7QVTGHDQF8" 8798
"../../../../CreationLayer/ZombieRepo/Content/__ExternalActors__/LevelPrototyping/Levels/DevRooms/TestRoom2/C/OK/6YS74NR1AZQJ7QVTGHDQF8.uasset" 8799
"/Game/__ExternalActors__/LevelPrototyping/Levels/DevRooms/TestRoom2/C/P5/4N2SND6STEVB7CLA31I8PV" 8800
"../../../../CreationLayer/ZombieRepo/Content/__ExternalActors__/LevelPrototyping/Levels/DevRooms/TestRoom2/C/P5/4N2SND6STEVB7CLA31I8PV.uasset" 8801
"/Game/__ExternalActors__/LevelPrototyping/Levels/DevRooms/TestRoom2/C/PG/QT8XAFOSDPNUFLAN7VP6X0" 8802
"../../../../CreationLayer/ZombieRepo/Content/__ExternalActors__/LevelPrototyping/Levels/DevRooms/TestRoom2/C/PG/QT8XAFOSDPNUFLAN7VP6X0.uasset" 8803
"/Game/__ExternalActors__/LevelPrototyping/Levels/DevRooms/TestRoom2/C/RC/5IRWJ36NI68WOQ73ONWXEQ" 8804
"../../../../CreationLayer/ZombieRepo/Content/__ExternalActors__/LevelPrototyping/Levels/DevRooms/TestRoom2/C/RC/5IRWJ36NI68WOQ73ONWXEQ.uasset" 8805
"/Game/__ExternalActors__/LevelPrototyping/Levels/DevRooms/TestRoom2/C/WA/Z0M15NZ71WX1S5TCHRUDCR" 8806
"../../../../CreationLayer/ZombieRepo/Content/__ExternalActors__/LevelPrototyping/Levels/DevRooms/TestRoom2/C/WA/Z0M15NZ71WX1S5TCHRUDCR.uasset" 8807
"/Game/__ExternalActors__/LevelPrototyping/Levels/DevRooms/TestRoom2/C/YM/KC5WJ5FSFDU8HOQHW0N600" 8808
"../../../../CreationLayer/ZombieRepo/Content/__ExternalActors__/LevelPrototyping/Levels/DevRooms/TestRoom2/C/YM/KC5WJ5FSFDU8HOQHW0N600.uasset" 8809
"/Game/__ExternalActors__/LevelPrototyping/Levels/DevRooms/TestRoom2/D/00/L1VUR34S4IJG0DEHFOSGH6" 8810
"../../../../CreationLayer/ZombieRepo/Content/__ExternalActors__/LevelPrototyping/Levels/DevRooms/TestRoom2/D/00/L1VUR34S4IJG0DEHFOSGH6.uasset" 8811
"/Game/__ExternalActors__/LevelPrototyping/Levels/DevRooms/TestRoom2/D/1B/DBEMCA4UCRIL2A4XROKRF9" 8812
"../../../../CreationLayer/ZombieRepo/Content/__ExternalActors__/LevelPrototyping/Levels/DevRooms/TestRoom2/D/1B/DBEMCA4UCRIL2A4XROKRF9.uasset" 8813
"/Game/__ExternalActors__/LevelPrototyping/Levels/DevRooms/TestRoom2/D/1M/TETPBN7WY22P7MNHE92FV0" 8814
"../../../../CreationLayer/ZombieRepo/Content/__ExternalActors__/LevelPrototyping/Levels/DevRooms/TestRoom2/D/1M/TETPBN7WY22P7MNHE92FV0.uasset" 8815
"/Game/__ExternalActors__/LevelPrototyping/Levels/DevRooms/TestRoom2/D/1V/IQLM2H5TEZMNDE85QXUNCM" 8816
"../../../../CreationLayer/ZombieRepo/Content/__ExternalActors__/LevelPrototyping/Levels/DevRooms/TestRoom2/D/1V/IQLM2H5TEZMNDE85QXUNCM.uasset" 8817
"/Game/__ExternalActors__/LevelPrototyping/Levels/DevRooms/TestRoom2/D/40/6XY5OG7BKL51O9E7KCU9Z3" 8818
"../../../../CreationLayer/ZombieRepo/Content/__ExternalActors__/LevelPrototyping/Levels/DevRooms/TestRoom2/D/40/6XY5OG7BKL51O9E7KCU9Z3.uasset" 8819
"/Game/__ExternalActors__/LevelPrototyping/Levels/DevRooms/TestRoom2/D/5E/A9JZTZQ0UOAM68ZLGCWK58" 8820
"../../../../CreationLayer/ZombieRepo/Content/__ExternalActors__/LevelPrototyping/Levels/DevRooms/TestRoom2/D/5E/A9JZTZQ0UOAM68ZLGCWK58.uasset" 8821
"/Game/__ExternalActors__/LevelPrototyping/Levels/DevRooms/TestRoom2/D/93/B2NFS5CNY5Z322IBIVF6IZ" 8822
"../../../../CreationLayer/ZombieRepo/Content/__ExternalActors__/LevelPrototyping/Levels/DevRooms/TestRoom2/D/93/B2NFS5CNY5Z322IBIVF6IZ.uasset" 8823
"/Game/__ExternalActors__/LevelPrototyping/Levels/DevRooms/TestRoom2/D/9L/XBSPAMWMV6ZZUD1MY3JEJZ" 8824
"../../../../CreationLayer/ZombieRepo/Content/__ExternalActors__/LevelPrototyping/Levels/DevRooms/TestRoom2/D/9L/XBSPAMWMV6ZZUD1MY3JEJZ.uasset" 8825
"/Game/__ExternalActors__/LevelPrototyping/Levels/DevRooms/TestRoom2/D/C8/0T7EBJLP5LCV0L3862W6FX" 8826
"../../../../CreationLayer/ZombieRepo/Content/__ExternalActors__/LevelPrototyping/Levels/DevRooms/TestRoom2/D/C8/0T7EBJLP5LCV0L3862W6FX.uasset" 8827
"/Game/__ExternalActors__/LevelPrototyping/Levels/DevRooms/TestRoom2/D/DP/4Q5YVY02PMP87OHU7H7I7P" 8828
"../../../../CreationLayer/ZombieRepo/Content/__ExternalActors__/LevelPrototyping/Levels/DevRooms/TestRoom2/D/DP/4Q5YVY02PMP87OHU7H7I7P.uasset" 8829
"/Game/__ExternalActors__/LevelPrototyping/Levels/DevRooms/TestRoom2/D/IZ/G8QPG07I6076RGRQ7UJV1V" 8830
"../../../../CreationLayer/ZombieRepo/Content/__ExternalActors__/LevelPrototyping/Levels/DevRooms/TestRoom2/D/IZ/G8QPG07I6076RGRQ7UJV1V.uasset" 8831
"/Game/__ExternalActors__/LevelPrototyping/Levels/DevRooms/TestRoom2/D/ME/BUG6C848XINDCIB014407K" 8832
"../../../../CreationLayer/ZombieRepo/Content/__ExternalActors__/LevelPrototyping/Levels/DevRooms/TestRoom2/D/ME/BUG6C848XINDCIB014407K.uasset" 8833
"/Game/__ExternalActors__/LevelPrototyping/Levels/DevRooms/TestRoom2/D/MN/0OX4A99BPVN523SBGP659S" 8834
"../../../../CreationLayer/ZombieRepo/Content/__ExternalActors__/LevelPrototyping/Levels/DevRooms/TestRoom2/D/MN/0OX4A99BPVN523SBGP659S.uasset" 8835
"/Game/__ExternalActors__/LevelPrototyping/Levels/DevRooms/TestRoom2/D/ON/0ZVIK5XQ2W2W0LKM1X6Z3J" 8836
"../../../../CreationLayer/ZombieRepo/Content/__ExternalActors__/LevelPrototyping/Levels/DevRooms/TestRoom2/D/ON/0ZVIK5XQ2W2W0LKM1X6Z3J.uasset" 8837
"/Game/__ExternalActors__/LevelPrototyping/Levels/DevRooms/TestRoom2/D/S4/2RSHKW4W11BVV85N9GAJSX" 8838
"../../../../CreationLayer/ZombieRepo/Content/__ExternalActors__/LevelPrototyping/Levels/DevRooms/TestRoom2/D/S4/2RSHKW4W11BVV85N9GAJSX.uasset" 8839
"/Game/__ExternalActors__/LevelPrototyping/Levels/DevRooms/TestRoom2/D/TY/8PEZOPHEP89B4G5Q8S7QV6" 8840
"../../../../CreationLayer/ZombieRepo/Content/__ExternalActors__/LevelPrototyping/Levels/DevRooms/TestRoom2/D/TY/8PEZOPHEP89B4G5Q8S7QV6.uasset" 8841
"/Game/__ExternalActors__/LevelPrototyping/Levels/DevRooms/TestRoom2/D/Y3/K4M2EYNKL0KYXNQZQZ37XC" 8842
"../../../../CreationLayer/ZombieRepo/Content/__ExternalActors__/LevelPrototyping/Levels/DevRooms/TestRoom2/D/Y3/K4M2EYNKL0KYXNQZQZ37XC.uasset" 8843
"/Game/__ExternalActors__/LevelPrototyping/Levels/DevRooms/TestRoom2/D/ZB/7NUHOWB5YEFJ7UDS0JZGJG" 8844
"../../../../CreationLayer/ZombieRepo/Content/__ExternalActors__/LevelPrototyping/Levels/DevRooms/TestRoom2/D/ZB/7NUHOWB5YEFJ7UDS0JZGJG.uasset" 8845
"/Game/__ExternalActors__/LevelPrototyping/Levels/DevRooms/TestRoom2/E/2Y/LXXYZ1X4ZOP4KJO0A8PQBR" 8846
"../../../../CreationLayer/ZombieRepo/Content/__ExternalActors__/LevelPrototyping/Levels/DevRooms/TestRoom2/E/2Y/LXXYZ1X4ZOP4KJO0A8PQBR.uasset" 8847
"/Game/__ExternalActors__/LevelPrototyping/Levels/DevRooms/TestRoom2/E/8U/PY950XE3WLZZEPYIQXGFHO" 8848
"../../../../CreationLayer/ZombieRepo/Content/__ExternalActors__/LevelPrototyping/Levels/DevRooms/TestRoom2/E/8U/PY950XE3WLZZEPYIQXGFHO.uasset" 8849
"/Game/__ExternalActors__/LevelPrototyping/Levels/DevRooms/TestRoom2/E/AW/9RXC65KCY1CG8WSSP3UIGZ" 8850
"../../../../CreationLayer/ZombieRepo/Content/__ExternalActors__/LevelPrototyping/Levels/DevRooms/TestRoom2/E/AW/9RXC65KCY1CG8WSSP3UIGZ.uasset" 8851
"/Game/__ExternalActors__/LevelPrototyping/Levels/DevRooms/TestRoom2/E/C0/ZKNO5KSGE9JI2YJLJU07HL" 8852
"../../../../CreationLayer/ZombieRepo/Content/__ExternalActors__/LevelPrototyping/Levels/DevRooms/TestRoom2/E/C0/ZKNO5KSGE9JI2YJLJU07HL.uasset" 8853
"/Game/__ExternalActors__/LevelPrototyping/Levels/DevRooms/TestRoom2/E/CN/ZDTU604NMF6NWKRECUKRQL" 8854
"../../../../CreationLayer/ZombieRepo/Content/__ExternalActors__/LevelPrototyping/Levels/DevRooms/TestRoom2/E/CN/ZDTU604NMF6NWKRECUKRQL.uasset" 8855
"/Game/__ExternalActors__/LevelPrototyping/Levels/DevRooms/TestRoom2/E/D4/DJFH7PTJP5PH3C39MR71JX" 8856
"../../../../CreationLayer/ZombieRepo/Content/__ExternalActors__/LevelPrototyping/Levels/DevRooms/TestRoom2/E/D4/DJFH7PTJP5PH3C39MR71JX.uasset" 8857
"/Game/__ExternalActors__/LevelPrototyping/Levels/DevRooms/TestRoom2/E/GE/TMMS12AU68E8YLKI484AKP" 8858
"../../../../CreationLayer/ZombieRepo/Content/__ExternalActors__/LevelPrototyping/Levels/DevRooms/TestRoom2/E/GE/TMMS12AU68E8YLKI484AKP.uasset" 8859
"/Game/__ExternalActors__/LevelPrototyping/Levels/DevRooms/TestRoom2/E/M0/XSPSEHJLJF42MSWUJYWH2X" 8860
"../../../../CreationLayer/ZombieRepo/Content/__ExternalActors__/LevelPrototyping/Levels/DevRooms/TestRoom2/E/M0/XSPSEHJLJF42MSWUJYWH2X.uasset" 8861
"/Game/__ExternalActors__/LevelPrototyping/Levels/DevRooms/TestRoom2/E/PB/I669JUKFY7PLIJJI1OA21M" 8862
"../../../../CreationLayer/ZombieRepo/Content/__ExternalActors__/LevelPrototyping/Levels/DevRooms/TestRoom2/E/PB/I669JUKFY7PLIJJI1OA21M.uasset" 8863
"/Game/__ExternalActors__/LevelPrototyping/Levels/DevRooms/TestRoom2/E/T3/XDT1WRU84L1TRLLGF5OE88" 8864
"../../../../CreationLayer/ZombieRepo/Content/__ExternalActors__/LevelPrototyping/Levels/DevRooms/TestRoom2/E/T3/XDT1WRU84L1TRLLGF5OE88.uasset" 8865
"/Game/__ExternalActors__/LevelPrototyping/Levels/DevRooms/TestRoom2/E/UG/EFEXEQ755A1DUF0IPPHEZT" 8866
"../../../../CreationLayer/ZombieRepo/Content/__ExternalActors__/LevelPrototyping/Levels/DevRooms/TestRoom2/E/UG/EFEXEQ755A1DUF0IPPHEZT.uasset" 8867
"/Game/__ExternalActors__/LevelPrototyping/Levels/DevRooms/TestRoom2/E/WA/DKNG958Z0E21TSUCEE7OEQ" 8868
"../../../../CreationLayer/ZombieRepo/Content/__ExternalActors__/LevelPrototyping/Levels/DevRooms/TestRoom2/E/WA/DKNG958Z0E21TSUCEE7OEQ.uasset" 8869
"/Game/__ExternalActors__/LevelPrototyping/Levels/DevRooms/TestRoom1/0/0Z/3ZP01M8EHK3NHJC24U7G9E" 8870
"../../../../CreationLayer/ZombieRepo/Content/__ExternalActors__/LevelPrototyping/Levels/DevRooms/TestRoom1/0/0Z/3ZP01M8EHK3NHJC24U7G9E.uasset" 8871
"/Game/__ExternalActors__/LevelPrototyping/Levels/DevRooms/TestRoom1/0/2P/QGSI9P07MQOQ1QBK5H6P16" 8872
"../../../../CreationLayer/ZombieRepo/Content/__ExternalActors__/LevelPrototyping/Levels/DevRooms/TestRoom1/0/2P/QGSI9P07MQOQ1QBK5H6P16.uasset" 8873
"/Game/__ExternalActors__/LevelPrototyping/Levels/DevRooms/TestRoom1/0/4L/B7UCK6U7888NL9KQQPKQP9" 8874
"../../../../CreationLayer/ZombieRepo/Content/__ExternalActors__/LevelPrototyping/Levels/DevRooms/TestRoom1/0/4L/B7UCK6U7888NL9KQQPKQP9.uasset" 8875
"/Game/__ExternalActors__/LevelPrototyping/Levels/DevRooms/TestRoom1/0/75/7QEB5EMSTKOOBJ4GBJVPOW" 8876
"../../../../CreationLayer/ZombieRepo/Content/__ExternalActors__/LevelPrototyping/Levels/DevRooms/TestRoom1/0/75/7QEB5EMSTKOOBJ4GBJVPOW.uasset" 8877
"/Game/__ExternalActors__/LevelPrototyping/Levels/DevRooms/TestRoom1/0/7Q/MW47J9HCNRLNSX9JAZRXQR" 8878
"../../../../CreationLayer/ZombieRepo/Content/__ExternalActors__/LevelPrototyping/Levels/DevRooms/TestRoom1/0/7Q/MW47J9HCNRLNSX9JAZRXQR.uasset" 8879
"/Game/__ExternalActors__/LevelPrototyping/Levels/DevRooms/TestRoom1/0/A4/4O5ZNHZIY1FH9ONF4SR5XY" 8880
"../../../../CreationLayer/ZombieRepo/Content/__ExternalActors__/LevelPrototyping/Levels/DevRooms/TestRoom1/0/A4/4O5ZNHZIY1FH9ONF4SR5XY.uasset" 8881
"/Game/__ExternalActors__/LevelPrototyping/Levels/DevRooms/TestRoom1/0/AU/0DHEMTUOLAFAQK3L2ABALY" 8882
"../../../../CreationLayer/ZombieRepo/Content/__ExternalActors__/LevelPrototyping/Levels/DevRooms/TestRoom1/0/AU/0DHEMTUOLAFAQK3L2ABALY.uasset" 8883
"/Game/__ExternalActors__/LevelPrototyping/Levels/DevRooms/TestRoom1/0/CR/0NMH5ORIM8VMMJKJU27LTJ" 8884
"../../../../CreationLayer/ZombieRepo/Content/__ExternalActors__/LevelPrototyping/Levels/DevRooms/TestRoom1/0/CR/0NMH5ORIM8VMMJKJU27LTJ.uasset" 8885
"/Game/__ExternalActors__/LevelPrototyping/Levels/DevRooms/TestRoom1/0/F4/JKWH2M3Z99WJZW88O1X2S3" 8886
"../../../../CreationLayer/ZombieRepo/Content/__ExternalActors__/LevelPrototyping/Levels/DevRooms/TestRoom1/0/F4/JKWH2M3Z99WJZW88O1X2S3.uasset" 8887
"/Game/__ExternalActors__/LevelPrototyping/Levels/DevRooms/TestRoom1/0/GI/W82C883F7CZG6J7I5BJGMJ" 8888
"../../../../CreationLayer/ZombieRepo/Content/__ExternalActors__/LevelPrototyping/Levels/DevRooms/TestRoom1/0/GI/W82C883F7CZG6J7I5BJGMJ.uasset" 8889
"/Game/__ExternalActors__/LevelPrototyping/Levels/DevRooms/TestRoom1/0/GP/DE716AXT8H5AR7JPSZHBO4" 8890
"../../../../CreationLayer/ZombieRepo/Content/__ExternalActors__/LevelPrototyping/Levels/DevRooms/TestRoom1/0/GP/DE716AXT8H5AR7JPSZHBO4.uasset" 8891
"/Game/__ExternalActors__/LevelPrototyping/Levels/DevRooms/TestRoom1/0/GV/267U9YC10TNXH2Y2RW5PJS" 8892
"../../../../CreationLayer/ZombieRepo/Content/__ExternalActors__/LevelPrototyping/Levels/DevRooms/TestRoom1/0/GV/267U9YC10TNXH2Y2RW5PJS.uasset" 8893
"/Game/__ExternalActors__/LevelPrototyping/Levels/DevRooms/TestRoom1/0/H1/P5APIG9AV0292ISC4QV2VT" 8894
"../../../../CreationLayer/ZombieRepo/Content/__ExternalActors__/LevelPrototyping/Levels/DevRooms/TestRoom1/0/H1/P5APIG9AV0292ISC4QV2VT.uasset" 8895
"/Game/__ExternalActors__/LevelPrototyping/Levels/DevRooms/TestRoom1/0/IO/ZEU30ANHD8A54MPIPJ5E6K" 8896
"../../../../CreationLayer/ZombieRepo/Content/__ExternalActors__/LevelPrototyping/Levels/DevRooms/TestRoom1/0/IO/ZEU30ANHD8A54MPIPJ5E6K.uasset" 8897
"/Game/__ExternalActors__/LevelPrototyping/Levels/DevRooms/TestRoom1/0/KF/0BD59K1LAR47QRL4XJFWGM" 8898
"../../../../CreationLayer/ZombieRepo/Content/__ExternalActors__/LevelPrototyping/Levels/DevRooms/TestRoom1/0/KF/0BD59K1LAR47QRL4XJFWGM.uasset" 8899
"/Game/__ExternalActors__/LevelPrototyping/Levels/DevRooms/TestRoom1/0/LB/HTXYCSZPIAQI9W9DIKK4R2" 8900
"../../../../CreationLayer/ZombieRepo/Content/__ExternalActors__/LevelPrototyping/Levels/DevRooms/TestRoom1/0/LB/HTXYCSZPIAQI9W9DIKK4R2.uasset" 8901
"/Game/__ExternalActors__/LevelPrototyping/Levels/DevRooms/TestRoom1/0/LH/AV09P2ACBHCY12BYG5Y49E" 8902
"../../../../CreationLayer/ZombieRepo/Content/__ExternalActors__/LevelPrototyping/Levels/DevRooms/TestRoom1/0/LH/AV09P2ACBHCY12BYG5Y49E.uasset" 8903
"/Game/__ExternalActors__/LevelPrototyping/Levels/DevRooms/TestRoom1/0/M0/A6V0FIWH6CYBKDY5HGRRZ0" 8904
"../../../../CreationLayer/ZombieRepo/Content/__ExternalActors__/LevelPrototyping/Levels/DevRooms/TestRoom1/0/M0/A6V0FIWH6CYBKDY5HGRRZ0.uasset" 8905
"/Game/__ExternalActors__/LevelPrototyping/Levels/DevRooms/TestRoom1/0/MJ/GF14JU8S1FCTLA4MGTK1TB" 8906
"../../../../CreationLayer/ZombieRepo/Content/__ExternalActors__/LevelPrototyping/Levels/DevRooms/TestRoom1/0/MJ/GF14JU8S1FCTLA4MGTK1TB.uasset" 8907
"/Game/__ExternalActors__/LevelPrototyping/Levels/DevRooms/TestRoom1/0/N4/KR3WJYOUW8C3OIUS2SHRZ0" 8908
"../../../../CreationLayer/ZombieRepo/Content/__ExternalActors__/LevelPrototyping/Levels/DevRooms/TestRoom1/0/N4/KR3WJYOUW8C3OIUS2SHRZ0.uasset" 8909
"/Game/__ExternalActors__/LevelPrototyping/Levels/DevRooms/TestRoom1/0/NB/QQ4KITBMR1K2MQDCXJZ9F3" 8910
"../../../../CreationLayer/ZombieRepo/Content/__ExternalActors__/LevelPrototyping/Levels/DevRooms/TestRoom1/0/NB/QQ4KITBMR1K2MQDCXJZ9F3.uasset" 8911
"/Game/__ExternalActors__/LevelPrototyping/Levels/DevRooms/TestRoom1/0/NN/GZLLCNL93PBZTAJR3KI3UL" 8912
"../../../../CreationLayer/ZombieRepo/Content/__ExternalActors__/LevelPrototyping/Levels/DevRooms/TestRoom1/0/NN/GZLLCNL93PBZTAJR3KI3UL.uasset" 8913
"/Game/__ExternalActors__/LevelPrototyping/Levels/DevRooms/TestRoom1/0/U4/UCDFKHYNU5GX5F3GS8PV60" 8914
"../../../../CreationLayer/ZombieRepo/Content/__ExternalActors__/LevelPrototyping/Levels/DevRooms/TestRoom1/0/U4/UCDFKHYNU5GX5F3GS8PV60.uasset" 8915
"/Game/__ExternalActors__/LevelPrototyping/Levels/DevRooms/TestRoom1/0/V1/O6KN2PB0NU6S2BB04YJMAM" 8916
"../../../../CreationLayer/ZombieRepo/Content/__ExternalActors__/LevelPrototyping/Levels/DevRooms/TestRoom1/0/V1/O6KN2PB0NU6S2BB04YJMAM.uasset" 8917
"/Game/__ExternalActors__/LevelPrototyping/Levels/DevRooms/TestRoom1/0/V8/HUP3DT2FGQ87C5648RSFM5" 8918
"../../../../CreationLayer/ZombieRepo/Content/__ExternalActors__/LevelPrototyping/Levels/DevRooms/TestRoom1/0/V8/HUP3DT2FGQ87C5648RSFM5.uasset" 8919
"/Game/__ExternalActors__/LevelPrototyping/Levels/DevRooms/TestRoom1/0/WT/CBS0B37AAPCSACIDMBYBA4" 8920
"../../../../CreationLayer/ZombieRepo/Content/__ExternalActors__/LevelPrototyping/Levels/DevRooms/TestRoom1/0/WT/CBS0B37AAPCSACIDMBYBA4.uasset" 8921
"/Game/__ExternalActors__/LevelPrototyping/Levels/DevRooms/TestRoom1/0/Y8/3MKBXIUDU2Q36OGG0HFSLG" 8922
"../../../../CreationLayer/ZombieRepo/Content/__ExternalActors__/LevelPrototyping/Levels/DevRooms/TestRoom1/0/Y8/3MKBXIUDU2Q36OGG0HFSLG.uasset" 8923
"/Game/__ExternalActors__/LevelPrototyping/Levels/DevRooms/TestRoom1/1/03/XCO5MU955INSXS7P5KF3FT" 8924
"../../../../CreationLayer/ZombieRepo/Content/__ExternalActors__/LevelPrototyping/Levels/DevRooms/TestRoom1/1/03/XCO5MU955INSXS7P5KF3FT.uasset" 8925
"/Game/__ExternalActors__/LevelPrototyping/Levels/DevRooms/TestRoom1/1/1A/7KF858ZNXGRE1D31PW1Z0X" 8926
"../../../../CreationLayer/ZombieRepo/Content/__ExternalActors__/LevelPrototyping/Levels/DevRooms/TestRoom1/1/1A/7KF858ZNXGRE1D31PW1Z0X.uasset" 8927
"/Game/__ExternalActors__/LevelPrototyping/Levels/DevRooms/TestRoom1/1/1M/MVA05TXXGCQEYMMU0KQ0RM" 8928
"../../../../CreationLayer/ZombieRepo/Content/__ExternalActors__/LevelPrototyping/Levels/DevRooms/TestRoom1/1/1M/MVA05TXXGCQEYMMU0KQ0RM.uasset" 8929
"/Game/__ExternalActors__/LevelPrototyping/Levels/DevRooms/TestRoom1/1/2N/UKI783RV3PIII2OV189Y9Y" 8930
"../../../../CreationLayer/ZombieRepo/Content/__ExternalActors__/LevelPrototyping/Levels/DevRooms/TestRoom1/1/2N/UKI783RV3PIII2OV189Y9Y.uasset" 8931
"/Game/__ExternalActors__/LevelPrototyping/Levels/DevRooms/TestRoom1/1/86/SVCB5XPU0OMGR6SMWLD7EW" 8932
"../../../../CreationLayer/ZombieRepo/Content/__ExternalActors__/LevelPrototyping/Levels/DevRooms/TestRoom1/1/86/SVCB5XPU0OMGR6SMWLD7EW.uasset" 8933
"/Game/__ExternalActors__/LevelPrototyping/Levels/DevRooms/TestRoom1/1/8B/M4VY1US4B9KVP5S2HFSK2I" 8934
"../../../../CreationLayer/ZombieRepo/Content/__ExternalActors__/LevelPrototyping/Levels/DevRooms/TestRoom1/1/8B/M4VY1US4B9KVP5S2HFSK2I.uasset" 8935
"/Game/__ExternalActors__/LevelPrototyping/Levels/DevRooms/TestRoom1/1/8P/SMG7XY2CVOK6SVJ47NGIVD" 8936
"../../../../CreationLayer/ZombieRepo/Content/__ExternalActors__/LevelPrototyping/Levels/DevRooms/TestRoom1/1/8P/SMG7XY2CVOK6SVJ47NGIVD.uasset" 8937
"/Game/__ExternalActors__/LevelPrototyping/Levels/DevRooms/TestRoom1/1/95/QAF5EYCQJIAV7LGYG22BQD" 8938
"../../../../CreationLayer/ZombieRepo/Content/__ExternalActors__/LevelPrototyping/Levels/DevRooms/TestRoom1/1/95/QAF5EYCQJIAV7LGYG22BQD.uasset" 8939
"/Game/__ExternalActors__/LevelPrototyping/Levels/DevRooms/TestRoom1/1/9U/ROJDDNSQ2GVZC1P8E22E6A" 8940
"../../../../CreationLayer/ZombieRepo/Content/__ExternalActors__/LevelPrototyping/Levels/DevRooms/TestRoom1/1/9U/ROJDDNSQ2GVZC1P8E22E6A.uasset" 8941
"/Game/__ExternalActors__/LevelPrototyping/Levels/DevRooms/TestRoom1/1/AU/YXEVCLBVIAX6ZJ5LBZ1F95" 8942
"../../../../CreationLayer/ZombieRepo/Content/__ExternalActors__/LevelPrototyping/Levels/DevRooms/TestRoom1/1/AU/YXEVCLBVIAX6ZJ5LBZ1F95.uasset" 8943
"/Game/__ExternalActors__/LevelPrototyping/Levels/DevRooms/TestRoom1/1/CQ/1AGVHUBLYNXOQ3EE2H3YK5" 8944
"../../../../CreationLayer/ZombieRepo/Content/__ExternalActors__/LevelPrototyping/Levels/DevRooms/TestRoom1/1/CQ/1AGVHUBLYNXOQ3EE2H3YK5.uasset" 8945
"/Game/__ExternalActors__/LevelPrototyping/Levels/DevRooms/TestRoom1/1/DM/IK92Y7EEFRKABJV5JVYXM2" 8946
"../../../../CreationLayer/ZombieRepo/Content/__ExternalActors__/LevelPrototyping/Levels/DevRooms/TestRoom1/1/DM/IK92Y7EEFRKABJV5JVYXM2.uasset" 8947
"/Game/__ExternalActors__/LevelPrototyping/Levels/DevRooms/TestRoom1/1/E4/ACBCHU7CG1VETAN3EVGE7F" 8948
"../../../../CreationLayer/ZombieRepo/Content/__ExternalActors__/LevelPrototyping/Levels/DevRooms/TestRoom1/1/E4/ACBCHU7CG1VETAN3EVGE7F.uasset" 8949
"/Game/__ExternalActors__/LevelPrototyping/Levels/DevRooms/TestRoom1/1/E8/QMX3H2P7ZBXRYJVVU83XLW" 8950
"../../../../CreationLayer/ZombieRepo/Content/__ExternalActors__/LevelPrototyping/Levels/DevRooms/TestRoom1/1/E8/QMX3H2P7ZBXRYJVVU83XLW.uasset" 8951
"/Game/__ExternalActors__/LevelPrototyping/Levels/DevRooms/TestRoom1/1/FM/N4NWL7DO3GHRCLCO7PPFE5" 8952
"../../../../CreationLayer/ZombieRepo/Content/__ExternalActors__/LevelPrototyping/Levels/DevRooms/TestRoom1/1/FM/N4NWL7DO3GHRCLCO7PPFE5.uasset" 8953
"/Game/__ExternalActors__/LevelPrototyping/Levels/DevRooms/TestRoom1/1/GS/8BHGA8FHXF7NP8NWACAIBQ" 8954
"../../../../CreationLayer/ZombieRepo/Content/__ExternalActors__/LevelPrototyping/Levels/DevRooms/TestRoom1/1/GS/8BHGA8FHXF7NP8NWACAIBQ.uasset" 8955
"/Game/__ExternalActors__/LevelPrototyping/Levels/DevRooms/TestRoom1/1/H8/TQSEN4YD2Y6CQTJGTYKLFV" 8956
"../../../../CreationLayer/ZombieRepo/Content/__ExternalActors__/LevelPrototyping/Levels/DevRooms/TestRoom1/1/H8/TQSEN4YD2Y6CQTJGTYKLFV.uasset" 8957
"/Game/__ExternalActors__/LevelPrototyping/Levels/DevRooms/TestRoom1/1/JG/4UET6K43HJWE2JZLC7CNXO" 8958
"../../../../CreationLayer/ZombieRepo/Content/__ExternalActors__/LevelPrototyping/Levels/DevRooms/TestRoom1/1/JG/4UET6K43HJWE2JZLC7CNXO.uasset" 8959
"/Game/__ExternalActors__/LevelPrototyping/Levels/DevRooms/TestRoom1/1/L1/RQIEDMV360ZQ2QPXCSEIMS" 8960
"../../../../CreationLayer/ZombieRepo/Content/__ExternalActors__/LevelPrototyping/Levels/DevRooms/TestRoom1/1/L1/RQIEDMV360ZQ2QPXCSEIMS.uasset" 8961
"/Game/__ExternalActors__/LevelPrototyping/Levels/DevRooms/TestRoom1/1/LL/BFQM510KDIFSTNNL58BVB9" 8962
"../../../../CreationLayer/ZombieRepo/Content/__ExternalActors__/LevelPrototyping/Levels/DevRooms/TestRoom1/1/LL/BFQM510KDIFSTNNL58BVB9.uasset" 8963
"/Game/__ExternalActors__/LevelPrototyping/Levels/DevRooms/TestRoom1/1/RJ/C8QDFBZSMIV33HABW8LDRU" 8964
"../../../../CreationLayer/ZombieRepo/Content/__ExternalActors__/LevelPrototyping/Levels/DevRooms/TestRoom1/1/RJ/C8QDFBZSMIV33HABW8LDRU.uasset" 8965
"/Game/__ExternalActors__/LevelPrototyping/Levels/DevRooms/TestRoom1/1/TD/Y54752UFGJFX5ELMD2O0E2" 8966
"../../../../CreationLayer/ZombieRepo/Content/__ExternalActors__/LevelPrototyping/Levels/DevRooms/TestRoom1/1/TD/Y54752UFGJFX5ELMD2O0E2.uasset" 8967
"/Game/__ExternalActors__/LevelPrototyping/Levels/DevRooms/TestRoom1/1/TS/2BEP0MCVYGW5ZVMU1VJ59K" 8968
"../../../../CreationLayer/ZombieRepo/Content/__ExternalActors__/LevelPrototyping/Levels/DevRooms/TestRoom1/1/TS/2BEP0MCVYGW5ZVMU1VJ59K.uasset" 8969
"/Game/__ExternalActors__/LevelPrototyping/Levels/DevRooms/TestRoom1/1/U6/8PLMXI3QR0OP43L9X8WGJO" 8970
"../../../../CreationLayer/ZombieRepo/Content/__ExternalActors__/LevelPrototyping/Levels/DevRooms/TestRoom1/1/U6/8PLMXI3QR0OP43L9X8WGJO.uasset" 8971
"/Game/__ExternalActors__/LevelPrototyping/Levels/DevRooms/TestRoom1/1/UF/QDKY1KS6Y3SWBEM2MH816L" 8972
"../../../../CreationLayer/ZombieRepo/Content/__ExternalActors__/LevelPrototyping/Levels/DevRooms/TestRoom1/1/UF/QDKY1KS6Y3SWBEM2MH816L.uasset" 8973
"/Game/__ExternalActors__/LevelPrototyping/Levels/DevRooms/TestRoom1/1/UK/KZGWKYVP1VU17H3K89V14P" 8974
"../../../../CreationLayer/ZombieRepo/Content/__ExternalActors__/LevelPrototyping/Levels/DevRooms/TestRoom1/1/UK/KZGWKYVP1VU17H3K89V14P.uasset" 8975
"/Game/__ExternalActors__/LevelPrototyping/Levels/DevRooms/TestRoom1/1/WI/RET3L776D737TSOVWPGXPV" 8976
"../../../../CreationLayer/ZombieRepo/Content/__ExternalActors__/LevelPrototyping/Levels/DevRooms/TestRoom1/1/WI/RET3L776D737TSOVWPGXPV.uasset" 8977
"/Game/__ExternalActors__/LevelPrototyping/Levels/DevRooms/TestRoom1/1/WS/WCSJYNOVYWMPC80BFD61B2" 8978
"../../../../CreationLayer/ZombieRepo/Content/__ExternalActors__/LevelPrototyping/Levels/DevRooms/TestRoom1/1/WS/WCSJYNOVYWMPC80BFD61B2.uasset" 8979
"/Game/__ExternalActors__/LevelPrototyping/Levels/DevRooms/TestRoom1/1/WX/FMK9OJ5WAKMNH0NB253TU2" 8980
"../../../../CreationLayer/ZombieRepo/Content/__ExternalActors__/LevelPrototyping/Levels/DevRooms/TestRoom1/1/WX/FMK9OJ5WAKMNH0NB253TU2.uasset" 8981
"/Game/__ExternalActors__/LevelPrototyping/Levels/DevRooms/TestRoom1/1/XO/S80ZENKF8QEWGENJI79FQ0" 8982
"../../../../CreationLayer/ZombieRepo/Content/__ExternalActors__/LevelPrototyping/Levels/DevRooms/TestRoom1/1/XO/S80ZENKF8QEWGENJI79FQ0.uasset" 8983
"/Game/__ExternalActors__/LevelPrototyping/Levels/DevRooms/TestRoom1/1/YE/GKX0GI2RWB8XEV8NLR7R8N" 8984
"../../../../CreationLayer/ZombieRepo/Content/__ExternalActors__/LevelPrototyping/Levels/DevRooms/TestRoom1/1/YE/GKX0GI2RWB8XEV8NLR7R8N.uasset" 8985
"/Game/__ExternalActors__/LevelPrototyping/Levels/DevRooms/TestRoom1/1/YY/MODL02JHQJ8X5JHG3OCWRA" 8986
"../../../../CreationLayer/ZombieRepo/Content/__ExternalActors__/LevelPrototyping/Levels/DevRooms/TestRoom1/1/YY/MODL02JHQJ8X5JHG3OCWRA.uasset" 8987
"/Game/__ExternalActors__/LevelPrototyping/Levels/DevRooms/TestRoom1/2/0U/PN2M83GI8HOQ0V3F4SOOXY" 8988
"../../../../CreationLayer/ZombieRepo/Content/__ExternalActors__/LevelPrototyping/Levels/DevRooms/TestRoom1/2/0U/PN2M83GI8HOQ0V3F4SOOXY.uasset" 8989
"/Game/__ExternalActors__/LevelPrototyping/Levels/DevRooms/TestRoom1/2/33/X9S3U5MZZS6LN2AS5DBAE9" 8990
"../../../../CreationLayer/ZombieRepo/Content/__ExternalActors__/LevelPrototyping/Levels/DevRooms/TestRoom1/2/33/X9S3U5MZZS6LN2AS5DBAE9.uasset" 8991
"/Game/__ExternalActors__/LevelPrototyping/Levels/DevRooms/TestRoom1/2/6M/AV4HBHZCB7MLEK99UYQHCP" 8992
"../../../../CreationLayer/ZombieRepo/Content/__ExternalActors__/LevelPrototyping/Levels/DevRooms/TestRoom1/2/6M/AV4HBHZCB7MLEK99UYQHCP.uasset" 8993
"/Game/__ExternalActors__/LevelPrototyping/Levels/DevRooms/TestRoom1/2/79/RHFWYWU8QB7PTBRSZ0QQFW" 8994
"../../../../CreationLayer/ZombieRepo/Content/__ExternalActors__/LevelPrototyping/Levels/DevRooms/TestRoom1/2/79/RHFWYWU8QB7PTBRSZ0QQFW.uasset" 8995
"/Game/__ExternalActors__/LevelPrototyping/Levels/DevRooms/TestRoom1/2/9J/8LPG233DEIM9RIQ0RGELBJ" 8996
"../../../../CreationLayer/ZombieRepo/Content/__ExternalActors__/LevelPrototyping/Levels/DevRooms/TestRoom1/2/9J/8LPG233DEIM9RIQ0RGELBJ.uasset" 8997
"/Game/__ExternalActors__/LevelPrototyping/Levels/DevRooms/TestRoom1/2/H4/CEUTLEJ5C8B6FUCZGK9L6Y" 8998
"../../../../CreationLayer/ZombieRepo/Content/__ExternalActors__/LevelPrototyping/Levels/DevRooms/TestRoom1/2/H4/CEUTLEJ5C8B6FUCZGK9L6Y.uasset" 8999
"/Game/__ExternalActors__/LevelPrototyping/Levels/DevRooms/TestRoom1/2/HW/D40RQKY4MT4VHYO65M78ZO" 9000
"../../../../CreationLayer/ZombieRepo/Content/__ExternalActors__/LevelPrototyping/Levels/DevRooms/TestRoom1/2/HW/D40RQKY4MT4VHYO65M78ZO.uasset" 9001
"/Game/__ExternalActors__/LevelPrototyping/Levels/DevRooms/TestRoom1/2/JQ/OW4GFYLP296GL69TRDU81P" 9002
"../../../../CreationLayer/ZombieRepo/Content/__ExternalActors__/LevelPrototyping/Levels/DevRooms/TestRoom1/2/JQ/OW4GFYLP296GL69TRDU81P.uasset" 9003
"/Game/__ExternalActors__/LevelPrototyping/Levels/DevRooms/TestRoom1/2/QQ/NE8SNATOMPC1D8LDMI8UDE" 9004
"../../../../CreationLayer/ZombieRepo/Content/__ExternalActors__/LevelPrototyping/Levels/DevRooms/TestRoom1/2/QQ/NE8SNATOMPC1D8LDMI8UDE.uasset" 9005
"/Game/__ExternalActors__/LevelPrototyping/Levels/DevRooms/TestRoom1/2/S1/O6ETXUX92PDM2SK07JM7W0" 9006
"../../../../CreationLayer/ZombieRepo/Content/__ExternalActors__/LevelPrototyping/Levels/DevRooms/TestRoom1/2/S1/O6ETXUX92PDM2SK07JM7W0.uasset" 9007
"/Game/__ExternalActors__/LevelPrototyping/Levels/DevRooms/TestRoom1/2/U7/YN2DQK4LD2H8M6ZVZHIW31" 9008
"../../../../CreationLayer/ZombieRepo/Content/__ExternalActors__/LevelPrototyping/Levels/DevRooms/TestRoom1/2/U7/YN2DQK4LD2H8M6ZVZHIW31.uasset" 9009
"/Game/__ExternalActors__/LevelPrototyping/Levels/DevRooms/TestRoom1/2/Z3/OORI5IVIF529GT7UQXJYSJ" 9010
"../../../../CreationLayer/ZombieRepo/Content/__ExternalActors__/LevelPrototyping/Levels/DevRooms/TestRoom1/2/Z3/OORI5IVIF529GT7UQXJYSJ.uasset" 9011
"/Game/__ExternalActors__/LevelPrototyping/Levels/DevRooms/TestRoom1/3/02/JO7KUDV4B58HOUUNJYG7FX" 9012
"../../../../CreationLayer/ZombieRepo/Content/__ExternalActors__/LevelPrototyping/Levels/DevRooms/TestRoom1/3/02/JO7KUDV4B58HOUUNJYG7FX.uasset" 9013
"/Game/__ExternalActors__/LevelPrototyping/Levels/DevRooms/TestRoom1/3/3I/DJJPBAT30GEYPCZ5YMNSOW" 9014
"../../../../CreationLayer/ZombieRepo/Content/__ExternalActors__/LevelPrototyping/Levels/DevRooms/TestRoom1/3/3I/DJJPBAT30GEYPCZ5YMNSOW.uasset" 9015
"/Game/__ExternalActors__/LevelPrototyping/Levels/DevRooms/TestRoom1/3/5U/QJEPNHYPS3PSEB1YNR3IM6" 9016
"../../../../CreationLayer/ZombieRepo/Content/__ExternalActors__/LevelPrototyping/Levels/DevRooms/TestRoom1/3/5U/QJEPNHYPS3PSEB1YNR3IM6.uasset" 9017
"/Game/__ExternalActors__/LevelPrototyping/Levels/DevRooms/TestRoom1/3/71/ONEJNSHI0I5L617PPA69SV" 9018
"../../../../CreationLayer/ZombieRepo/Content/__ExternalActors__/LevelPrototyping/Levels/DevRooms/TestRoom1/3/71/ONEJNSHI0I5L617PPA69SV.uasset" 9019
"/Game/__ExternalActors__/LevelPrototyping/Levels/DevRooms/TestRoom1/3/77/PNGCC2B868FJ7AR3VI3EQI" 9020
"../../../../CreationLayer/ZombieRepo/Content/__ExternalActors__/LevelPrototyping/Levels/DevRooms/TestRoom1/3/77/PNGCC2B868FJ7AR3VI3EQI.uasset" 9021
"/Game/__ExternalActors__/LevelPrototyping/Levels/DevRooms/TestRoom1/3/87/NUQC16A9TEVXYJLMZGUASM" 9022
"../../../../CreationLayer/ZombieRepo/Content/__ExternalActors__/LevelPrototyping/Levels/DevRooms/TestRoom1/3/87/NUQC16A9TEVXYJLMZGUASM.uasset" 9023
"/Game/__ExternalActors__/LevelPrototyping/Levels/DevRooms/TestRoom1/3/C3/GS8K7L9DF6RULNNMF665AI" 9024
"../../../../CreationLayer/ZombieRepo/Content/__ExternalActors__/LevelPrototyping/Levels/DevRooms/TestRoom1/3/C3/GS8K7L9DF6RULNNMF665AI.uasset" 9025
"/Game/__ExternalActors__/LevelPrototyping/Levels/DevRooms/TestRoom1/3/DB/HHL37PFDLT6WHFFYDO1XPJ" 9026
"../../../../CreationLayer/ZombieRepo/Content/__ExternalActors__/LevelPrototyping/Levels/DevRooms/TestRoom1/3/DB/HHL37PFDLT6WHFFYDO1XPJ.uasset" 9027
"/Game/__ExternalActors__/LevelPrototyping/Levels/DevRooms/TestRoom1/3/E1/LF7JM9UFU0PT143NV12EMA" 9028
"../../../../CreationLayer/ZombieRepo/Content/__ExternalActors__/LevelPrototyping/Levels/DevRooms/TestRoom1/3/E1/LF7JM9UFU0PT143NV12EMA.uasset" 9029
"/Game/__ExternalActors__/LevelPrototyping/Levels/DevRooms/TestRoom1/3/FF/RU0DLSKPRB1QK60EI1QOTD" 9030
"../../../../CreationLayer/ZombieRepo/Content/__ExternalActors__/LevelPrototyping/Levels/DevRooms/TestRoom1/3/FF/RU0DLSKPRB1QK60EI1QOTD.uasset" 9031
"/Game/__ExternalActors__/LevelPrototyping/Levels/DevRooms/TestRoom1/3/FT/70YHSDAVMBMI5ABAU7D5L7" 9032
"../../../../CreationLayer/ZombieRepo/Content/__ExternalActors__/LevelPrototyping/Levels/DevRooms/TestRoom1/3/FT/70YHSDAVMBMI5ABAU7D5L7.uasset" 9033
"/Game/__ExternalActors__/LevelPrototyping/Levels/DevRooms/TestRoom1/3/HZ/E5HPOWCVB61XDN3WQ1OI6W" 9034
"../../../../CreationLayer/ZombieRepo/Content/__ExternalActors__/LevelPrototyping/Levels/DevRooms/TestRoom1/3/HZ/E5HPOWCVB61XDN3WQ1OI6W.uasset" 9035
"/Game/__ExternalActors__/LevelPrototyping/Levels/DevRooms/TestRoom1/3/LY/VFEGEAEHIDL59VJL9AAYRH" 9036
"../../../../CreationLayer/ZombieRepo/Content/__ExternalActors__/LevelPrototyping/Levels/DevRooms/TestRoom1/3/LY/VFEGEAEHIDL59VJL9AAYRH.uasset" 9037
"/Game/__ExternalActors__/LevelPrototyping/Levels/DevRooms/TestRoom1/3/M8/29ZFBKW6BET829JLLG1MMK" 9038
"../../../../CreationLayer/ZombieRepo/Content/__ExternalActors__/LevelPrototyping/Levels/DevRooms/TestRoom1/3/M8/29ZFBKW6BET829JLLG1MMK.uasset" 9039
"/Game/__ExternalActors__/LevelPrototyping/Levels/DevRooms/TestRoom1/3/OP/DVZK7WSVMAH867Z6ZYGNB9" 9040
"../../../../CreationLayer/ZombieRepo/Content/__ExternalActors__/LevelPrototyping/Levels/DevRooms/TestRoom1/3/OP/DVZK7WSVMAH867Z6ZYGNB9.uasset" 9041
"/Game/__ExternalActors__/LevelPrototyping/Levels/DevRooms/TestRoom1/3/OV/0ECXP6ANSU8IQHUZBNZI2V" 9042
"../../../../CreationLayer/ZombieRepo/Content/__ExternalActors__/LevelPrototyping/Levels/DevRooms/TestRoom1/3/OV/0ECXP6ANSU8IQHUZBNZI2V.uasset" 9043
"/Game/__ExternalActors__/LevelPrototyping/Levels/DevRooms/TestRoom1/3/P0/MFZQ3EUSDLZGTN7K71SDNT" 9044
"../../../../CreationLayer/ZombieRepo/Content/__ExternalActors__/LevelPrototyping/Levels/DevRooms/TestRoom1/3/P0/MFZQ3EUSDLZGTN7K71SDNT.uasset" 9045
"/Game/__ExternalActors__/LevelPrototyping/Levels/DevRooms/TestRoom1/3/PC/F6HW673D042LQGQLUCKVEL" 9046
"../../../../CreationLayer/ZombieRepo/Content/__ExternalActors__/LevelPrototyping/Levels/DevRooms/TestRoom1/3/PC/F6HW673D042LQGQLUCKVEL.uasset" 9047
"/Game/__ExternalActors__/LevelPrototyping/Levels/DevRooms/TestRoom1/3/PF/FGLPZFWWMLSWG9DTH8FW0I" 9048
"../../../../CreationLayer/ZombieRepo/Content/__ExternalActors__/LevelPrototyping/Levels/DevRooms/TestRoom1/3/PF/FGLPZFWWMLSWG9DTH8FW0I.uasset" 9049
"/Game/__ExternalActors__/LevelPrototyping/Levels/DevRooms/TestRoom1/3/Q4/REXLVTM5RMVHC2JMM6WY2I" 9050
"../../../../CreationLayer/ZombieRepo/Content/__ExternalActors__/LevelPrototyping/Levels/DevRooms/TestRoom1/3/Q4/REXLVTM5RMVHC2JMM6WY2I.uasset" 9051
"/Game/__ExternalActors__/LevelPrototyping/Levels/DevRooms/TestRoom1/3/QM/7ABEF1KO1JYGXXWS7QJO6H" 9052
"../../../../CreationLayer/ZombieRepo/Content/__ExternalActors__/LevelPrototyping/Levels/DevRooms/TestRoom1/3/QM/7ABEF1KO1JYGXXWS7QJO6H.uasset" 9053
"/Game/__ExternalActors__/LevelPrototyping/Levels/DevRooms/TestRoom1/3/RD/OTH1Y99U3ODP83KH0SZ41F" 9054
"../../../../CreationLayer/ZombieRepo/Content/__ExternalActors__/LevelPrototyping/Levels/DevRooms/TestRoom1/3/RD/OTH1Y99U3ODP83KH0SZ41F.uasset" 9055
"/Game/__ExternalActors__/LevelPrototyping/Levels/DevRooms/TestRoom1/3/T0/CN7DEEEG6QFC9S9KRY5C1U" 9056
"../../../../CreationLayer/ZombieRepo/Content/__ExternalActors__/LevelPrototyping/Levels/DevRooms/TestRoom1/3/T0/CN7DEEEG6QFC9S9KRY5C1U.uasset" 9057
"/Game/__ExternalActors__/LevelPrototyping/Levels/DevRooms/TestRoom1/3/UK/XWDF0W9UNZ8H9VG8NLSYRI" 9058
"../../../../CreationLayer/ZombieRepo/Content/__ExternalActors__/LevelPrototyping/Levels/DevRooms/TestRoom1/3/UK/XWDF0W9UNZ8H9VG8NLSYRI.uasset" 9059
"/Game/__ExternalActors__/LevelPrototyping/Levels/DevRooms/TestRoom1/3/VB/BEUQKQXT6TDOD3S01X6S0W" 9060
"../../../../CreationLayer/ZombieRepo/Content/__ExternalActors__/LevelPrototyping/Levels/DevRooms/TestRoom1/3/VB/BEUQKQXT6TDOD3S01X6S0W.uasset" 9061
"/Game/__ExternalActors__/LevelPrototyping/Levels/DevRooms/TestRoom1/3/VU/34IGVHSZW6MDWJ354SJ3ZX" 9062
"../../../../CreationLayer/ZombieRepo/Content/__ExternalActors__/LevelPrototyping/Levels/DevRooms/TestRoom1/3/VU/34IGVHSZW6MDWJ354SJ3ZX.uasset" 9063
"/Game/__ExternalActors__/LevelPrototyping/Levels/DevRooms/TestRoom1/3/ZD/WWC5BS502HPXUL76GBFP8T" 9064
"../../../../CreationLayer/ZombieRepo/Content/__ExternalActors__/LevelPrototyping/Levels/DevRooms/TestRoom1/3/ZD/WWC5BS502HPXUL76GBFP8T.uasset" 9065
"/Game/__ExternalActors__/LevelPrototyping/Levels/DevRooms/TestRoom1/4/05/2OBIQFYEKQY8FLAJSGZC9V" 9066
"../../../../CreationLayer/ZombieRepo/Content/__ExternalActors__/LevelPrototyping/Levels/DevRooms/TestRoom1/4/05/2OBIQFYEKQY8FLAJSGZC9V.uasset" 9067
"/Game/__ExternalActors__/LevelPrototyping/Levels/DevRooms/TestRoom1/4/3W/FOO2F44UAQL6VOVXK6N4PP" 9068
"../../../../CreationLayer/ZombieRepo/Content/__ExternalActors__/LevelPrototyping/Levels/DevRooms/TestRoom1/4/3W/FOO2F44UAQL6VOVXK6N4PP.uasset" 9069
"/Game/__ExternalActors__/LevelPrototyping/Levels/DevRooms/TestRoom1/4/7L/T7BDMESD20NJU431J6KM0U" 9070
"../../../../CreationLayer/ZombieRepo/Content/__ExternalActors__/LevelPrototyping/Levels/DevRooms/TestRoom1/4/7L/T7BDMESD20NJU431J6KM0U.uasset" 9071
"/Game/__ExternalActors__/LevelPrototyping/Levels/DevRooms/TestRoom1/4/9P/XEWR5XL3TBQFTF6HPDSUSL" 9072
"../../../../CreationLayer/ZombieRepo/Content/__ExternalActors__/LevelPrototyping/Levels/DevRooms/TestRoom1/4/9P/XEWR5XL3TBQFTF6HPDSUSL.uasset" 9073
"/Game/__ExternalActors__/LevelPrototyping/Levels/DevRooms/TestRoom1/4/AY/SXE248UU2EZIUEIZQC3OYE" 9074
"../../../../CreationLayer/ZombieRepo/Content/__ExternalActors__/LevelPrototyping/Levels/DevRooms/TestRoom1/4/AY/SXE248UU2EZIUEIZQC3OYE.uasset" 9075
"/Game/__ExternalActors__/LevelPrototyping/Levels/DevRooms/TestRoom1/4/DN/VRDEXXO2FDEUBYTAM6OMT6" 9076
"../../../../CreationLayer/ZombieRepo/Content/__ExternalActors__/LevelPrototyping/Levels/DevRooms/TestRoom1/4/DN/VRDEXXO2FDEUBYTAM6OMT6.uasset" 9077
"/Game/__ExternalActors__/LevelPrototyping/Levels/DevRooms/TestRoom1/4/EJ/VQBVBDKQ0JCEHG4F92I32J" 9078
"../../../../CreationLayer/ZombieRepo/Content/__ExternalActors__/LevelPrototyping/Levels/DevRooms/TestRoom1/4/EJ/VQBVBDKQ0JCEHG4F92I32J.uasset" 9079
"/Game/__ExternalActors__/LevelPrototyping/Levels/DevRooms/TestRoom1/4/EX/Q003NJMZPHYNXXTZ1K4CLN" 9080
"../../../../CreationLayer/ZombieRepo/Content/__ExternalActors__/LevelPrototyping/Levels/DevRooms/TestRoom1/4/EX/Q003NJMZPHYNXXTZ1K4CLN.uasset" 9081
"/Game/__ExternalActors__/LevelPrototyping/Levels/DevRooms/TestRoom1/4/H9/XCQ5HNRN39ZY7QASEKTE1A" 9082
"../../../../CreationLayer/ZombieRepo/Content/__ExternalActors__/LevelPrototyping/Levels/DevRooms/TestRoom1/4/H9/XCQ5HNRN39ZY7QASEKTE1A.uasset" 9083
"/Game/__ExternalActors__/LevelPrototyping/Levels/DevRooms/TestRoom1/4/IL/29LZNL56T32FE77R67IPQ0" 9084
"../../../../CreationLayer/ZombieRepo/Content/__ExternalActors__/LevelPrototyping/Levels/DevRooms/TestRoom1/4/IL/29LZNL56T32FE77R67IPQ0.uasset" 9085
"/Game/__ExternalActors__/LevelPrototyping/Levels/DevRooms/TestRoom1/4/KZ/SD3L6OCR2PREJNCGUEJXJI" 9086
"../../../../CreationLayer/ZombieRepo/Content/__ExternalActors__/LevelPrototyping/Levels/DevRooms/TestRoom1/4/KZ/SD3L6OCR2PREJNCGUEJXJI.uasset" 9087
"/Game/__ExternalActors__/LevelPrototyping/Levels/DevRooms/TestRoom1/4/MF/VUIK421LA25D3S6TYOU857" 9088
"../../../../CreationLayer/ZombieRepo/Content/__ExternalActors__/LevelPrototyping/Levels/DevRooms/TestRoom1/4/MF/VUIK421LA25D3S6TYOU857.uasset" 9089
"/Game/__ExternalActors__/LevelPrototyping/Levels/DevRooms/TestRoom1/4/O2/KND51D8SYYOCUACNXPG3BM" 9090
"../../../../CreationLayer/ZombieRepo/Content/__ExternalActors__/LevelPrototyping/Levels/DevRooms/TestRoom1/4/O2/KND51D8SYYOCUACNXPG3BM.uasset" 9091
"/Game/__ExternalActors__/LevelPrototyping/Levels/DevRooms/TestRoom1/4/QS/7G1Y8WJZHKQGLQEP8CEL3W" 9092
"../../../../CreationLayer/ZombieRepo/Content/__ExternalActors__/LevelPrototyping/Levels/DevRooms/TestRoom1/4/QS/7G1Y8WJZHKQGLQEP8CEL3W.uasset" 9093
"/Game/__ExternalActors__/LevelPrototyping/Levels/DevRooms/TestRoom1/4/SG/533P5Q8WNCD1G4NT2EC69Z" 9094
"../../../../CreationLayer/ZombieRepo/Content/__ExternalActors__/LevelPrototyping/Levels/DevRooms/TestRoom1/4/SG/533P5Q8WNCD1G4NT2EC69Z.uasset" 9095
"/Game/__ExternalActors__/LevelPrototyping/Levels/DevRooms/TestRoom1/4/SV/QOK3YPUV7N9JFI28QE1RVW" 9096
"../../../../CreationLayer/ZombieRepo/Content/__ExternalActors__/LevelPrototyping/Levels/DevRooms/TestRoom1/4/SV/QOK3YPUV7N9JFI28QE1RVW.uasset" 9097
"/Game/__ExternalActors__/LevelPrototyping/Levels/DevRooms/TestRoom1/4/U8/EZYHMHOCQDKCI87MGD3QPK" 9098
"../../../../CreationLayer/ZombieRepo/Content/__ExternalActors__/LevelPrototyping/Levels/DevRooms/TestRoom1/4/U8/EZYHMHOCQDKCI87MGD3QPK.uasset" 9099
"/Game/__ExternalActors__/LevelPrototyping/Levels/DevRooms/TestRoom1/4/UP/BSRCXSK17H3GRG3T35E5VG" 9100
"../../../../CreationLayer/ZombieRepo/Content/__ExternalActors__/LevelPrototyping/Levels/DevRooms/TestRoom1/4/UP/BSRCXSK17H3GRG3T35E5VG.uasset" 9101
"/Game/__ExternalActors__/LevelPrototyping/Levels/DevRooms/TestRoom1/4/VN/5RCXNK8YNGCVUTSYZ7VXEY" 9102
"../../../../CreationLayer/ZombieRepo/Content/__ExternalActors__/LevelPrototyping/Levels/DevRooms/TestRoom1/4/VN/5RCXNK8YNGCVUTSYZ7VXEY.uasset" 9103
"/Game/__ExternalActors__/LevelPrototyping/Levels/DevRooms/TestRoom1/5/3F/V2XT73BXZVNIOMIKPJ33TK" 9104
"../../../../CreationLayer/ZombieRepo/Content/__ExternalActors__/LevelPrototyping/Levels/DevRooms/TestRoom1/5/3F/V2XT73BXZVNIOMIKPJ33TK.uasset" 9105
"/Game/__ExternalActors__/LevelPrototyping/Levels/DevRooms/TestRoom1/5/4A/YMYMW9SZ7DAWVEH0DQVSPQ" 9106
"../../../../CreationLayer/ZombieRepo/Content/__ExternalActors__/LevelPrototyping/Levels/DevRooms/TestRoom1/5/4A/YMYMW9SZ7DAWVEH0DQVSPQ.uasset" 9107
"/Game/__ExternalActors__/LevelPrototyping/Levels/DevRooms/TestRoom1/5/4B/ZMO2RL0HNC9NUFU6KQE3TO" 9108
"../../../../CreationLayer/ZombieRepo/Content/__ExternalActors__/LevelPrototyping/Levels/DevRooms/TestRoom1/5/4B/ZMO2RL0HNC9NUFU6KQE3TO.uasset" 9109
"/Game/__ExternalActors__/LevelPrototyping/Levels/DevRooms/TestRoom1/5/4T/025N7HP23KAF43BJRSE4JU" 9110
"../../../../CreationLayer/ZombieRepo/Content/__ExternalActors__/LevelPrototyping/Levels/DevRooms/TestRoom1/5/4T/025N7HP23KAF43BJRSE4JU.uasset" 9111
"/Game/__ExternalActors__/LevelPrototyping/Levels/DevRooms/TestRoom1/5/78/CUEOFD0EPO6JMSLHOADROU" 9112
"../../../../CreationLayer/ZombieRepo/Content/__ExternalActors__/LevelPrototyping/Levels/DevRooms/TestRoom1/5/78/CUEOFD0EPO6JMSLHOADROU.uasset" 9113
"/Game/__ExternalActors__/LevelPrototyping/Levels/DevRooms/TestRoom1/5/7A/6H2WAP36JNCIWCC0Y0T003" 9114
"../../../../CreationLayer/ZombieRepo/Content/__ExternalActors__/LevelPrototyping/Levels/DevRooms/TestRoom1/5/7A/6H2WAP36JNCIWCC0Y0T003.uasset" 9115
"/Game/__ExternalActors__/LevelPrototyping/Levels/DevRooms/TestRoom1/5/7W/H8C389ZQLR96BDAZBDPXA5" 9116
"../../../../CreationLayer/ZombieRepo/Content/__ExternalActors__/LevelPrototyping/Levels/DevRooms/TestRoom1/5/7W/H8C389ZQLR96BDAZBDPXA5.uasset" 9117
"/Game/__ExternalActors__/LevelPrototyping/Levels/DevRooms/TestRoom1/5/AE/5AQNRE4EPWPLUNE5FIMYI0" 9118
"../../../../CreationLayer/ZombieRepo/Content/__ExternalActors__/LevelPrototyping/Levels/DevRooms/TestRoom1/5/AE/5AQNRE4EPWPLUNE5FIMYI0.uasset" 9119
"/Game/__ExternalActors__/LevelPrototyping/Levels/DevRooms/TestRoom1/5/AS/LLBSF1683YWUASOJP02F7D" 9120
"../../../../CreationLayer/ZombieRepo/Content/__ExternalActors__/LevelPrototyping/Levels/DevRooms/TestRoom1/5/AS/LLBSF1683YWUASOJP02F7D.uasset" 9121
"/Game/__ExternalActors__/LevelPrototyping/Levels/DevRooms/TestRoom1/5/BY/GTGT55DC6Z02VGR9HG97SH" 9122
"../../../../CreationLayer/ZombieRepo/Content/__ExternalActors__/LevelPrototyping/Levels/DevRooms/TestRoom1/5/BY/GTGT55DC6Z02VGR9HG97SH.uasset" 9123
"/Game/__ExternalActors__/LevelPrototyping/Levels/DevRooms/TestRoom1/5/DV/5DDJSZMB2Q6OH92LAJWA25" 9124
"../../../../CreationLayer/ZombieRepo/Content/__ExternalActors__/LevelPrototyping/Levels/DevRooms/TestRoom1/5/DV/5DDJSZMB2Q6OH92LAJWA25.uasset" 9125
"/Game/__ExternalActors__/LevelPrototyping/Levels/DevRooms/TestRoom1/5/EC/NDW0KW0KA04QRCFUUIK6ZG" 9126
"../../../../CreationLayer/ZombieRepo/Content/__ExternalActors__/LevelPrototyping/Levels/DevRooms/TestRoom1/5/EC/NDW0KW0KA04QRCFUUIK6ZG.uasset" 9127
"/Game/__ExternalActors__/LevelPrototyping/Levels/DevRooms/TestRoom1/5/G1/JL4HMY7X2KDPBK4LROEBOE" 9128
"../../../../CreationLayer/ZombieRepo/Content/__ExternalActors__/LevelPrototyping/Levels/DevRooms/TestRoom1/5/G1/JL4HMY7X2KDPBK4LROEBOE.uasset" 9129
"/Game/__ExternalActors__/LevelPrototyping/Levels/DevRooms/TestRoom1/5/GP/QVN10SYCJ8RXYPOUOHYA6R" 9130
"../../../../CreationLayer/ZombieRepo/Content/__ExternalActors__/LevelPrototyping/Levels/DevRooms/TestRoom1/5/GP/QVN10SYCJ8RXYPOUOHYA6R.uasset" 9131
"/Game/__ExternalActors__/LevelPrototyping/Levels/DevRooms/TestRoom1/5/LN/ZTZYSDXC4HJQRWI761E1FN" 9132
"../../../../CreationLayer/ZombieRepo/Content/__ExternalActors__/LevelPrototyping/Levels/DevRooms/TestRoom1/5/LN/ZTZYSDXC4HJQRWI761E1FN.uasset" 9133
"/Game/__ExternalActors__/LevelPrototyping/Levels/DevRooms/TestRoom1/5/NJ/GDYHO0HR8KEZO50EYXK6HA" 9134
"../../../../CreationLayer/ZombieRepo/Content/__ExternalActors__/LevelPrototyping/Levels/DevRooms/TestRoom1/5/NJ/GDYHO0HR8KEZO50EYXK6HA.uasset" 9135
"/Game/__ExternalActors__/LevelPrototyping/Levels/DevRooms/TestRoom1/5/QV/4GBBGFH4VNBSCV6H5P2K6Q" 9136
"../../../../CreationLayer/ZombieRepo/Content/__ExternalActors__/LevelPrototyping/Levels/DevRooms/TestRoom1/5/QV/4GBBGFH4VNBSCV6H5P2K6Q.uasset" 9137
"/Game/__ExternalActors__/LevelPrototyping/Levels/DevRooms/TestRoom1/5/VG/MFWHR1E280JCZCIXXA8EX9" 9138
"../../../../CreationLayer/ZombieRepo/Content/__ExternalActors__/LevelPrototyping/Levels/DevRooms/TestRoom1/5/VG/MFWHR1E280JCZCIXXA8EX9.uasset" 9139
"/Game/__ExternalActors__/LevelPrototyping/Levels/DevRooms/TestRoom1/5/WI/2I19LVKXVZ20YHR8MLWF16" 9140
"../../../../CreationLayer/ZombieRepo/Content/__ExternalActors__/LevelPrototyping/Levels/DevRooms/TestRoom1/5/WI/2I19LVKXVZ20YHR8MLWF16.uasset" 9141
"/Game/__ExternalActors__/LevelPrototyping/Levels/DevRooms/TestRoom1/5/YV/QYI7D2AQ2E3EHFXUPAKF2W" 9142
"../../../../CreationLayer/ZombieRepo/Content/__ExternalActors__/LevelPrototyping/Levels/DevRooms/TestRoom1/5/YV/QYI7D2AQ2E3EHFXUPAKF2W.uasset" 9143
"/Game/__ExternalActors__/LevelPrototyping/Levels/DevRooms/TestRoom1/6/7C/YA0PKKW2Q6T0JN4LWHASX8" 9144
"../../../../CreationLayer/ZombieRepo/Content/__ExternalActors__/LevelPrototyping/Levels/DevRooms/TestRoom1/6/7C/YA0PKKW2Q6T0JN4LWHASX8.uasset" 9145
"/Game/__ExternalActors__/LevelPrototyping/Levels/DevRooms/TestRoom1/6/8J/C578LQMHZO0QFZ0S4Q9VWL" 9146
"../../../../CreationLayer/ZombieRepo/Content/__ExternalActors__/LevelPrototyping/Levels/DevRooms/TestRoom1/6/8J/C578LQMHZO0QFZ0S4Q9VWL.uasset" 9147
"/Game/__ExternalActors__/LevelPrototyping/Levels/DevRooms/TestRoom1/6/B2/BH3BFQ9B8ZOHVJFRBOG8YG" 9148
"../../../../CreationLayer/ZombieRepo/Content/__ExternalActors__/LevelPrototyping/Levels/DevRooms/TestRoom1/6/B2/BH3BFQ9B8ZOHVJFRBOG8YG.uasset" 9149
"/Game/__ExternalActors__/LevelPrototyping/Levels/DevRooms/TestRoom1/6/B7/JL82U4VQR4MYRSRZ0GJ37N" 9150
"../../../../CreationLayer/ZombieRepo/Content/__ExternalActors__/LevelPrototyping/Levels/DevRooms/TestRoom1/6/B7/JL82U4VQR4MYRSRZ0GJ37N.uasset" 9151
"/Game/__ExternalActors__/LevelPrototyping/Levels/DevRooms/TestRoom1/6/DV/OI13MAFZN634IXN24C90GO" 9152
"../../../../CreationLayer/ZombieRepo/Content/__ExternalActors__/LevelPrototyping/Levels/DevRooms/TestRoom1/6/DV/OI13MAFZN634IXN24C90GO.uasset" 9153
"/Game/__ExternalActors__/LevelPrototyping/Levels/DevRooms/TestRoom1/6/JH/3VVUAPO6OFR69OMU7HF4SB" 9154
"../../../../CreationLayer/ZombieRepo/Content/__ExternalActors__/LevelPrototyping/Levels/DevRooms/TestRoom1/6/JH/3VVUAPO6OFR69OMU7HF4SB.uasset" 9155
"/Game/__ExternalActors__/LevelPrototyping/Levels/DevRooms/TestRoom1/6/KQ/NHJDOKDGSZBXCAYORSIHT4" 9156
"../../../../CreationLayer/ZombieRepo/Content/__ExternalActors__/LevelPrototyping/Levels/DevRooms/TestRoom1/6/KQ/NHJDOKDGSZBXCAYORSIHT4.uasset" 9157
"/Game/__ExternalActors__/LevelPrototyping/Levels/DevRooms/TestRoom1/6/MH/FLYWQKPL05OTYOAZZ0V43N" 9158
"../../../../CreationLayer/ZombieRepo/Content/__ExternalActors__/LevelPrototyping/Levels/DevRooms/TestRoom1/6/MH/FLYWQKPL05OTYOAZZ0V43N.uasset" 9159
"/Game/__ExternalActors__/LevelPrototyping/Levels/DevRooms/TestRoom1/6/P8/4085Z32ZPZKR9Z6JDSFUDP" 9160
"../../../../CreationLayer/ZombieRepo/Content/__ExternalActors__/LevelPrototyping/Levels/DevRooms/TestRoom1/6/P8/4085Z32ZPZKR9Z6JDSFUDP.uasset" 9161
"/Game/__ExternalActors__/LevelPrototyping/Levels/DevRooms/TestRoom1/6/PT/9U3RN8HG0BKOZWP13M0H4Q" 9162
"../../../../CreationLayer/ZombieRepo/Content/__ExternalActors__/LevelPrototyping/Levels/DevRooms/TestRoom1/6/PT/9U3RN8HG0BKOZWP13M0H4Q.uasset" 9163
"/Game/__ExternalActors__/LevelPrototyping/Levels/DevRooms/TestRoom1/6/PZ/R7GVJ36JBIXXL9BR8MLMGE" 9164
"../../../../CreationLayer/ZombieRepo/Content/__ExternalActors__/LevelPrototyping/Levels/DevRooms/TestRoom1/6/PZ/R7GVJ36JBIXXL9BR8MLMGE.uasset" 9165
"/Game/__ExternalActors__/LevelPrototyping/Levels/DevRooms/TestRoom1/6/RY/Z04TN27W4018RYKPXOAF24" 9166
"../../../../CreationLayer/ZombieRepo/Content/__ExternalActors__/LevelPrototyping/Levels/DevRooms/TestRoom1/6/RY/Z04TN27W4018RYKPXOAF24.uasset" 9167
"/Game/__ExternalActors__/LevelPrototyping/Levels/DevRooms/TestRoom1/6/TU/MY7IY21PCLFQBW05M4BFHM" 9168
"../../../../CreationLayer/ZombieRepo/Content/__ExternalActors__/LevelPrototyping/Levels/DevRooms/TestRoom1/6/TU/MY7IY21PCLFQBW05M4BFHM.uasset" 9169
"/Game/__ExternalActors__/LevelPrototyping/Levels/DevRooms/TestRoom1/6/ZT/58YMJ1CXSJ3FXMFIM2U3AB" 9170
"../../../../CreationLayer/ZombieRepo/Content/__ExternalActors__/LevelPrototyping/Levels/DevRooms/TestRoom1/6/ZT/58YMJ1CXSJ3FXMFIM2U3AB.uasset" 9171
"/Game/__ExternalActors__/LevelPrototyping/Levels/DevRooms/TestRoom1/7/0W/YPA8F0PRS5NPUOGY2UZ12J" 9172
"../../../../CreationLayer/ZombieRepo/Content/__ExternalActors__/LevelPrototyping/Levels/DevRooms/TestRoom1/7/0W/YPA8F0PRS5NPUOGY2UZ12J.uasset" 9173
"/Game/__ExternalActors__/LevelPrototyping/Levels/DevRooms/TestRoom1/7/14/MB6VK1RA95AWG78IEFZZDG" 9174
"../../../../CreationLayer/ZombieRepo/Content/__ExternalActors__/LevelPrototyping/Levels/DevRooms/TestRoom1/7/14/MB6VK1RA95AWG78IEFZZDG.uasset" 9175
"/Game/__ExternalActors__/LevelPrototyping/Levels/DevRooms/TestRoom1/7/2T/Y42GVTHQKK5NP5LUS50JZI" 9176
"../../../../CreationLayer/ZombieRepo/Content/__ExternalActors__/LevelPrototyping/Levels/DevRooms/TestRoom1/7/2T/Y42GVTHQKK5NP5LUS50JZI.uasset" 9177
"/Game/__ExternalActors__/LevelPrototyping/Levels/DevRooms/TestRoom1/7/2Z/9FA683W1BUXSM9AOSQOAT0" 9178
"../../../../CreationLayer/ZombieRepo/Content/__ExternalActors__/LevelPrototyping/Levels/DevRooms/TestRoom1/7/2Z/9FA683W1BUXSM9AOSQOAT0.uasset" 9179
"/Game/__ExternalActors__/LevelPrototyping/Levels/DevRooms/TestRoom1/7/3K/EQ245M663Y3NHWLDEGNOK4" 9180
"../../../../CreationLayer/ZombieRepo/Content/__ExternalActors__/LevelPrototyping/Levels/DevRooms/TestRoom1/7/3K/EQ245M663Y3NHWLDEGNOK4.uasset" 9181
"/Game/__ExternalActors__/LevelPrototyping/Levels/DevRooms/TestRoom1/7/3O/0G51EDEY1JHV6PKU5J1RDM" 9182
"../../../../CreationLayer/ZombieRepo/Content/__ExternalActors__/LevelPrototyping/Levels/DevRooms/TestRoom1/7/3O/0G51EDEY1JHV6PKU5J1RDM.uasset" 9183
"/Game/__ExternalActors__/LevelPrototyping/Levels/DevRooms/TestRoom1/7/4G/UZLQY4IDC2Y6NGPH5WKCX6" 9184
"../../../../CreationLayer/ZombieRepo/Content/__ExternalActors__/LevelPrototyping/Levels/DevRooms/TestRoom1/7/4G/UZLQY4IDC2Y6NGPH5WKCX6.uasset" 9185
"/Game/__ExternalActors__/LevelPrototyping/Levels/DevRooms/TestRoom1/7/5U/EZB4ISY5FB2UUZWWLX8W65" 9186
"../../../../CreationLayer/ZombieRepo/Content/__ExternalActors__/LevelPrototyping/Levels/DevRooms/TestRoom1/7/5U/EZB4ISY5FB2UUZWWLX8W65.uasset" 9187
"/Game/__ExternalActors__/LevelPrototyping/Levels/DevRooms/TestRoom1/7/71/1A4WAMNQJG850OY2TLCK7B" 9188
"../../../../CreationLayer/ZombieRepo/Content/__ExternalActors__/LevelPrototyping/Levels/DevRooms/TestRoom1/7/71/1A4WAMNQJG850OY2TLCK7B.uasset" 9189
"/Game/__ExternalActors__/LevelPrototyping/Levels/DevRooms/TestRoom1/7/7U/FHFBWB7PZ1S4VJE8TVZEH5" 9190
"../../../../CreationLayer/ZombieRepo/Content/__ExternalActors__/LevelPrototyping/Levels/DevRooms/TestRoom1/7/7U/FHFBWB7PZ1S4VJE8TVZEH5.uasset" 9191
"/Game/__ExternalActors__/LevelPrototyping/Levels/DevRooms/TestRoom1/7/7X/AFDCBAFBS0U0ZT90O00BXR" 9192
"../../../../CreationLayer/ZombieRepo/Content/__ExternalActors__/LevelPrototyping/Levels/DevRooms/TestRoom1/7/7X/AFDCBAFBS0U0ZT90O00BXR.uasset" 9193
"/Game/__ExternalActors__/LevelPrototyping/Levels/DevRooms/TestRoom1/7/C1/Y2U9WBYLW9MB90XRODUBU5" 9194
"../../../../CreationLayer/ZombieRepo/Content/__ExternalActors__/LevelPrototyping/Levels/DevRooms/TestRoom1/7/C1/Y2U9WBYLW9MB90XRODUBU5.uasset" 9195
"/Game/__ExternalActors__/LevelPrototyping/Levels/DevRooms/TestRoom1/7/CB/8XPI6XATH15BBVXNFMO21A" 9196
"../../../../CreationLayer/ZombieRepo/Content/__ExternalActors__/LevelPrototyping/Levels/DevRooms/TestRoom1/7/CB/8XPI6XATH15BBVXNFMO21A.uasset" 9197
"/Game/__ExternalActors__/LevelPrototyping/Levels/DevRooms/TestRoom1/7/EP/P3BUDUYNKQ6PNNWL671TF1" 9198
"../../../../CreationLayer/ZombieRepo/Content/__ExternalActors__/LevelPrototyping/Levels/DevRooms/TestRoom1/7/EP/P3BUDUYNKQ6PNNWL671TF1.uasset" 9199
"/Game/__ExternalActors__/LevelPrototyping/Levels/DevRooms/TestRoom1/7/IQ/UEA0LUTZA7NXZ6Q386V6KZ" 9200
"../../../../CreationLayer/ZombieRepo/Content/__ExternalActors__/LevelPrototyping/Levels/DevRooms/TestRoom1/7/IQ/UEA0LUTZA7NXZ6Q386V6KZ.uasset" 9201
"/Game/__ExternalActors__/LevelPrototyping/Levels/DevRooms/TestRoom1/7/JE/IAEV6PJQWS8N7K95216SSA" 9202
"../../../../CreationLayer/ZombieRepo/Content/__ExternalActors__/LevelPrototyping/Levels/DevRooms/TestRoom1/7/JE/IAEV6PJQWS8N7K95216SSA.uasset" 9203
"/Game/__ExternalActors__/LevelPrototyping/Levels/DevRooms/TestRoom1/7/K9/QNMHQHUWMRLYLTZHN58HZM" 9204
"../../../../CreationLayer/ZombieRepo/Content/__ExternalActors__/LevelPrototyping/Levels/DevRooms/TestRoom1/7/K9/QNMHQHUWMRLYLTZHN58HZM.uasset" 9205
"/Game/__ExternalActors__/LevelPrototyping/Levels/DevRooms/TestRoom1/7/KM/LCIQUYNECGQS3YPQMRCJ55" 9206
"../../../../CreationLayer/ZombieRepo/Content/__ExternalActors__/LevelPrototyping/Levels/DevRooms/TestRoom1/7/KM/LCIQUYNECGQS3YPQMRCJ55.uasset" 9207
"/Game/__ExternalActors__/LevelPrototyping/Levels/DevRooms/TestRoom1/7/MB/7OPP27W2W3ZGJTBBZ02084" 9208
"../../../../CreationLayer/ZombieRepo/Content/__ExternalActors__/LevelPrototyping/Levels/DevRooms/TestRoom1/7/MB/7OPP27W2W3ZGJTBBZ02084.uasset" 9209
"/Game/__ExternalActors__/LevelPrototyping/Levels/DevRooms/TestRoom1/7/MD/32NWB9FFX9YFKF9CMXN38G" 9210
"../../../../CreationLayer/ZombieRepo/Content/__ExternalActors__/LevelPrototyping/Levels/DevRooms/TestRoom1/7/MD/32NWB9FFX9YFKF9CMXN38G.uasset" 9211
"/Game/__ExternalActors__/LevelPrototyping/Levels/DevRooms/TestRoom1/7/QA/9E93Y8ZG5TVY850GFJM2GZ" 9212
"../../../../CreationLayer/ZombieRepo/Content/__ExternalActors__/LevelPrototyping/Levels/DevRooms/TestRoom1/7/QA/9E93Y8ZG5TVY850GFJM2GZ.uasset" 9213
"/Game/__ExternalActors__/LevelPrototyping/Levels/DevRooms/TestRoom1/7/SU/EMCSFQNH8IXCRPVANG7NJX" 9214
"../../../../CreationLayer/ZombieRepo/Content/__ExternalActors__/LevelPrototyping/Levels/DevRooms/TestRoom1/7/SU/EMCSFQNH8IXCRPVANG7NJX.uasset" 9215
"/Game/__ExternalActors__/LevelPrototyping/Levels/DevRooms/TestRoom1/7/SY/O9BKU34IAKQX2A20C8211I" 9216
"../../../../CreationLayer/ZombieRepo/Content/__ExternalActors__/LevelPrototyping/Levels/DevRooms/TestRoom1/7/SY/O9BKU34IAKQX2A20C8211I.uasset" 9217
"/Game/__ExternalActors__/LevelPrototyping/Levels/DevRooms/TestRoom1/7/U7/GCVD3ZVS7I15E77QNNCCAD" 9218
"../../../../CreationLayer/ZombieRepo/Content/__ExternalActors__/LevelPrototyping/Levels/DevRooms/TestRoom1/7/U7/GCVD3ZVS7I15E77QNNCCAD.uasset" 9219
"/Game/__ExternalActors__/LevelPrototyping/Levels/DevRooms/TestRoom1/7/W5/9AFOOMSF7IV9TILUSM8GIM" 9220
"../../../../CreationLayer/ZombieRepo/Content/__ExternalActors__/LevelPrototyping/Levels/DevRooms/TestRoom1/7/W5/9AFOOMSF7IV9TILUSM8GIM.uasset" 9221
"/Game/__ExternalActors__/LevelPrototyping/Levels/DevRooms/TestRoom1/8/3A/5Q7LZJH0QO3ZAIWCUR9Q2F" 9222
"../../../../CreationLayer/ZombieRepo/Content/__ExternalActors__/LevelPrototyping/Levels/DevRooms/TestRoom1/8/3A/5Q7LZJH0QO3ZAIWCUR9Q2F.uasset" 9223
"/Game/__ExternalActors__/LevelPrototyping/Levels/DevRooms/TestRoom1/8/61/5XZOUMGZWM3TEOOD7QORI6" 9224
"../../../../CreationLayer/ZombieRepo/Content/__ExternalActors__/LevelPrototyping/Levels/DevRooms/TestRoom1/8/61/5XZOUMGZWM3TEOOD7QORI6.uasset" 9225
"/Game/__ExternalActors__/LevelPrototyping/Levels/DevRooms/TestRoom1/8/BK/46XDYGFVADF64LC8OEX7B4" 9226
"../../../../CreationLayer/ZombieRepo/Content/__ExternalActors__/LevelPrototyping/Levels/DevRooms/TestRoom1/8/BK/46XDYGFVADF64LC8OEX7B4.uasset" 9227
"/Game/__ExternalActors__/LevelPrototyping/Levels/DevRooms/TestRoom1/8/BL/LML920RBZ2LM5FY0LULTZF" 9228
"../../../../CreationLayer/ZombieRepo/Content/__ExternalActors__/LevelPrototyping/Levels/DevRooms/TestRoom1/8/BL/LML920RBZ2LM5FY0LULTZF.uasset" 9229
"/Game/__ExternalActors__/LevelPrototyping/Levels/DevRooms/TestRoom1/8/BP/DVC60J16GND4GV2YJ5GD14" 9230
"../../../../CreationLayer/ZombieRepo/Content/__ExternalActors__/LevelPrototyping/Levels/DevRooms/TestRoom1/8/BP/DVC60J16GND4GV2YJ5GD14.uasset" 9231
"/Game/__ExternalActors__/LevelPrototyping/Levels/DevRooms/TestRoom1/8/C9/AIVBRLNJVZ9ROIYPY8PHWB" 9232
"../../../../CreationLayer/ZombieRepo/Content/__ExternalActors__/LevelPrototyping/Levels/DevRooms/TestRoom1/8/C9/AIVBRLNJVZ9ROIYPY8PHWB.uasset" 9233
"/Game/__ExternalActors__/LevelPrototyping/Levels/DevRooms/TestRoom1/8/CF/84T6IGNGBEKYJWJ5I8HXS2" 9234
"../../../../CreationLayer/ZombieRepo/Content/__ExternalActors__/LevelPrototyping/Levels/DevRooms/TestRoom1/8/CF/84T6IGNGBEKYJWJ5I8HXS2.uasset" 9235
"/Game/__ExternalActors__/LevelPrototyping/Levels/DevRooms/TestRoom1/8/CM/O6SY46VYZX7N8FFMCG2ITV" 9236
"../../../../CreationLayer/ZombieRepo/Content/__ExternalActors__/LevelPrototyping/Levels/DevRooms/TestRoom1/8/CM/O6SY46VYZX7N8FFMCG2ITV.uasset" 9237
"/Game/__ExternalActors__/LevelPrototyping/Levels/DevRooms/TestRoom1/8/KJ/1K4E8DVE78QQVKG7RELHPZ" 9238
"../../../../CreationLayer/ZombieRepo/Content/__ExternalActors__/LevelPrototyping/Levels/DevRooms/TestRoom1/8/KJ/1K4E8DVE78QQVKG7RELHPZ.uasset" 9239
"/Game/__ExternalActors__/LevelPrototyping/Levels/DevRooms/TestRoom1/8/N1/XKYOHLXH9DL5783N247VIN" 9240
"../../../../CreationLayer/ZombieRepo/Content/__ExternalActors__/LevelPrototyping/Levels/DevRooms/TestRoom1/8/N1/XKYOHLXH9DL5783N247VIN.uasset" 9241
"/Game/__ExternalActors__/LevelPrototyping/Levels/DevRooms/TestRoom1/8/PH/Q2DJQO7KX6LE27D0H6E210" 9242
"../../../../CreationLayer/ZombieRepo/Content/__ExternalActors__/LevelPrototyping/Levels/DevRooms/TestRoom1/8/PH/Q2DJQO7KX6LE27D0H6E210.uasset" 9243
"/Game/__ExternalActors__/LevelPrototyping/Levels/DevRooms/TestRoom1/8/PL/HOZ7CCIDG81WI7X1VPR1CM" 9244
"../../../../CreationLayer/ZombieRepo/Content/__ExternalActors__/LevelPrototyping/Levels/DevRooms/TestRoom1/8/PL/HOZ7CCIDG81WI7X1VPR1CM.uasset" 9245
"/Game/__ExternalActors__/LevelPrototyping/Levels/DevRooms/TestRoom1/8/PT/0ISO8L4LXVSZQZWE3IEKBE" 9246
"../../../../CreationLayer/ZombieRepo/Content/__ExternalActors__/LevelPrototyping/Levels/DevRooms/TestRoom1/8/PT/0ISO8L4LXVSZQZWE3IEKBE.uasset" 9247
"/Game/__ExternalActors__/LevelPrototyping/Levels/DevRooms/TestRoom1/8/Q5/T7ZZ5QEMY9KCQAB2AD3NPG" 9248
"../../../../CreationLayer/ZombieRepo/Content/__ExternalActors__/LevelPrototyping/Levels/DevRooms/TestRoom1/8/Q5/T7ZZ5QEMY9KCQAB2AD3NPG.uasset" 9249
"/Game/__ExternalActors__/LevelPrototyping/Levels/DevRooms/TestRoom1/8/RA/1TNEJ62UMMWNMBMTV0DCZD" 9250
"../../../../CreationLayer/ZombieRepo/Content/__ExternalActors__/LevelPrototyping/Levels/DevRooms/TestRoom1/8/RA/1TNEJ62UMMWNMBMTV0DCZD.uasset" 9251
"/Game/__ExternalActors__/LevelPrototyping/Levels/DevRooms/TestRoom1/8/S9/XIYEHW7DR10OMEJY5RUQCK" 9252
"../../../../CreationLayer/ZombieRepo/Content/__ExternalActors__/LevelPrototyping/Levels/DevRooms/TestRoom1/8/S9/XIYEHW7DR10OMEJY5RUQCK.uasset" 9253
"/Game/__ExternalActors__/LevelPrototyping/Levels/DevRooms/TestRoom1/8/T4/6109H6OLIJOJIF93NQJ1GC" 9254
"../../../../CreationLayer/ZombieRepo/Content/__ExternalActors__/LevelPrototyping/Levels/DevRooms/TestRoom1/8/T4/6109H6OLIJOJIF93NQJ1GC.uasset" 9255
"/Game/__ExternalActors__/LevelPrototyping/Levels/DevRooms/TestRoom1/8/UJ/1SBF79YGT9N33X7YAGL4TL" 9256
"../../../../CreationLayer/ZombieRepo/Content/__ExternalActors__/LevelPrototyping/Levels/DevRooms/TestRoom1/8/UJ/1SBF79YGT9N33X7YAGL4TL.uasset" 9257
"/Game/__ExternalActors__/LevelPrototyping/Levels/DevRooms/TestRoom1/8/VB/B71MJVQ0AP83KTS2ZE9JXF" 9258
"../../../../CreationLayer/ZombieRepo/Content/__ExternalActors__/LevelPrototyping/Levels/DevRooms/TestRoom1/8/VB/B71MJVQ0AP83KTS2ZE9JXF.uasset" 9259
"/Game/__ExternalActors__/LevelPrototyping/Levels/DevRooms/TestRoom1/9/2M/27KFY68JSFJ5RY92KNQL2E" 9260
"../../../../CreationLayer/ZombieRepo/Content/__ExternalActors__/LevelPrototyping/Levels/DevRooms/TestRoom1/9/2M/27KFY68JSFJ5RY92KNQL2E.uasset" 9261
"/Game/__ExternalActors__/LevelPrototyping/Levels/DevRooms/TestRoom1/9/79/7QARJ9VKI4TUICQF227YAF" 9262
"../../../../CreationLayer/ZombieRepo/Content/__ExternalActors__/LevelPrototyping/Levels/DevRooms/TestRoom1/9/79/7QARJ9VKI4TUICQF227YAF.uasset" 9263
"/Game/__ExternalActors__/LevelPrototyping/Levels/DevRooms/TestRoom1/9/9K/TV8YHDKV91UHARW8W1Y3Q2" 9264
"../../../../CreationLayer/ZombieRepo/Content/__ExternalActors__/LevelPrototyping/Levels/DevRooms/TestRoom1/9/9K/TV8YHDKV91UHARW8W1Y3Q2.uasset" 9265
"/Game/__ExternalActors__/LevelPrototyping/Levels/DevRooms/TestRoom1/9/CC/1C1J3JRUGV5IKW3RV6SDN9" 9266
"../../../../CreationLayer/ZombieRepo/Content/__ExternalActors__/LevelPrototyping/Levels/DevRooms/TestRoom1/9/CC/1C1J3JRUGV5IKW3RV6SDN9.uasset" 9267
"/Game/__ExternalActors__/LevelPrototyping/Levels/DevRooms/TestRoom1/9/E6/P733UDB7PD3NMZ3P1IVJKX" 9268
"../../../../CreationLayer/ZombieRepo/Content/__ExternalActors__/LevelPrototyping/Levels/DevRooms/TestRoom1/9/E6/P733UDB7PD3NMZ3P1IVJKX.uasset" 9269
"/Game/__ExternalActors__/LevelPrototyping/Levels/DevRooms/TestRoom1/9/EH/0QSZKHLMH217768J19LMGQ" 9270
"../../../../CreationLayer/ZombieRepo/Content/__ExternalActors__/LevelPrototyping/Levels/DevRooms/TestRoom1/9/EH/0QSZKHLMH217768J19LMGQ.uasset" 9271
"/Game/__ExternalActors__/LevelPrototyping/Levels/DevRooms/TestRoom1/9/F5/46BPZU6Y0QELPYJVROF26H" 9272
"../../../../CreationLayer/ZombieRepo/Content/__ExternalActors__/LevelPrototyping/Levels/DevRooms/TestRoom1/9/F5/46BPZU6Y0QELPYJVROF26H.uasset" 9273
"/Game/__ExternalActors__/LevelPrototyping/Levels/DevRooms/TestRoom1/9/HJ/99P8E08VOOE4KP9GKZM5A8" 9274
"../../../../CreationLayer/ZombieRepo/Content/__ExternalActors__/LevelPrototyping/Levels/DevRooms/TestRoom1/9/HJ/99P8E08VOOE4KP9GKZM5A8.uasset" 9275
"/Game/__ExternalActors__/LevelPrototyping/Levels/DevRooms/TestRoom1/9/JM/4J33PP3NY0XXBTJVYQR3XP" 9276
"../../../../CreationLayer/ZombieRepo/Content/__ExternalActors__/LevelPrototyping/Levels/DevRooms/TestRoom1/9/JM/4J33PP3NY0XXBTJVYQR3XP.uasset" 9277
"/Game/__ExternalActors__/LevelPrototyping/Levels/DevRooms/TestRoom1/9/JV/ZTH9HZFVTK06EZQKV1GJ9W" 9278
"../../../../CreationLayer/ZombieRepo/Content/__ExternalActors__/LevelPrototyping/Levels/DevRooms/TestRoom1/9/JV/ZTH9HZFVTK06EZQKV1GJ9W.uasset" 9279
"/Game/__ExternalActors__/LevelPrototyping/Levels/DevRooms/TestRoom1/9/KU/94KW51AU6WASIQWSQGYSL5" 9280
"../../../../CreationLayer/ZombieRepo/Content/__ExternalActors__/LevelPrototyping/Levels/DevRooms/TestRoom1/9/KU/94KW51AU6WASIQWSQGYSL5.uasset" 9281
"/Game/__ExternalActors__/LevelPrototyping/Levels/DevRooms/TestRoom1/9/N6/OZ71O28WOL77ZFHJFARS35" 9282
"../../../../CreationLayer/ZombieRepo/Content/__ExternalActors__/LevelPrototyping/Levels/DevRooms/TestRoom1/9/N6/OZ71O28WOL77ZFHJFARS35.uasset" 9283
"/Game/__ExternalActors__/LevelPrototyping/Levels/DevRooms/TestRoom1/9/OA/14F8Q5L1FHND4IECP6SJ0E" 9284
"../../../../CreationLayer/ZombieRepo/Content/__ExternalActors__/LevelPrototyping/Levels/DevRooms/TestRoom1/9/OA/14F8Q5L1FHND4IECP6SJ0E.uasset" 9285
"/Game/__ExternalActors__/LevelPrototyping/Levels/DevRooms/TestRoom1/9/OA/YFQOMZ2EO2S1ML3SK3TGMI" 9286
"../../../../CreationLayer/ZombieRepo/Content/__ExternalActors__/LevelPrototyping/Levels/DevRooms/TestRoom1/9/OA/YFQOMZ2EO2S1ML3SK3TGMI.uasset" 9287
"/Game/__ExternalActors__/LevelPrototyping/Levels/DevRooms/TestRoom1/9/PO/JHUWOBVXPJ03EQ1BEA7R2M" 9288
"../../../../CreationLayer/ZombieRepo/Content/__ExternalActors__/LevelPrototyping/Levels/DevRooms/TestRoom1/9/PO/JHUWOBVXPJ03EQ1BEA7R2M.uasset" 9289
"/Game/__ExternalActors__/LevelPrototyping/Levels/DevRooms/TestRoom1/9/QC/VEOE09UEJ3NCC1C77MUH3H" 9290
"../../../../CreationLayer/ZombieRepo/Content/__ExternalActors__/LevelPrototyping/Levels/DevRooms/TestRoom1/9/QC/VEOE09UEJ3NCC1C77MUH3H.uasset" 9291
"/Game/__ExternalActors__/LevelPrototyping/Levels/DevRooms/TestRoom1/9/R2/FTBR6ADM3O6UN1T15IAA6J" 9292
"../../../../CreationLayer/ZombieRepo/Content/__ExternalActors__/LevelPrototyping/Levels/DevRooms/TestRoom1/9/R2/FTBR6ADM3O6UN1T15IAA6J.uasset" 9293
"/Game/__ExternalActors__/LevelPrototyping/Levels/DevRooms/TestRoom1/9/V6/R9OQGKOH05O36GEDKXJM7Y" 9294
"../../../../CreationLayer/ZombieRepo/Content/__ExternalActors__/LevelPrototyping/Levels/DevRooms/TestRoom1/9/V6/R9OQGKOH05O36GEDKXJM7Y.uasset" 9295
"/Game/__ExternalActors__/LevelPrototyping/Levels/DevRooms/TestRoom1/9/WL/L4NWFP0T2W4RU8PNBJHQUA" 9296
"../../../../CreationLayer/ZombieRepo/Content/__ExternalActors__/LevelPrototyping/Levels/DevRooms/TestRoom1/9/WL/L4NWFP0T2W4RU8PNBJHQUA.uasset" 9297
"/Game/__ExternalActors__/LevelPrototyping/Levels/DevRooms/TestRoom1/9/WU/G3OLRU2BMT4RMK2GE8XEDP" 9298
"../../../../CreationLayer/ZombieRepo/Content/__ExternalActors__/LevelPrototyping/Levels/DevRooms/TestRoom1/9/WU/G3OLRU2BMT4RMK2GE8XEDP.uasset" 9299
"/Game/__ExternalActors__/LevelPrototyping/Levels/DevRooms/TestRoom1/9/X3/XZJEHWFX0828K37HO5LRY0" 9300
"../../../../CreationLayer/ZombieRepo/Content/__ExternalActors__/LevelPrototyping/Levels/DevRooms/TestRoom1/9/X3/XZJEHWFX0828K37HO5LRY0.uasset" 9301
"/Game/__ExternalActors__/LevelPrototyping/Levels/DevRooms/TestRoom1/A/0L/ELS82RQT2NIFV38ZB501QP" 9302
"../../../../CreationLayer/ZombieRepo/Content/__ExternalActors__/LevelPrototyping/Levels/DevRooms/TestRoom1/A/0L/ELS82RQT2NIFV38ZB501QP.uasset" 9303
"/Game/__ExternalActors__/LevelPrototyping/Levels/DevRooms/TestRoom1/A/3M/U3236JB8YKZU3MZEJJ746V" 9304
"../../../../CreationLayer/ZombieRepo/Content/__ExternalActors__/LevelPrototyping/Levels/DevRooms/TestRoom1/A/3M/U3236JB8YKZU3MZEJJ746V.uasset" 9305
"/Game/__ExternalActors__/LevelPrototyping/Levels/DevRooms/TestRoom1/A/6Y/1UXVPLCWWGPJ7GQRWTR2A7" 9306
"../../../../CreationLayer/ZombieRepo/Content/__ExternalActors__/LevelPrototyping/Levels/DevRooms/TestRoom1/A/6Y/1UXVPLCWWGPJ7GQRWTR2A7.uasset" 9307
"/Game/__ExternalActors__/LevelPrototyping/Levels/DevRooms/TestRoom1/A/AX/7UYHU8T0WT2F36K6FSPICF" 9308
"../../../../CreationLayer/ZombieRepo/Content/__ExternalActors__/LevelPrototyping/Levels/DevRooms/TestRoom1/A/AX/7UYHU8T0WT2F36K6FSPICF.uasset" 9309
"/Game/__ExternalActors__/LevelPrototyping/Levels/DevRooms/TestRoom1/A/FH/KCRH0EZR73OP6RGBO2VUFF" 9310
"../../../../CreationLayer/ZombieRepo/Content/__ExternalActors__/LevelPrototyping/Levels/DevRooms/TestRoom1/A/FH/KCRH0EZR73OP6RGBO2VUFF.uasset" 9311
"/Game/__ExternalActors__/LevelPrototyping/Levels/DevRooms/TestRoom1/A/HO/U0733FWHG2N8EKNGUOC9IP" 9312
"../../../../CreationLayer/ZombieRepo/Content/__ExternalActors__/LevelPrototyping/Levels/DevRooms/TestRoom1/A/HO/U0733FWHG2N8EKNGUOC9IP.uasset" 9313
"/Game/__ExternalActors__/LevelPrototyping/Levels/DevRooms/TestRoom1/A/IW/P1UCHUOX9C7QY3IIAIE3NX" 9314
"../../../../CreationLayer/ZombieRepo/Content/__ExternalActors__/LevelPrototyping/Levels/DevRooms/TestRoom1/A/IW/P1UCHUOX9C7QY3IIAIE3NX.uasset" 9315
"/Game/__ExternalActors__/LevelPrototyping/Levels/DevRooms/TestRoom1/A/JK/43256BBDBEZWP996O4X9R9" 9316
"../../../../CreationLayer/ZombieRepo/Content/__ExternalActors__/LevelPrototyping/Levels/DevRooms/TestRoom1/A/JK/43256BBDBEZWP996O4X9R9.uasset" 9317
"/Game/__ExternalActors__/LevelPrototyping/Levels/DevRooms/TestRoom1/A/L0/2D93YIOO4B0O2LQ77KBUWH" 9318
"../../../../CreationLayer/ZombieRepo/Content/__ExternalActors__/LevelPrototyping/Levels/DevRooms/TestRoom1/A/L0/2D93YIOO4B0O2LQ77KBUWH.uasset" 9319
"/Game/__ExternalActors__/LevelPrototyping/Levels/DevRooms/TestRoom1/A/M2/FGX1VZNVOMEMG1XEEY70S5" 9320
"../../../../CreationLayer/ZombieRepo/Content/__ExternalActors__/LevelPrototyping/Levels/DevRooms/TestRoom1/A/M2/FGX1VZNVOMEMG1XEEY70S5.uasset" 9321
"/Game/__ExternalActors__/LevelPrototyping/Levels/DevRooms/TestRoom1/A/M6/2RO2QNBVAM9O7GI0MF80VH" 9322
"../../../../CreationLayer/ZombieRepo/Content/__ExternalActors__/LevelPrototyping/Levels/DevRooms/TestRoom1/A/M6/2RO2QNBVAM9O7GI0MF80VH.uasset" 9323
"/Game/__ExternalActors__/LevelPrototyping/Levels/DevRooms/TestRoom1/A/MM/UM53L8U5UYT1BHZFA0D3IN" 9324
"../../../../CreationLayer/ZombieRepo/Content/__ExternalActors__/LevelPrototyping/Levels/DevRooms/TestRoom1/A/MM/UM53L8U5UYT1BHZFA0D3IN.uasset" 9325
"/Game/__ExternalActors__/LevelPrototyping/Levels/DevRooms/TestRoom1/A/MO/MC9NK4W2AHS89WECA1JW9O" 9326
"../../../../CreationLayer/ZombieRepo/Content/__ExternalActors__/LevelPrototyping/Levels/DevRooms/TestRoom1/A/MO/MC9NK4W2AHS89WECA1JW9O.uasset" 9327
"/Game/__ExternalActors__/LevelPrototyping/Levels/DevRooms/TestRoom1/A/PX/278LS7IGS7F2ENYZ90EUDX" 9328
"../../../../CreationLayer/ZombieRepo/Content/__ExternalActors__/LevelPrototyping/Levels/DevRooms/TestRoom1/A/PX/278LS7IGS7F2ENYZ90EUDX.uasset" 9329
"/Game/__ExternalActors__/LevelPrototyping/Levels/DevRooms/TestRoom1/A/RM/5Y1DAHA7A1BC31RVXN92EZ" 9330
"../../../../CreationLayer/ZombieRepo/Content/__ExternalActors__/LevelPrototyping/Levels/DevRooms/TestRoom1/A/RM/5Y1DAHA7A1BC31RVXN92EZ.uasset" 9331
"/Game/__ExternalActors__/LevelPrototyping/Levels/DevRooms/TestRoom1/A/RM/IIQ7A3271A4F9DT0LHMGJC" 9332
"../../../../CreationLayer/ZombieRepo/Content/__ExternalActors__/LevelPrototyping/Levels/DevRooms/TestRoom1/A/RM/IIQ7A3271A4F9DT0LHMGJC.uasset" 9333
"/Game/__ExternalActors__/LevelPrototyping/Levels/DevRooms/TestRoom1/A/SU/IH295DBGAPJZ7A4GH45XN3" 9334
"../../../../CreationLayer/ZombieRepo/Content/__ExternalActors__/LevelPrototyping/Levels/DevRooms/TestRoom1/A/SU/IH295DBGAPJZ7A4GH45XN3.uasset" 9335
"/Game/__ExternalActors__/LevelPrototyping/Levels/DevRooms/TestRoom1/A/TZ/22DJKNKCPMS6046FUKE32R" 9336
"../../../../CreationLayer/ZombieRepo/Content/__ExternalActors__/LevelPrototyping/Levels/DevRooms/TestRoom1/A/TZ/22DJKNKCPMS6046FUKE32R.uasset" 9337
"/Game/__ExternalActors__/LevelPrototyping/Levels/DevRooms/TestRoom1/A/X0/HAIG4D7XZGRBS1CA64YGDT" 9338
"../../../../CreationLayer/ZombieRepo/Content/__ExternalActors__/LevelPrototyping/Levels/DevRooms/TestRoom1/A/X0/HAIG4D7XZGRBS1CA64YGDT.uasset" 9339
"/Game/__ExternalActors__/LevelPrototyping/Levels/DevRooms/TestRoom1/A/Y0/PYSKU0755H777Y99X9YAMN" 9340
"../../../../CreationLayer/ZombieRepo/Content/__ExternalActors__/LevelPrototyping/Levels/DevRooms/TestRoom1/A/Y0/PYSKU0755H777Y99X9YAMN.uasset" 9341
"/Game/__ExternalActors__/LevelPrototyping/Levels/DevRooms/TestRoom1/A/Y8/WE68CWOHZTRT9UMS795H1H" 9342
"../../../../CreationLayer/ZombieRepo/Content/__ExternalActors__/LevelPrototyping/Levels/DevRooms/TestRoom1/A/Y8/WE68CWOHZTRT9UMS795H1H.uasset" 9343
"/Game/__ExternalActors__/LevelPrototyping/Levels/DevRooms/TestRoom1/B/0C/P2L493JMS3X6RRUK36DPS4" 9344
"../../../../CreationLayer/ZombieRepo/Content/__ExternalActors__/LevelPrototyping/Levels/DevRooms/TestRoom1/B/0C/P2L493JMS3X6RRUK36DPS4.uasset" 9345
"/Game/__ExternalActors__/LevelPrototyping/Levels/DevRooms/TestRoom1/B/2J/286SWWEZRD46HU88O0MGYH" 9346
"../../../../CreationLayer/ZombieRepo/Content/__ExternalActors__/LevelPrototyping/Levels/DevRooms/TestRoom1/B/2J/286SWWEZRD46HU88O0MGYH.uasset" 9347
"/Game/__ExternalActors__/LevelPrototyping/Levels/DevRooms/TestRoom1/B/34/VZTZ7SEB5OL44DZ2ZE162V" 9348
"../../../../CreationLayer/ZombieRepo/Content/__ExternalActors__/LevelPrototyping/Levels/DevRooms/TestRoom1/B/34/VZTZ7SEB5OL44DZ2ZE162V.uasset" 9349
"/Game/__ExternalActors__/LevelPrototyping/Levels/DevRooms/TestRoom1/B/45/J1MPMA3M9AS9WN5NO448F7" 9350
"../../../../CreationLayer/ZombieRepo/Content/__ExternalActors__/LevelPrototyping/Levels/DevRooms/TestRoom1/B/45/J1MPMA3M9AS9WN5NO448F7.uasset" 9351
"/Game/__ExternalActors__/LevelPrototyping/Levels/DevRooms/TestRoom1/B/4G/LV9L5JHMXCHLZXUJ2PVUG6" 9352
"../../../../CreationLayer/ZombieRepo/Content/__ExternalActors__/LevelPrototyping/Levels/DevRooms/TestRoom1/B/4G/LV9L5JHMXCHLZXUJ2PVUG6.uasset" 9353
"/Game/__ExternalActors__/LevelPrototyping/Levels/DevRooms/TestRoom1/B/4H/OR7FZP86KJU87X2XFJVWIZ" 9354
"../../../../CreationLayer/ZombieRepo/Content/__ExternalActors__/LevelPrototyping/Levels/DevRooms/TestRoom1/B/4H/OR7FZP86KJU87X2XFJVWIZ.uasset" 9355
"/Game/__ExternalActors__/LevelPrototyping/Levels/DevRooms/TestRoom1/B/58/D6W8UMQF9TMBNWQ42XVVQ6" 9356
"../../../../CreationLayer/ZombieRepo/Content/__ExternalActors__/LevelPrototyping/Levels/DevRooms/TestRoom1/B/58/D6W8UMQF9TMBNWQ42XVVQ6.uasset" 9357
"/Game/__ExternalActors__/LevelPrototyping/Levels/DevRooms/TestRoom1/B/5O/ERSJS7WB1MPI8UW8G8QEUL" 9358
"../../../../CreationLayer/ZombieRepo/Content/__ExternalActors__/LevelPrototyping/Levels/DevRooms/TestRoom1/B/5O/ERSJS7WB1MPI8UW8G8QEUL.uasset" 9359
"/Game/__ExternalActors__/LevelPrototyping/Levels/DevRooms/TestRoom1/B/6J/O03VOR9PREL6JLQ2RA3B2C" 9360
"../../../../CreationLayer/ZombieRepo/Content/__ExternalActors__/LevelPrototyping/Levels/DevRooms/TestRoom1/B/6J/O03VOR9PREL6JLQ2RA3B2C.uasset" 9361
"/Game/__ExternalActors__/LevelPrototyping/Levels/DevRooms/TestRoom1/B/7K/5SAZVEMROE3AU860NJV926" 9362
"../../../../CreationLayer/ZombieRepo/Content/__ExternalActors__/LevelPrototyping/Levels/DevRooms/TestRoom1/B/7K/5SAZVEMROE3AU860NJV926.uasset" 9363
"/Game/__ExternalActors__/LevelPrototyping/Levels/DevRooms/TestRoom1/B/7X/R0LT9GGXRJB8506WPT354R" 9364
"../../../../CreationLayer/ZombieRepo/Content/__ExternalActors__/LevelPrototyping/Levels/DevRooms/TestRoom1/B/7X/R0LT9GGXRJB8506WPT354R.uasset" 9365
"/Game/__ExternalActors__/LevelPrototyping/Levels/DevRooms/TestRoom1/B/8Y/PYUI36NL2UIT7CLDFLLLIA" 9366
"../../../../CreationLayer/ZombieRepo/Content/__ExternalActors__/LevelPrototyping/Levels/DevRooms/TestRoom1/B/8Y/PYUI36NL2UIT7CLDFLLLIA.uasset" 9367
"/Game/__ExternalActors__/LevelPrototyping/Levels/DevRooms/TestRoom1/B/AK/GLS9MMHC4VFXZ6OL86VWVH" 9368
"../../../../CreationLayer/ZombieRepo/Content/__ExternalActors__/LevelPrototyping/Levels/DevRooms/TestRoom1/B/AK/GLS9MMHC4VFXZ6OL86VWVH.uasset" 9369
"/Game/__ExternalActors__/LevelPrototyping/Levels/DevRooms/TestRoom1/B/FQ/Z5VD0UX00KNKMI2O7MK3PR" 9370
"../../../../CreationLayer/ZombieRepo/Content/__ExternalActors__/LevelPrototyping/Levels/DevRooms/TestRoom1/B/FQ/Z5VD0UX00KNKMI2O7MK3PR.uasset" 9371
"/Game/__ExternalActors__/LevelPrototyping/Levels/DevRooms/TestRoom1/B/I5/21L19WTBEY29V2BY6KNVJ3" 9372
"../../../../CreationLayer/ZombieRepo/Content/__ExternalActors__/LevelPrototyping/Levels/DevRooms/TestRoom1/B/I5/21L19WTBEY29V2BY6KNVJ3.uasset" 9373
"/Game/__ExternalActors__/LevelPrototyping/Levels/DevRooms/TestRoom1/B/MZ/ZUWRQI1FOUYPWRKG51AEFW" 9374
"../../../../CreationLayer/ZombieRepo/Content/__ExternalActors__/LevelPrototyping/Levels/DevRooms/TestRoom1/B/MZ/ZUWRQI1FOUYPWRKG51AEFW.uasset" 9375
"/Game/__ExternalActors__/LevelPrototyping/Levels/DevRooms/TestRoom1/B/N5/6KEIVXHRGDPO8OPZSNBK3C" 9376
"../../../../CreationLayer/ZombieRepo/Content/__ExternalActors__/LevelPrototyping/Levels/DevRooms/TestRoom1/B/N5/6KEIVXHRGDPO8OPZSNBK3C.uasset" 9377
"/Game/__ExternalActors__/LevelPrototyping/Levels/DevRooms/TestRoom1/B/OF/ZSAVI3DG1K2G0WJ5BC25HS" 9378
"../../../../CreationLayer/ZombieRepo/Content/__ExternalActors__/LevelPrototyping/Levels/DevRooms/TestRoom1/B/OF/ZSAVI3DG1K2G0WJ5BC25HS.uasset" 9379
"/Game/__ExternalActors__/LevelPrototyping/Levels/DevRooms/TestRoom1/B/QC/TGHHFAGJ99LO1HOVKVUMH8" 9380
"../../../../CreationLayer/ZombieRepo/Content/__ExternalActors__/LevelPrototyping/Levels/DevRooms/TestRoom1/B/QC/TGHHFAGJ99LO1HOVKVUMH8.uasset" 9381
"/Game/__ExternalActors__/LevelPrototyping/Levels/DevRooms/TestRoom1/B/QD/R2IA3W1YKAIROYWCC8IUN3" 9382
"../../../../CreationLayer/ZombieRepo/Content/__ExternalActors__/LevelPrototyping/Levels/DevRooms/TestRoom1/B/QD/R2IA3W1YKAIROYWCC8IUN3.uasset" 9383
"/Game/__ExternalActors__/LevelPrototyping/Levels/DevRooms/TestRoom1/B/RQ/W91CD1VCH29I44G0QCFL2E" 9384
"../../../../CreationLayer/ZombieRepo/Content/__ExternalActors__/LevelPrototyping/Levels/DevRooms/TestRoom1/B/RQ/W91CD1VCH29I44G0QCFL2E.uasset" 9385
"/Game/__ExternalActors__/LevelPrototyping/Levels/DevRooms/TestRoom1/B/TQ/ID9U55PZ1S9UBT76X513FL" 9386
"../../../../CreationLayer/ZombieRepo/Content/__ExternalActors__/LevelPrototyping/Levels/DevRooms/TestRoom1/B/TQ/ID9U55PZ1S9UBT76X513FL.uasset" 9387
"/Game/__ExternalActors__/LevelPrototyping/Levels/DevRooms/TestRoom1/B/UC/NTI5FI850EUS5326VYAVLB" 9388
"../../../../CreationLayer/ZombieRepo/Content/__ExternalActors__/LevelPrototyping/Levels/DevRooms/TestRoom1/B/UC/NTI5FI850EUS5326VYAVLB.uasset" 9389
"/Game/__ExternalActors__/LevelPrototyping/Levels/DevRooms/TestRoom1/B/WP/MG62HWP903X5MLBQCW4X0U" 9390
"../../../../CreationLayer/ZombieRepo/Content/__ExternalActors__/LevelPrototyping/Levels/DevRooms/TestRoom1/B/WP/MG62HWP903X5MLBQCW4X0U.uasset" 9391
"/Game/__ExternalActors__/LevelPrototyping/Levels/DevRooms/TestRoom1/B/Y0/J23Q4T24YI9AXLUAZFPELR" 9392
"../../../../CreationLayer/ZombieRepo/Content/__ExternalActors__/LevelPrototyping/Levels/DevRooms/TestRoom1/B/Y0/J23Q4T24YI9AXLUAZFPELR.uasset" 9393
"/Game/__ExternalActors__/LevelPrototyping/Levels/DevRooms/TestRoom1/B/YC/N98KCZEIO8AWVD2VIMYDVQ" 9394
"../../../../CreationLayer/ZombieRepo/Content/__ExternalActors__/LevelPrototyping/Levels/DevRooms/TestRoom1/B/YC/N98KCZEIO8AWVD2VIMYDVQ.uasset" 9395
"/Game/__ExternalActors__/LevelPrototyping/Levels/DevRooms/TestRoom1/C/0R/2UCOFO65ZFU7SHDJAEUFNM" 9396
"../../../../CreationLayer/ZombieRepo/Content/__ExternalActors__/LevelPrototyping/Levels/DevRooms/TestRoom1/C/0R/2UCOFO65ZFU7SHDJAEUFNM.uasset" 9397
"/Game/__ExternalActors__/LevelPrototyping/Levels/DevRooms/TestRoom1/C/4X/3OWX4YWRH12L9V0GZNNYVA" 9398
"../../../../CreationLayer/ZombieRepo/Content/__ExternalActors__/LevelPrototyping/Levels/DevRooms/TestRoom1/C/4X/3OWX4YWRH12L9V0GZNNYVA.uasset" 9399
"/Game/__ExternalActors__/LevelPrototyping/Levels/DevRooms/TestRoom1/C/8Z/5MNEISOVAEQKECPE8S3970" 9400
"../../../../CreationLayer/ZombieRepo/Content/__ExternalActors__/LevelPrototyping/Levels/DevRooms/TestRoom1/C/8Z/5MNEISOVAEQKECPE8S3970.uasset" 9401
"/Game/__ExternalActors__/LevelPrototyping/Levels/DevRooms/TestRoom1/C/90/DIHS8ZUZ5N9EHP8GTH6S5S" 9402
"../../../../CreationLayer/ZombieRepo/Content/__ExternalActors__/LevelPrototyping/Levels/DevRooms/TestRoom1/C/90/DIHS8ZUZ5N9EHP8GTH6S5S.uasset" 9403
"/Game/__ExternalActors__/LevelPrototyping/Levels/DevRooms/TestRoom1/C/9N/P8IRHISS5T3YAEU8L8QQR6" 9404
"../../../../CreationLayer/ZombieRepo/Content/__ExternalActors__/LevelPrototyping/Levels/DevRooms/TestRoom1/C/9N/P8IRHISS5T3YAEU8L8QQR6.uasset" 9405
"/Game/__ExternalActors__/LevelPrototyping/Levels/DevRooms/TestRoom1/C/B0/HR1UFWQWVRC3PAH2QTN4ZG" 9406
"../../../../CreationLayer/ZombieRepo/Content/__ExternalActors__/LevelPrototyping/Levels/DevRooms/TestRoom1/C/B0/HR1UFWQWVRC3PAH2QTN4ZG.uasset" 9407
"/Game/__ExternalActors__/LevelPrototyping/Levels/DevRooms/TestRoom1/C/CC/W43HN4UQNWK4VA9NJORH8R" 9408
"../../../../CreationLayer/ZombieRepo/Content/__ExternalActors__/LevelPrototyping/Levels/DevRooms/TestRoom1/C/CC/W43HN4UQNWK4VA9NJORH8R.uasset" 9409
"/Game/__ExternalActors__/LevelPrototyping/Levels/DevRooms/TestRoom1/C/GO/GFVV2T77PDESEIOOKBQKD9" 9410
"../../../../CreationLayer/ZombieRepo/Content/__ExternalActors__/LevelPrototyping/Levels/DevRooms/TestRoom1/C/GO/GFVV2T77PDESEIOOKBQKD9.uasset" 9411
"/Game/__ExternalActors__/LevelPrototyping/Levels/DevRooms/TestRoom1/C/HS/4UOIN39I3JM3E0W6K1942W" 9412
"../../../../CreationLayer/ZombieRepo/Content/__ExternalActors__/LevelPrototyping/Levels/DevRooms/TestRoom1/C/HS/4UOIN39I3JM3E0W6K1942W.uasset" 9413
"/Game/__ExternalActors__/LevelPrototyping/Levels/DevRooms/TestRoom1/C/HW/LEE868DPWTJ85RTROP9M2C" 9414
"../../../../CreationLayer/ZombieRepo/Content/__ExternalActors__/LevelPrototyping/Levels/DevRooms/TestRoom1/C/HW/LEE868DPWTJ85RTROP9M2C.uasset" 9415
"/Game/__ExternalActors__/LevelPrototyping/Levels/DevRooms/TestRoom1/C/II/4I6AVVQ0Y94LWQFD0DP8VF" 9416
"../../../../CreationLayer/ZombieRepo/Content/__ExternalActors__/LevelPrototyping/Levels/DevRooms/TestRoom1/C/II/4I6AVVQ0Y94LWQFD0DP8VF.uasset" 9417
"/Game/__ExternalActors__/LevelPrototyping/Levels/DevRooms/TestRoom1/C/MD/BY0O9RLBG2HVICXB2V05JK" 9418
"../../../../CreationLayer/ZombieRepo/Content/__ExternalActors__/LevelPrototyping/Levels/DevRooms/TestRoom1/C/MD/BY0O9RLBG2HVICXB2V05JK.uasset" 9419
"/Game/__ExternalActors__/LevelPrototyping/Levels/DevRooms/TestRoom1/C/OC/ZLWN4IXBU5WLZYMF5077GE" 9420
"../../../../CreationLayer/ZombieRepo/Content/__ExternalActors__/LevelPrototyping/Levels/DevRooms/TestRoom1/C/OC/ZLWN4IXBU5WLZYMF5077GE.uasset" 9421
"/Game/__ExternalActors__/LevelPrototyping/Levels/DevRooms/TestRoom1/C/P5/V47Y6P45T8YYG71TSHV1OG" 9422
"../../../../CreationLayer/ZombieRepo/Content/__ExternalActors__/LevelPrototyping/Levels/DevRooms/TestRoom1/C/P5/V47Y6P45T8YYG71TSHV1OG.uasset" 9423
"/Game/__ExternalActors__/LevelPrototyping/Levels/DevRooms/TestRoom1/C/PD/DWL381PX7QVVKJS4IFM22M" 9424
"../../../../CreationLayer/ZombieRepo/Content/__ExternalActors__/LevelPrototyping/Levels/DevRooms/TestRoom1/C/PD/DWL381PX7QVVKJS4IFM22M.uasset" 9425
"/Game/__ExternalActors__/LevelPrototyping/Levels/DevRooms/TestRoom1/C/TE/66PUVE9SXTHPVE6KR8SY95" 9426
"../../../../CreationLayer/ZombieRepo/Content/__ExternalActors__/LevelPrototyping/Levels/DevRooms/TestRoom1/C/TE/66PUVE9SXTHPVE6KR8SY95.uasset" 9427
"/Game/__ExternalActors__/LevelPrototyping/Levels/DevRooms/TestRoom1/C/XZ/Q14PV0P8RVLYQMRHBGHGTC" 9428
"../../../../CreationLayer/ZombieRepo/Content/__ExternalActors__/LevelPrototyping/Levels/DevRooms/TestRoom1/C/XZ/Q14PV0P8RVLYQMRHBGHGTC.uasset" 9429
"/Game/__ExternalActors__/LevelPrototyping/Levels/DevRooms/TestRoom1/C/YV/NWKBZHRC3Z2MXW04SA11TJ" 9430
"../../../../CreationLayer/ZombieRepo/Content/__ExternalActors__/LevelPrototyping/Levels/DevRooms/TestRoom1/C/YV/NWKBZHRC3Z2MXW04SA11TJ.uasset" 9431
"/Game/__ExternalActors__/LevelPrototyping/Levels/DevRooms/TestRoom1/C/ZC/CHCRGIGL7192ZZ0SKQSH42" 9432
"../../../../CreationLayer/ZombieRepo/Content/__ExternalActors__/LevelPrototyping/Levels/DevRooms/TestRoom1/C/ZC/CHCRGIGL7192ZZ0SKQSH42.uasset" 9433
"/Game/__ExternalActors__/LevelPrototyping/Levels/DevRooms/TestRoom1/C/ZR/D82D9B0F1TFOSU6C5FK5D2" 9434
"../../../../CreationLayer/ZombieRepo/Content/__ExternalActors__/LevelPrototyping/Levels/DevRooms/TestRoom1/C/ZR/D82D9B0F1TFOSU6C5FK5D2.uasset" 9435
"/Game/__ExternalActors__/LevelPrototyping/Levels/DevRooms/TestRoom1/D/0W/MNQCP4GUW2WRATNRJ9DLYJ" 9436
"../../../../CreationLayer/ZombieRepo/Content/__ExternalActors__/LevelPrototyping/Levels/DevRooms/TestRoom1/D/0W/MNQCP4GUW2WRATNRJ9DLYJ.uasset" 9437
"/Game/__ExternalActors__/LevelPrototyping/Levels/DevRooms/TestRoom1/D/11/P9M0Y5Z140DV3K804F11T3" 9438
"../../../../CreationLayer/ZombieRepo/Content/__ExternalActors__/LevelPrototyping/Levels/DevRooms/TestRoom1/D/11/P9M0Y5Z140DV3K804F11T3.uasset" 9439
"/Game/__ExternalActors__/LevelPrototyping/Levels/DevRooms/TestRoom1/D/3V/AUTMBBPESDABCWLFKYIS5S" 9440
"../../../../CreationLayer/ZombieRepo/Content/__ExternalActors__/LevelPrototyping/Levels/DevRooms/TestRoom1/D/3V/AUTMBBPESDABCWLFKYIS5S.uasset" 9441
"/Game/__ExternalActors__/LevelPrototyping/Levels/DevRooms/TestRoom1/D/70/T0W11MAPE5N58RCE0838K6" 9442
"../../../../CreationLayer/ZombieRepo/Content/__ExternalActors__/LevelPrototyping/Levels/DevRooms/TestRoom1/D/70/T0W11MAPE5N58RCE0838K6.uasset" 9443
"/Game/__ExternalActors__/LevelPrototyping/Levels/DevRooms/TestRoom1/D/9K/UFNRQEXVQFXRICM9XQWG97" 9444
"../../../../CreationLayer/ZombieRepo/Content/__ExternalActors__/LevelPrototyping/Levels/DevRooms/TestRoom1/D/9K/UFNRQEXVQFXRICM9XQWG97.uasset" 9445
"/Game/__ExternalActors__/LevelPrototyping/Levels/DevRooms/TestRoom1/D/9X/ZTMRW8MN4NR5A7SXOSDS3R" 9446
"../../../../CreationLayer/ZombieRepo/Content/__ExternalActors__/LevelPrototyping/Levels/DevRooms/TestRoom1/D/9X/ZTMRW8MN4NR5A7SXOSDS3R.uasset" 9447
"/Game/__ExternalActors__/LevelPrototyping/Levels/DevRooms/TestRoom1/D/CV/FP8OC192M9FXB8CCDYGOG9" 9448
"../../../../CreationLayer/ZombieRepo/Content/__ExternalActors__/LevelPrototyping/Levels/DevRooms/TestRoom1/D/CV/FP8OC192M9FXB8CCDYGOG9.uasset" 9449
"/Game/__ExternalActors__/LevelPrototyping/Levels/DevRooms/TestRoom1/D/D9/YXXWJ7EHI35STU1Q9KQB1D" 9450
"../../../../CreationLayer/ZombieRepo/Content/__ExternalActors__/LevelPrototyping/Levels/DevRooms/TestRoom1/D/D9/YXXWJ7EHI35STU1Q9KQB1D.uasset" 9451
"/Game/__ExternalActors__/LevelPrototyping/Levels/DevRooms/TestRoom1/D/KN/E7EXZT3C7TAF2VJTTWGX9W" 9452
"../../../../CreationLayer/ZombieRepo/Content/__ExternalActors__/LevelPrototyping/Levels/DevRooms/TestRoom1/D/KN/E7EXZT3C7TAF2VJTTWGX9W.uasset" 9453
"/Game/__ExternalActors__/LevelPrototyping/Levels/DevRooms/TestRoom1/D/LF/V372YQYS95B9MPCBF22LRF" 9454
"../../../../CreationLayer/ZombieRepo/Content/__ExternalActors__/LevelPrototyping/Levels/DevRooms/TestRoom1/D/LF/V372YQYS95B9MPCBF22LRF.uasset" 9455
"/Game/__ExternalActors__/LevelPrototyping/Levels/DevRooms/TestRoom1/D/NC/6QQTFNZH6WJWAVDFDACGN9" 9456
"../../../../CreationLayer/ZombieRepo/Content/__ExternalActors__/LevelPrototyping/Levels/DevRooms/TestRoom1/D/NC/6QQTFNZH6WJWAVDFDACGN9.uasset" 9457
"/Game/__ExternalActors__/LevelPrototyping/Levels/DevRooms/TestRoom1/D/OA/QNYVZEUH0ENEMM7XDW3E4U" 9458
"../../../../CreationLayer/ZombieRepo/Content/__ExternalActors__/LevelPrototyping/Levels/DevRooms/TestRoom1/D/OA/QNYVZEUH0ENEMM7XDW3E4U.uasset" 9459
"/Game/__ExternalActors__/LevelPrototyping/Levels/DevRooms/TestRoom1/D/QS/R1K6U8BSDX972PRUOG235V" 9460
"../../../../CreationLayer/ZombieRepo/Content/__ExternalActors__/LevelPrototyping/Levels/DevRooms/TestRoom1/D/QS/R1K6U8BSDX972PRUOG235V.uasset" 9461
"/Game/__ExternalActors__/LevelPrototyping/Levels/DevRooms/TestRoom1/D/R6/KRULF2XEX3JFNQEO8TV7BX" 9462
"../../../../CreationLayer/ZombieRepo/Content/__ExternalActors__/LevelPrototyping/Levels/DevRooms/TestRoom1/D/R6/KRULF2XEX3JFNQEO8TV7BX.uasset" 9463
"/Game/__ExternalActors__/LevelPrototyping/Levels/DevRooms/TestRoom1/D/S7/M0ZX02ZZVSTN8IROVTGQSI" 9464
"../../../../CreationLayer/ZombieRepo/Content/__ExternalActors__/LevelPrototyping/Levels/DevRooms/TestRoom1/D/S7/M0ZX02ZZVSTN8IROVTGQSI.uasset" 9465
"/Game/__ExternalActors__/LevelPrototyping/Levels/DevRooms/TestRoom1/D/V8/H0TDNQ17V9W4YMULWWGDZO" 9466
"../../../../CreationLayer/ZombieRepo/Content/__ExternalActors__/LevelPrototyping/Levels/DevRooms/TestRoom1/D/V8/H0TDNQ17V9W4YMULWWGDZO.uasset" 9467
"/Game/__ExternalActors__/LevelPrototyping/Levels/DevRooms/TestRoom1/D/VI/J33KXM5XZ4LBKBJOBON2EH" 9468
"../../../../CreationLayer/ZombieRepo/Content/__ExternalActors__/LevelPrototyping/Levels/DevRooms/TestRoom1/D/VI/J33KXM5XZ4LBKBJOBON2EH.uasset" 9469
"/Game/__ExternalActors__/LevelPrototyping/Levels/DevRooms/TestRoom1/D/WS/HU2KZV32UFWGK6AEX00CJV" 9470
"../../../../CreationLayer/ZombieRepo/Content/__ExternalActors__/LevelPrototyping/Levels/DevRooms/TestRoom1/D/WS/HU2KZV32UFWGK6AEX00CJV.uasset" 9471
"/Game/__ExternalActors__/LevelPrototyping/Levels/DevRooms/TestRoom1/D/X3/K0IO4118H9YIWIWA0GNG43" 9472
"../../../../CreationLayer/ZombieRepo/Content/__ExternalActors__/LevelPrototyping/Levels/DevRooms/TestRoom1/D/X3/K0IO4118H9YIWIWA0GNG43.uasset" 9473
"/Game/__ExternalActors__/LevelPrototyping/Levels/DevRooms/TestRoom1/D/Y6/FZWI87WRHTXAIPA58GESGW" 9474
"../../../../CreationLayer/ZombieRepo/Content/__ExternalActors__/LevelPrototyping/Levels/DevRooms/TestRoom1/D/Y6/FZWI87WRHTXAIPA58GESGW.uasset" 9475
"/Game/__ExternalActors__/LevelPrototyping/Levels/DevRooms/TestRoom1/D/YK/MRZ6OHD13UMIY648OSHXTF" 9476
"../../../../CreationLayer/ZombieRepo/Content/__ExternalActors__/LevelPrototyping/Levels/DevRooms/TestRoom1/D/YK/MRZ6OHD13UMIY648OSHXTF.uasset" 9477
"/Game/__ExternalActors__/LevelPrototyping/Levels/DevRooms/TestRoom1/D/YX/GGVD0D1D5351ABQMXXGFLD" 9478
"../../../../CreationLayer/ZombieRepo/Content/__ExternalActors__/LevelPrototyping/Levels/DevRooms/TestRoom1/D/YX/GGVD0D1D5351ABQMXXGFLD.uasset" 9479
"/Game/__ExternalActors__/LevelPrototyping/Levels/DevRooms/TestRoom1/E/3B/8WRNM21XNXRNNFOOHAMYWL" 9480
"../../../../CreationLayer/ZombieRepo/Content/__ExternalActors__/LevelPrototyping/Levels/DevRooms/TestRoom1/E/3B/8WRNM21XNXRNNFOOHAMYWL.uasset" 9481
"/Game/__ExternalActors__/LevelPrototyping/Levels/DevRooms/TestRoom1/E/40/AMZ4OJ3EROL0DXOJ650DVQ" 9482
"../../../../CreationLayer/ZombieRepo/Content/__ExternalActors__/LevelPrototyping/Levels/DevRooms/TestRoom1/E/40/AMZ4OJ3EROL0DXOJ650DVQ.uasset" 9483
"/Game/__ExternalActors__/LevelPrototyping/Levels/DevRooms/TestRoom1/E/4O/TMCUBW7FXT1CJWBQVXR935" 9484
"../../../../CreationLayer/ZombieRepo/Content/__ExternalActors__/LevelPrototyping/Levels/DevRooms/TestRoom1/E/4O/TMCUBW7FXT1CJWBQVXR935.uasset" 9485
"/Game/__ExternalActors__/LevelPrototyping/Levels/DevRooms/TestRoom1/E/6Q/TCBBA65VB4H5VSHK3YKXHQ" 9486
"../../../../CreationLayer/ZombieRepo/Content/__ExternalActors__/LevelPrototyping/Levels/DevRooms/TestRoom1/E/6Q/TCBBA65VB4H5VSHK3YKXHQ.uasset" 9487
"/Game/__ExternalActors__/LevelPrototyping/Levels/DevRooms/TestRoom1/E/77/O80KZ7Z2TWD9B7IIW2VIPR" 9488
"../../../../CreationLayer/ZombieRepo/Content/__ExternalActors__/LevelPrototyping/Levels/DevRooms/TestRoom1/E/77/O80KZ7Z2TWD9B7IIW2VIPR.uasset" 9489
"/Game/__ExternalActors__/LevelPrototyping/Levels/DevRooms/TestRoom1/E/8R/CU9BAM066QVENAA5ZCSSM2" 9490
"../../../../CreationLayer/ZombieRepo/Content/__ExternalActors__/LevelPrototyping/Levels/DevRooms/TestRoom1/E/8R/CU9BAM066QVENAA5ZCSSM2.uasset" 9491
"/Game/__ExternalActors__/LevelPrototyping/Levels/DevRooms/TestRoom1/E/BY/4USED38219D7KTDC4BLSQN" 9492
"../../../../CreationLayer/ZombieRepo/Content/__ExternalActors__/LevelPrototyping/Levels/DevRooms/TestRoom1/E/BY/4USED38219D7KTDC4BLSQN.uasset" 9493
"/Game/__ExternalActors__/LevelPrototyping/Levels/DevRooms/TestRoom1/E/C1/UG13VFLMZJE5IGFEFY6FOM" 9494
"../../../../CreationLayer/ZombieRepo/Content/__ExternalActors__/LevelPrototyping/Levels/DevRooms/TestRoom1/E/C1/UG13VFLMZJE5IGFEFY6FOM.uasset" 9495
"/Game/__ExternalActors__/LevelPrototyping/Levels/DevRooms/TestRoom1/E/CS/L2IB8XONP6KIPUDA5E929K" 9496
"../../../../CreationLayer/ZombieRepo/Content/__ExternalActors__/LevelPrototyping/Levels/DevRooms/TestRoom1/E/CS/L2IB8XONP6KIPUDA5E929K.uasset" 9497
"/Game/__ExternalActors__/LevelPrototyping/Levels/DevRooms/TestRoom1/E/DA/MWFECIL9UD8HNMI07I614I" 9498
"../../../../CreationLayer/ZombieRepo/Content/__ExternalActors__/LevelPrototyping/Levels/DevRooms/TestRoom1/E/DA/MWFECIL9UD8HNMI07I614I.uasset" 9499
"/Game/__ExternalActors__/LevelPrototyping/Levels/DevRooms/TestRoom1/E/P9/C4954A0H0WP0N650CEGXMI" 9500
"../../../../CreationLayer/ZombieRepo/Content/__ExternalActors__/LevelPrototyping/Levels/DevRooms/TestRoom1/E/P9/C4954A0H0WP0N650CEGXMI.uasset" 9501
"/Game/__ExternalActors__/LevelPrototyping/Levels/DevRooms/TestRoom1/E/PB/NL120CULW4FT0S3WPVDUGX" 9502
"../../../../CreationLayer/ZombieRepo/Content/__ExternalActors__/LevelPrototyping/Levels/DevRooms/TestRoom1/E/PB/NL120CULW4FT0S3WPVDUGX.uasset" 9503
"/Game/__ExternalActors__/LevelPrototyping/Levels/DevRooms/TestRoom1/E/PC/JQB18PV1ZDCBSGHZK7QFRX" 9504
"../../../../CreationLayer/ZombieRepo/Content/__ExternalActors__/LevelPrototyping/Levels/DevRooms/TestRoom1/E/PC/JQB18PV1ZDCBSGHZK7QFRX.uasset" 9505
"/Game/__ExternalActors__/LevelPrototyping/Levels/DevRooms/TestRoom1/E/Q8/Y72RLQHACXW9A48W1XK450" 9506
"../../../../CreationLayer/ZombieRepo/Content/__ExternalActors__/LevelPrototyping/Levels/DevRooms/TestRoom1/E/Q8/Y72RLQHACXW9A48W1XK450.uasset" 9507
"/Game/__ExternalActors__/LevelPrototyping/Levels/DevRooms/TestRoom1/E/R2/F3QY4MIPMINE0Y5QYG5RMR" 9508
"../../../../CreationLayer/ZombieRepo/Content/__ExternalActors__/LevelPrototyping/Levels/DevRooms/TestRoom1/E/R2/F3QY4MIPMINE0Y5QYG5RMR.uasset" 9509
"/Game/__ExternalActors__/LevelPrototyping/Levels/DevRooms/TestRoom1/E/RV/90V0ZN6KI1UVX2PU26R97I" 9510
"../../../../CreationLayer/ZombieRepo/Content/__ExternalActors__/LevelPrototyping/Levels/DevRooms/TestRoom1/E/RV/90V0ZN6KI1UVX2PU26R97I.uasset" 9511
"/Game/__ExternalActors__/LevelPrototyping/Levels/DevRooms/TestRoom1/E/VE/G55XQIEXM6LWGZ4XX87O5Z" 9512
"../../../../CreationLayer/ZombieRepo/Content/__ExternalActors__/LevelPrototyping/Levels/DevRooms/TestRoom1/E/VE/G55XQIEXM6LWGZ4XX87O5Z.uasset" 9513
"/Game/__ExternalActors__/LevelPrototyping/Levels/DevRooms/TestRoom1/E/XM/OQ6OZKQDLWM79Q2NMVLYJ6" 9514
"../../../../CreationLayer/ZombieRepo/Content/__ExternalActors__/LevelPrototyping/Levels/DevRooms/TestRoom1/E/XM/OQ6OZKQDLWM79Q2NMVLYJ6.uasset" 9515
"/Game/__ExternalActors__/LevelPrototyping/Levels/DevRooms/TestRoom1/E/YR/171T92AH6W7R3D1ZRE3X8D" 9516
"../../../../CreationLayer/ZombieRepo/Content/__ExternalActors__/LevelPrototyping/Levels/DevRooms/TestRoom1/E/YR/171T92AH6W7R3D1ZRE3X8D.uasset" 9517
"/Game/__ExternalActors__/LevelPrototyping/Levels/DevRooms/TestRoom1/E/ZJ/3KBW8MT2GQLT7D2X2RTB7U" 9518
"../../../../CreationLayer/ZombieRepo/Content/__ExternalActors__/LevelPrototyping/Levels/DevRooms/TestRoom1/E/ZJ/3KBW8MT2GQLT7D2X2RTB7U.uasset" 9519
"/Game/__ExternalActors__/LevelPrototyping/Levels/DevRooms/TestRoom1/E/ZZ/5340XWCPGE9SBM0ZVSFKDV" 9520
"../../../../CreationLayer/ZombieRepo/Content/__ExternalActors__/LevelPrototyping/Levels/DevRooms/TestRoom1/E/ZZ/5340XWCPGE9SBM0ZVSFKDV.uasset" 9521
"/Game/__ExternalActors__/LevelPrototyping/Levels/DevRooms/TestRoom1/F/0Y/UJ1H7YY356UB8X20L2EQ4T" 9522
"../../../../CreationLayer/ZombieRepo/Content/__ExternalActors__/LevelPrototyping/Levels/DevRooms/TestRoom1/F/0Y/UJ1H7YY356UB8X20L2EQ4T.uasset" 9523
"/Game/__ExternalActors__/LevelPrototyping/Levels/DevRooms/TestRoom1/F/1V/N9GZKO5N1PM6LJ1P3JSD5E" 9524
"../../../../CreationLayer/ZombieRepo/Content/__ExternalActors__/LevelPrototyping/Levels/DevRooms/TestRoom1/F/1V/N9GZKO5N1PM6LJ1P3JSD5E.uasset" 9525
"/Game/__ExternalObjects__/LevelPrototyping/Levels/DevRooms/TestRoom3/1/K0/XTMBFZGH08C3NOJSFI45IS" 9526
"/Game/__ExternalObjects__/LevelPrototyping/Levels/DevRooms/TestRoom3/E/3M/N6V6MKOYTZVG65R5L8R04Z" 9527
"/Game/__ExternalObjects__/LevelPrototyping/Levels/DevRooms/TestRoom3/1/AC/76KA4N5ZKVVUKES4RYT5BH" 9528
"/Game/__ExternalObjects__/LevelPrototyping/Levels/DevRooms/TestRoom3/D/KM/0473FL6AW4EAB57SAVW59L" 9529
"/Game/__ExternalObjects__/LevelPrototyping/Levels/DevRooms/TestRoom3/C/V7/SHPLJ5LWJE42FA37B7ZSJI" 9530
"/Game/__ExternalObjects__/LevelPrototyping/Levels/DevRooms/TestRoom3/A/E7/KJU7GOZ9HB4JGJDF0YJFHP" 9531
"/Game/__ExternalObjects__/LevelPrototyping/Levels/DevRooms/TestRoom3/4/SY/T9M9FD0CTLYKO77MBC2M13" 9532
"/Game/__ExternalObjects__/LevelPrototyping/Levels/DevRooms/TestRoom3/3/V5/WOGENVN3DVJJ7DU0749ADI" 9533
"/Game/__ExternalObjects__/LevelPrototyping/Levels/DevRooms/TestRoom2/8/14/4LL7U3OJ0ZY4HN2YR5PATN" 9534
"Z:/CreationLayer/ZombieRepo/Saved/Cooked/Windows/ZombieProj/Metadata/CookedSettings.txt" 9535
